membership,canonical_world_href,base_rendered_order,all_rendered_order,base_title,all_title,base_creator,all_creator,base_preview_image_present,all_preview_image_present,observed_base_href,observed_all_href
INTERSECTION,/worlds/01-01-2026-5gic,244,244,2026年1月1日,2026年1月1日,Valerie Milla,Valerie Milla,YES,YES,/zh-cn/worlds/01-01-2026-5gic,/zh-cn/worlds/01-01-2026-5gic
INTERSECTION,/worlds/1-33wf,434,434,1,1,1907711315,1907711315,YES,YES,/zh-cn/worlds/1-33wf,/zh-cn/worlds/1-33wf
INTERSECTION,/worlds/1-3qpb,888,888,1,1,Camila Gelabert,Camila Gelabert,YES,YES,/zh-cn/worlds/1-3qpb,/zh-cn/worlds/1-3qpb
INTERSECTION,/worlds/1-dr6l,354,354,1,1,3128603588,3128603588,YES,YES,/zh-cn/worlds/1-dr6l,/zh-cn/worlds/1-dr6l
INTERSECTION,/worlds/1-nwe4,262,262,#1,#1,Maria Romano,Maria Romano,YES,YES,/zh-cn/worlds/1-nwe4,/zh-cn/worlds/1-nwe4
INTERSECTION,/worlds/1946-and-cold-war-21cb31,55,55,1946与冷战,1946与冷战,Kate Lee,Kate Lee,YES,YES,/zh-cn/worlds/1946-and-cold-war-21cb31,/zh-cn/worlds/1946-and-cold-war-21cb31
INTERSECTION,/worlds/1985-su-lian-wei-ji-mo-ni-vcuw,17,17,1985：苏维埃危机,1985：苏维埃危机,PinkyLatin,PinkyLatin,YES,YES,/zh-cn/worlds/1985-su-lian-wei-ji-mo-ni-vcuw,/zh-cn/worlds/1985-su-lian-wei-ji-mo-ni-vcuw
INTERSECTION,/worlds/2026-mn2e,872,872,2026,2026,Jaze,Jaze,YES,YES,/zh-cn/worlds/2026-mn2e,/zh-cn/worlds/2026-mn2e
ONLY_ALL,/worlds/2030-po-sui-zhi-xu-2fb77c,,1098,,2030：第三次世界大战,,Kate Lee,,YES,,/zh-cn/worlds/2030-po-sui-zhi-xu-2fb77c
INTERSECTION,/worlds/67-fbz3,774,774,67,67,Samantha Hazel Campos ceja,Samantha Hazel Campos ceja,YES,YES,/zh-cn/worlds/67-fbz3,/zh-cn/worlds/67-fbz3
INTERSECTION,/worlds/a-c4te,315,315,A,A,。 a,。 a,YES,YES,/zh-cn/worlds/a-c4te,/zh-cn/worlds/a-c4te
INTERSECTION,/worlds/a-detective-s-heart-1wxi,410,410,A Detective's Heart,A Detective's Heart,Reddd La,Reddd La,YES,YES,/zh-cn/worlds/a-detective-s-heart-1wxi,/zh-cn/worlds/a-detective-s-heart-1wxi
INTERSECTION,/worlds/a-detective-s-heart-a7mf,24,24,侦探之心,侦探之心,Patxina,Patxina,YES,YES,/zh-cn/worlds/a-detective-s-heart-a7mf,/zh-cn/worlds/a-detective-s-heart-a7mf
INTERSECTION,/worlds/a-game-of-thrones-asoiaf-qko5,767,767,权力的游戏 (冰与火之歌),权力的游戏 (冰与火之歌),Lexy-9dd009,Lexy-9dd009,YES,YES,/zh-cn/worlds/a-game-of-thrones-asoiaf-qko5,/zh-cn/worlds/a-game-of-thrones-asoiaf-qko5
INTERSECTION,/worlds/a-game-of-thrones-dance-of-the-dragons-15fa,988,988,权力的游戏：血龙狂舞,权力的游戏：血龙狂舞,FirePanda,FirePanda,YES,YES,/zh-cn/worlds/a-game-of-thrones-dance-of-the-dragons-15fa,/zh-cn/worlds/a-game-of-thrones-dance-of-the-dragons-15fa
INTERSECTION,/worlds/a-game-of-thrones-dance-of-the-dragons-8sur,557,557,权力的游戏：血龙狂舞,权力的游戏：血龙狂舞,fatmanenorme,fatmanenorme,YES,YES,/zh-cn/worlds/a-game-of-thrones-dance-of-the-dragons-8sur,/zh-cn/worlds/a-game-of-thrones-dance-of-the-dragons-8sur
INTERSECTION,/worlds/a-game-of-thrones-dance-of-the-dragons-bqve,28,28,权力的游戏：血龙狂舞,权力的游戏：血龙狂舞,Naiara Diaz,Naiara Diaz,YES,YES,/zh-cn/worlds/a-game-of-thrones-dance-of-the-dragons-bqve,/zh-cn/worlds/a-game-of-thrones-dance-of-the-dragons-bqve
INTERSECTION,/worlds/a-game-of-thrones-dance-of-the-dragons-vt31,812,812,权力的游戏：血龙狂舞,权力的游戏：血龙狂舞,Daella,Daella,YES,YES,/zh-cn/worlds/a-game-of-thrones-dance-of-the-dragons-vt31,/zh-cn/worlds/a-game-of-thrones-dance-of-the-dragons-vt31
INTERSECTION,/worlds/a-game-of-thrones-dance-of-the-dragons-ysdz,205,205,权力的游戏：血龙狂舞,权力的游戏：血龙狂舞,Lysara,Lysara,YES,YES,/zh-cn/worlds/a-game-of-thrones-dance-of-the-dragons-ysdz,/zh-cn/worlds/a-game-of-thrones-dance-of-the-dragons-ysdz
INTERSECTION,/worlds/a-game-of-thrones-the-westerosi-life-1961d4fa4dbd,554,554,A Game of Thrones: The Westerosi Life,A Game of Thrones: The Westerosi Life,alexandramec00l,alexandramec00l,YES,YES,/zh-cn/worlds/a-game-of-thrones-the-westerosi-life-1961d4fa4dbd,/zh-cn/worlds/a-game-of-thrones-the-westerosi-life-1961d4fa4dbd
INTERSECTION,/worlds/abnormal-heat-lovf,214,214,Abnormal heat,Abnormal heat,Jundex,Jundex,YES,YES,/zh-cn/worlds/abnormal-heat-lovf,/zh-cn/worlds/abnormal-heat-lovf
INTERSECTION,/worlds/academia-elysium-871b33de8d4d,558,558,Academia Elysium,Academia Elysium,Hedatte,Hedatte,YES,YES,/zh-cn/worlds/academia-elysium-871b33de8d4d,/zh-cn/worlds/academia-elysium-871b33de8d4d
INTERSECTION,/worlds/academia-vesper-6zji,236,236,Academia Vesper,Academia Vesper,martinitaliz9,martinitaliz9,YES,YES,/zh-cn/worlds/academia-vesper-6zji,/zh-cn/worlds/academia-vesper-6zji
INTERSECTION,/worlds/actual-life-nyj1,235,235,真实人生,真实人生,w.s,w.s,YES,YES,/zh-cn/worlds/actual-life-nyj1,/zh-cn/worlds/actual-life-nyj1
INTERSECTION,/worlds/akotsk-and-i-don-t-know-2xqh,428,428,Akotsk and I don't know,Akotsk and I don't know,Noah Tierhs,Noah Tierhs,YES,YES,/zh-cn/worlds/akotsk-and-i-don-t-know-2xqh,/zh-cn/worlds/akotsk-and-i-don-t-know-2xqh
INTERSECTION,/worlds/alianza-obligatoria-simulador-detective-kr12,187,187,Alianza Obligatoria (Simulador Detective),Alianza Obligatoria (Simulador Detective),Nushy,Nushy,YES,YES,/zh-cn/worlds/alianza-obligatoria-simulador-detective-kr12,/zh-cn/worlds/alianza-obligatoria-simulador-detective-kr12
INTERSECTION,/worlds/alice-in-wonderland-the-forgotten-girl-kaep,85,85,爱丽丝梦游仙境：被遗忘的女孩,爱丽丝梦游仙境：被遗忘的女孩,Patxina,Patxina,YES,YES,/zh-cn/worlds/alice-in-wonderland-the-forgotten-girl-kaep,/zh-cn/worlds/alice-in-wonderland-the-forgotten-girl-kaep
INTERSECTION,/worlds/american-civil-war,34,34,南北战争模拟器,南北战争模拟器,World101,World101,YES,YES,/zh-cn/worlds/american-civil-war,/zh-cn/worlds/american-civil-war
INTERSECTION,/worlds/american-civil-war-y3r5,529,529,American Civil War Simulator Copy,American Civil War Simulator Copy,m05203798,m05203798,YES,YES,/zh-cn/worlds/american-civil-war-y3r5,/zh-cn/worlds/american-civil-war-y3r5
ONLY_ALL,/worlds/american-high-school-gt7o,,1094,,美国高中,,HolyShit,,YES,,/zh-cn/worlds/american-high-school-gt7o
INTERSECTION,/worlds/amor-en-tiempos-de-guerra-sabrina-y-jung-f984,285,285,Amor en Tiempos de Guerra: Sabrina y Jungkook,Amor en Tiempos de Guerra: Sabrina y Jungkook,Sabrina Frometa Montero,Sabrina Frometa Montero,YES,YES,/zh-cn/worlds/amor-en-tiempos-de-guerra-sabrina-y-jung-f984,/zh-cn/worlds/amor-en-tiempos-de-guerra-sabrina-y-jung-f984
INTERSECTION,/worlds/arcadia-moderna-ult1,778,778,现代阿卡迪亚,现代阿卡迪亚,Yume,Yume,YES,YES,/zh-cn/worlds/arcadia-moderna-ult1,/zh-cn/worlds/arcadia-moderna-ult1
ONLY_ALL,/worlds/assasin-s-creed-odyssey-mjdt,,1110,,Assasin's Creed Odyssey,,Angel Genovés,,YES,,/zh-cn/worlds/assasin-s-creed-odyssey-mjdt
INTERSECTION,/worlds/assasins-creed-black-flag-nvyf,94,94,刺客信条：黑旗,刺客信条：黑旗,duransofi199,duransofi199,YES,YES,/zh-cn/worlds/assasins-creed-black-flag-nvyf,/zh-cn/worlds/assasins-creed-black-flag-nvyf
INTERSECTION,/worlds/assassin-s-creed-odyssey-1f0j,147,147,刺客信条：奥德赛,刺客信条：奥德赛,Secret_night,Secret_night,YES,YES,/zh-cn/worlds/assassin-s-creed-odyssey-1f0j,/zh-cn/worlds/assassin-s-creed-odyssey-1f0j
ONLY_ALL,/worlds/athens-school-simulator-wu1s,,1099,,雅典娜学院模拟器,,Mepacho,,YES,,/zh-cn/worlds/athens-school-simulator-wu1s
INTERSECTION,/worlds/avatar-fronteras-de-pandora-simulator-bdd489b0e6aa,70,70,阿凡达：潘多拉边境模拟器,阿凡达：潘多拉边境模拟器,P_pax,P_pax,YES,YES,/zh-cn/worlds/avatar-fronteras-de-pandora-simulator-bdd489b0e6aa,/zh-cn/worlds/avatar-fronteras-de-pandora-simulator-bdd489b0e6aa
INTERSECTION,/worlds/avatar-l41x,1052,1052,Avatar,Avatar,Levwww,Levwww,YES,YES,/zh-cn/worlds/avatar-l41x,/zh-cn/worlds/avatar-l41x
INTERSECTION,/worlds/avatar-la-leyenda-de-aang-06xe,455,455,Avatar: La leyenda de Aang,Avatar: La leyenda de Aang,Franco Roveros,Franco Roveros,YES,YES,/zh-cn/worlds/avatar-la-leyenda-de-aang-06xe,/zh-cn/worlds/avatar-la-leyenda-de-aang-06xe
INTERSECTION,/worlds/avatar-la-leyenda-de-aang-0eet,30,30,降世神通：最后的气宗,降世神通：最后的气宗,vicarrero0207,vicarrero0207,YES,YES,/zh-cn/worlds/avatar-la-leyenda-de-aang-0eet,/zh-cn/worlds/avatar-la-leyenda-de-aang-0eet
INTERSECTION,/worlds/avatar-la-leyenda-de-aang-udee,338,338,降世神通：最后的气宗,降世神通：最后的气宗,Https//Seras,Https//Seras,YES,YES,/zh-cn/worlds/avatar-la-leyenda-de-aang-udee,/zh-cn/worlds/avatar-la-leyenda-de-aang-udee
INTERSECTION,/worlds/bao-ke-meng-jswr,461,461,宝可梦 🔴,宝可梦 🔴,1336465784,1336465784,YES,YES,/zh-cn/worlds/bao-ke-meng-jswr,/zh-cn/worlds/bao-ke-meng-jswr
INTERSECTION,/worlds/bao-ke-meng-kai-ju-a-er-zhou-si-xiu-gai--t9mb,691,691,宝可梦：开局阿尔宙斯，修改万物资质,宝可梦：开局阿尔宙斯，修改万物资质,2017805301,2017805301,YES,YES,/zh-cn/worlds/bao-ke-meng-kai-ju-a-er-zhou-si-xiu-gai--t9mb,/zh-cn/worlds/bao-ke-meng-kai-ju-a-er-zhou-si-xiu-gai--t9mb
INTERSECTION,/worlds/bao-ke-meng-kai-ju-a-er-zhou-si-xiu-gai-5f9a6d43fd16,176,176,宝可梦：开局阿尔宙斯，修改万物资质,宝可梦：开局阿尔宙斯，修改万物资质,1810140760,1810140760,YES,YES,/zh-cn/worlds/bao-ke-meng-kai-ju-a-er-zhou-si-xiu-gai-5f9a6d43fd16,/zh-cn/worlds/bao-ke-meng-kai-ju-a-er-zhou-si-xiu-gai-5f9a6d43fd16
INTERSECTION,/worlds/bao-zhi-sf69,1058,1058,报纸,报纸,gg gg,gg gg,YES,YES,/zh-cn/worlds/bao-zhi-sf69,/zh-cn/worlds/bao-zhi-sf69
INTERSECTION,/worlds/batfamily-adventures-1j9v,31,31,蝙蝠家族大冒险,蝙蝠家族大冒险,YeviTheCat,YeviTheCat,YES,YES,/zh-cn/worlds/batfamily-adventures-1j9v,/zh-cn/worlds/batfamily-adventures-1j9v
INTERSECTION,/worlds/batfamily-adventures-8kuy,502,502,蝙蝠家族大冒险,蝙蝠家族大冒险,Sofia Molina-8cf791,Sofia Molina-8cf791,YES,YES,/zh-cn/worlds/batfamily-adventures-8kuy,/zh-cn/worlds/batfamily-adventures-8kuy
INTERSECTION,/worlds/batfamily-adventures-i50j,296,296,蝙蝠家族大冒险,蝙蝠家族大冒险,Gyokko,Gyokko,YES,YES,/zh-cn/worlds/batfamily-adventures-i50j,/zh-cn/worlds/batfamily-adventures-i50j
INTERSECTION,/worlds/batfamily-adventures-vean,228,228,蝙蝠家族大冒险,蝙蝠家族大冒险,Hust,Hust,YES,YES,/zh-cn/worlds/batfamily-adventures-vean,/zh-cn/worlds/batfamily-adventures-vean
INTERSECTION,/worlds/batfamily-adventures-y2th,870,870,蝙蝠家族大冒险,蝙蝠家族大冒险,Licy Lopez,Licy Lopez,YES,YES,/zh-cn/worlds/batfamily-adventures-y2th,/zh-cn/worlds/batfamily-adventures-y2th
INTERSECTION,/worlds/belleza-verdadera-xcx5,852,852,真诚之美,真诚之美,Sevendepan De perro,Sevendepan De perro,YES,YES,/zh-cn/worlds/belleza-verdadera-xcx5,/zh-cn/worlds/belleza-verdadera-xcx5
INTERSECTION,/worlds/berk-httyd-3tdg,93,93,伯克岛 驯龙高手,伯克岛 驯龙高手,Sam Samy,Sam Samy,YES,YES,/zh-cn/worlds/berk-httyd-3tdg,/zh-cn/worlds/berk-httyd-3tdg
ONLY_ALL,/worlds/bing-yu-huo-zhi-ge-chang-dong-ji-yuan-ne-2a0594,,1101,,冰与火之歌：长冬纪元（DND）,,KKKKKASD,,YES,,/zh-cn/worlds/bing-yu-huo-zhi-ge-chang-dong-ji-yuan-ne-2a0594
ONLY_ALL,/worlds/bing-yu-huo-zhi-ge-chang-dong-ji-yuan-ne-g31i,,1142,,冰与火之歌：长冬纪元,,ztlllll,,YES,,/zh-cn/worlds/bing-yu-huo-zhi-ge-chang-dong-ji-yuan-ne-g31i
INTERSECTION,/worlds/black-clover-el-camino-al-rey-mago-0e99ea38f499,227,227,黑色五叶草：通往魔法帝之路,黑色五叶草：通往魔法帝之路,Black Octopi 🐙,Black Octopi 🐙,YES,YES,/zh-cn/worlds/black-clover-el-camino-al-rey-mago-0e99ea38f499,/zh-cn/worlds/black-clover-el-camino-al-rey-mago-0e99ea38f499
INTERSECTION,/worlds/bnh-1-atah,880,880,BNH-1,BNH-1,Itzel lagos,Itzel lagos,YES,YES,/zh-cn/worlds/bnh-1-atah,/zh-cn/worlds/bnh-1-atah
ONLY_ALL,/worlds/boruto-next-generations-38ef,,1178,,博人传：新时代,,Chismiexe,,YES,,/zh-cn/worlds/boruto-next-generations-38ef
ONLY_ALL,/worlds/boruto-next-generations-b2i1,,1143,,博人传：新时代,,Chismiexe,,YES,,/zh-cn/worlds/boruto-next-generations-b2i1
ONLY_ALL,/worlds/boruto-next-generations-bisa,,1139,,博人传：新时代,,Jincox03,,YES,,/zh-cn/worlds/boruto-next-generations-bisa
ONLY_ALL,/worlds/boruto-next-generations-efvz,,1113,,博人传：新时代,,Daniel-ff0688,,YES,,/zh-cn/worlds/boruto-next-generations-efvz
ONLY_ALL,/worlds/boruto-next-generations-epk1,,1112,,博人传：新时代,,Jincox03,,YES,,/zh-cn/worlds/boruto-next-generations-epk1
ONLY_ALL,/worlds/boruto-next-generations-khx7,,1170,,博人传：新时代,,Themaris,,YES,,/zh-cn/worlds/boruto-next-generations-khx7
ONLY_ALL,/worlds/boruto-next-generations-krvw,,1106,,博人传：新时代,,Luu,,YES,,/zh-cn/worlds/boruto-next-generations-krvw
ONLY_ALL,/worlds/boruto-next-generations-myxe,,1171,,博人传：新时代,,Themaris,,YES,,/zh-cn/worlds/boruto-next-generations-myxe
ONLY_ALL,/worlds/boruto-next-generations-nomx,,1114,,博人传：新时代,,Themaris,,YES,,/zh-cn/worlds/boruto-next-generations-nomx
ONLY_ALL,/worlds/boruto-next-generations-nwg8,,1088,,博人传：新时代,,Themaris,,YES,,/zh-cn/worlds/boruto-next-generations-nwg8
ONLY_ALL,/worlds/boruto-next-generations-o2lc,,1138,,博人传：新时代,,Jincox03,,YES,,/zh-cn/worlds/boruto-next-generations-o2lc
ONLY_ALL,/worlds/boruto-next-generations-vc40,,1174,,博人传：新时代,,Chismiexe,,YES,,/zh-cn/worlds/boruto-next-generations-vc40
ONLY_ALL,/worlds/boruto-next-generations-wg2o,,1181,,博人传：新时代,,Chismiexe,,YES,,/zh-cn/worlds/boruto-next-generations-wg2o
ONLY_ALL,/worlds/boruto-next-generations-x4qz,,1180,,博人传：新时代,,Chismiexe,,YES,,/zh-cn/worlds/boruto-next-generations-x4qz
INTERSECTION,/worlds/bts-2fxx,835,835,BTS,BTS,Verónica Tutillo,Verónica Tutillo,YES,YES,/zh-cn/worlds/bts-2fxx,/zh-cn/worlds/bts-2fxx
INTERSECTION,/worlds/bts-2jpg,788,788,BTS,BTS,Anto-f7ab3b,Anto-f7ab3b,YES,YES,/zh-cn/worlds/bts-2jpg,/zh-cn/worlds/bts-2jpg
INTERSECTION,/worlds/bts-4hht,141,141,BTS,BTS,Haein,Haein,YES,YES,/zh-cn/worlds/bts-4hht,/zh-cn/worlds/bts-4hht
INTERSECTION,/worlds/bullworth-academy-simulator-vlb6,59,59,布尔沃斯学院,布尔沃斯学院,Eskabiado,Eskabiado,YES,YES,/zh-cn/worlds/bullworth-academy-simulator-vlb6,/zh-cn/worlds/bullworth-academy-simulator-vlb6
INTERSECTION,/worlds/camelot-n2wl,200,200,卡美洛,卡美洛,Eunaoentendomano,Eunaoentendomano,YES,YES,/zh-cn/worlds/camelot-n2wl,/zh-cn/worlds/camelot-n2wl
INTERSECTION,/worlds/cazador-de-demonios-destino-final-3cdf30fc5749,392,392,Cazador de Demonios: Destino Final,Cazador de Demonios: Destino Final,Sunshine Adw,Sunshine Adw,YES,YES,/zh-cn/worlds/cazador-de-demonios-destino-final-3cdf30fc5749,/zh-cn/worlds/cazador-de-demonios-destino-final-3cdf30fc5749
INTERSECTION,/worlds/cazador-de-demonios-el-destino-final-0054,209,209,Cazador de Demonios: El Destino Final,Cazador de Demonios: El Destino Final,Francis Lucia Diaz Palma,Francis Lucia Diaz Palma,YES,YES,/zh-cn/worlds/cazador-de-demonios-el-destino-final-0054,/zh-cn/worlds/cazador-de-demonios-el-destino-final-0054
INTERSECTION,/worlds/cazador-de-demonios-el-destino-final-t59f,979,979,Cazador de Demonios: El Destino Final,Cazador de Demonios: El Destino Final,Francis Lucia Diaz Palma,Francis Lucia Diaz Palma,YES,YES,/zh-cn/worlds/cazador-de-demonios-el-destino-final-t59f,/zh-cn/worlds/cazador-de-demonios-el-destino-final-t59f
INTERSECTION,/worlds/ccp-rfiv,1069,1069,CCP,CCP,。 a,。 a,YES,YES,/zh-cn/worlds/ccp-rfiv,/zh-cn/worlds/ccp-rfiv
INTERSECTION,/worlds/ce-shi-2-luwq,96,96,测试2,测试2,World101,World101,YES,YES,/zh-cn/worlds/ce-shi-2-luwq,/zh-cn/worlds/ce-shi-2-luwq
INTERSECTION,/worlds/ce-shi-2-soub,762,762,测试2,测试2,Fisiajgdjqosiwiand,Fisiajgdjqosiwiand,YES,YES,/zh-cn/worlds/ce-shi-2-soub,/zh-cn/worlds/ce-shi-2-soub
INTERSECTION,/worlds/ce-shi-2-x51y,1064,1064,测试2,测试2,Drey,Drey,YES,YES,/zh-cn/worlds/ce-shi-2-x51y,/zh-cn/worlds/ce-shi-2-x51y
INTERSECTION,/worlds/chibi-uwmd,813,813,赤壁,赤壁,Yamileth Santos valdez,Yamileth Santos valdez,YES,YES,/zh-cn/worlds/chibi-uwmd,/zh-cn/worlds/chibi-uwmd
INTERSECTION,/worlds/chong-sheng-zhi-wo-bian-cheng-nan-you-ji-j1nj,56,56,恋与深空：蟑螂大作战,恋与深空：蟑螂大作战,Sakura,Sakura,YES,YES,/zh-cn/worlds/chong-sheng-zhi-wo-bian-cheng-nan-you-ji-j1nj,/zh-cn/worlds/chong-sheng-zhi-wo-bian-cheng-nan-you-ji-j1nj
INTERSECTION,/worlds/chongzhen,15,15,历史模拟器：崇祯,历史模拟器：崇祯,World101,World101,YES,YES,/zh-cn/worlds/chongzhen,/zh-cn/worlds/chongzhen
INTERSECTION,/worlds/chongzhen-2k7u,1002,1002,历史模拟器：崇祯,历史模拟器：崇祯,626057893,626057893,YES,YES,/zh-cn/worlds/chongzhen-2k7u,/zh-cn/worlds/chongzhen-2k7u
INTERSECTION,/worlds/chongzhen-eldg,128,128,历史模拟器：崇祯,历史模拟器：崇祯,wwwwwwen,wwwwwwen,YES,YES,/zh-cn/worlds/chongzhen-eldg,/zh-cn/worlds/chongzhen-eldg
INTERSECTION,/worlds/chongzhen-ndz6,513,513,历史模拟器：崇祯,历史模拟器：崇祯,刘常鹏,刘常鹏,YES,YES,/zh-cn/worlds/chongzhen-ndz6,/zh-cn/worlds/chongzhen-ndz6
INTERSECTION,/worlds/chongzhen-s1t7,695,695,历史模拟器：崇祯,历史模拟器：崇祯,1745482913,1745482913,YES,YES,/zh-cn/worlds/chongzhen-s1t7,/zh-cn/worlds/chongzhen-s1t7
INTERSECTION,/worlds/chongzhen-sbto,543,543,历史模拟器：崇祯,历史模拟器：崇祯,interface75,interface75,YES,YES,/zh-cn/worlds/chongzhen-sbto,/zh-cn/worlds/chongzhen-sbto
INTERSECTION,/worlds/chongzhen-tiox,507,507,历史模拟器：崇祯,历史模拟器：崇祯,刘常鹏,刘常鹏,YES,YES,/zh-cn/worlds/chongzhen-tiox,/zh-cn/worlds/chongzhen-tiox
INTERSECTION,/worlds/civilization-simulator,39,39,文明模拟器,文明模拟器,World101,World101,NO,NO,/zh-cn/worlds/civilization-simulator,/zh-cn/worlds/civilization-simulator
INTERSECTION,/worlds/colapso-orbital-mundo-2135-6wwn,986,986,Colapso Orbital: Mundo 2135,Colapso Orbital: Mundo 2135,Luciano Perez,Luciano Perez,YES,YES,/zh-cn/worlds/colapso-orbital-mundo-2135-6wwn,/zh-cn/worlds/colapso-orbital-mundo-2135-6wwn
INTERSECTION,/worlds/cold-war-1947,12,12,冷战模拟器,冷战模拟器,World101,World101,YES,YES,/zh-cn/worlds/cold-war-1947,/zh-cn/worlds/cold-war-1947
INTERSECTION,/worlds/cold-war-80oj,777,777,冷战模拟器,冷战模拟器,La Sorda Shizune,La Sorda Shizune,YES,YES,/zh-cn/worlds/cold-war-80oj,/zh-cn/worlds/cold-war-80oj
INTERSECTION,/worlds/cold-war-8712,626,626,冷战模拟器,冷战模拟器,yjy1028my,yjy1028my,YES,YES,/zh-cn/worlds/cold-war-8712,/zh-cn/worlds/cold-war-8712
INTERSECTION,/worlds/cold-war-e2xr,844,844,冷战模拟器,冷战模拟器,Escartor López,Escartor López,YES,YES,/zh-cn/worlds/cold-war-e2xr,/zh-cn/worlds/cold-war-e2xr
INTERSECTION,/worlds/convence-a-la-idol-loca-de-que-te-deje-s-t0bo,314,314,Convence a la idol loca de que te deje salir,Convence a la idol loca de que te deje salir,Luciana Rozo,Luciana Rozo,YES,YES,/zh-cn/worlds/convence-a-la-idol-loca-de-que-te-deje-s-t0bo,/zh-cn/worlds/convence-a-la-idol-loca-de-que-te-deje-s-t0bo
INTERSECTION,/worlds/convince-the-crazy-idol-to-let-you-out-kgi0,113,113,说服疯狂偶像放你走,说服疯狂偶像放你走,Adrien2,Adrien2,YES,YES,/zh-cn/worlds/convince-the-crazy-idol-to-let-you-out-kgi0,/zh-cn/worlds/convince-the-crazy-idol-to-let-you-out-kgi0
INTERSECTION,/worlds/convince-the-crazy-idol-to-let-you-out-whqr,43,43,说服疯狂偶像放你走,说服疯狂偶像放你走,ShellRhyme89163,ShellRhyme89163,YES,YES,/zh-cn/worlds/convince-the-crazy-idol-to-let-you-out-whqr,/zh-cn/worlds/convince-the-crazy-idol-to-let-you-out-whqr
INTERSECTION,/worlds/coraz-n-de-melon-istituto-sweet-amoris-441y,97,97,恋与学院：Sweet Amoris高中,恋与学院：Sweet Amoris高中,Penelope,Penelope,YES,YES,/zh-cn/worlds/coraz-n-de-melon-istituto-sweet-amoris-441y,/zh-cn/worlds/coraz-n-de-melon-istituto-sweet-amoris-441y
INTERSECTION,/worlds/coraz-n-de-melon-istituto-sweet-amoris-rlzx,962,962,甜心恋爱,甜心恋爱,sato e,sato e,YES,YES,/zh-cn/worlds/coraz-n-de-melon-istituto-sweet-amoris-rlzx,/zh-cn/worlds/coraz-n-de-melon-istituto-sweet-amoris-rlzx
ONLY_ALL,/worlds/crimson-4m2s,,1169,,维多利亚吸血鬼模拟器,,Iara Cabrera,,YES,,/zh-cn/worlds/crimson-4m2s
ONLY_ALL,/worlds/crimson-london,,1087,,维多利亚吸血鬼模拟器,,World101,,YES,,/zh-cn/worlds/crimson-london
ONLY_ALL,/worlds/crimson-of9t,,1119,,维多利亚吸血鬼模拟器 副本,,shiratori90414,,YES,,/zh-cn/worlds/crimson-of9t
ONLY_ALL,/worlds/crimson-op82,,1115,,维多利亚吸血鬼模拟器,,flor,,YES,,/zh-cn/worlds/crimson-op82
INTERSECTION,/worlds/crusader-2f56,976,976,十字军之王：法兰西,十字军之王：法兰西,黄逸卓,黄逸卓,YES,YES,/zh-cn/worlds/crusader-2f56,/zh-cn/worlds/crusader-2f56
INTERSECTION,/worlds/crusader-3uqq,975,975,十字军之王：法兰西,十字军之王：法兰西,黄逸卓,黄逸卓,YES,YES,/zh-cn/worlds/crusader-3uqq,/zh-cn/worlds/crusader-3uqq
INTERSECTION,/worlds/crusader-ak43,977,977,十字军之王：法兰西,十字军之王：法兰西,黄逸卓,黄逸卓,YES,YES,/zh-cn/worlds/crusader-ak43,/zh-cn/worlds/crusader-ak43
INTERSECTION,/worlds/crusader-kings,27,27,十字军之王：法兰西,十字军之王：法兰西,World101,World101,YES,YES,/zh-cn/worlds/crusader-kings,/zh-cn/worlds/crusader-kings
INTERSECTION,/worlds/crusader-kings-3,13,13,十字军之王3,十字军之王3,World101,World101,YES,YES,/zh-cn/worlds/crusader-kings-3,/zh-cn/worlds/crusader-kings-3
INTERSECTION,/worlds/crusader-kings-3-1bkp,1074,1074,十字军之王3 副本,十字军之王3 副本,3625762226,3625762226,YES,YES,/zh-cn/worlds/crusader-kings-3-1bkp,/zh-cn/worlds/crusader-kings-3-1bkp
INTERSECTION,/worlds/crusader-kings-3-1rt0,713,713,十字军之王3,十字军之王3,3147758146,3147758146,YES,YES,/zh-cn/worlds/crusader-kings-3-1rt0,/zh-cn/worlds/crusader-kings-3-1rt0
INTERSECTION,/worlds/crusader-kings-3-2xf0,297,297,十字军之王 III：GPT 5.6 优化版,十字军之王 III：GPT 5.6 优化版,Amil E,Amil E,YES,YES,/zh-cn/worlds/crusader-kings-3-2xf0,/zh-cn/worlds/crusader-kings-3-2xf0
INTERSECTION,/worlds/crusader-kings-3-347y,494,494,Crusader Kings 3_gpt 5.6 优化,Crusader Kings 3_gpt 5.6 优化,13126237955,13126237955,YES,YES,/zh-cn/worlds/crusader-kings-3-347y,/zh-cn/worlds/crusader-kings-3-347y
INTERSECTION,/worlds/crusader-kings-3-97zk,495,495,Crusader Kings 3_gpt 5.6 优化,Crusader Kings 3_gpt 5.6 优化,13126237955,13126237955,YES,YES,/zh-cn/worlds/crusader-kings-3-97zk,/zh-cn/worlds/crusader-kings-3-97zk
INTERSECTION,/worlds/crusader-kings-3-b92c,124,124,十字军之王3,十字军之王3,3625762226,3625762226,YES,YES,/zh-cn/worlds/crusader-kings-3-b92c,/zh-cn/worlds/crusader-kings-3-b92c
INTERSECTION,/worlds/crusader-kings-3-eh8b,553,553,十字军之王3,十字军之王3,Ayashi,Ayashi,YES,YES,/zh-cn/worlds/crusader-kings-3-eh8b,/zh-cn/worlds/crusader-kings-3-eh8b
INTERSECTION,/worlds/crusader-kings-3-iqga,706,706,十字军之王3,十字军之王3,3147758146,3147758146,YES,YES,/zh-cn/worlds/crusader-kings-3-iqga,/zh-cn/worlds/crusader-kings-3-iqga
INTERSECTION,/worlds/crusader-kings-3-iwwz,570,570,十字军之王3,十字军之王3,753373767,753373767,YES,YES,/zh-cn/worlds/crusader-kings-3-iwwz,/zh-cn/worlds/crusader-kings-3-iwwz
INTERSECTION,/worlds/crusader-kings-3-leas,492,492,十字军之王3,十字军之王3,pv4399,pv4399,YES,YES,/zh-cn/worlds/crusader-kings-3-leas,/zh-cn/worlds/crusader-kings-3-leas
INTERSECTION,/worlds/crusader-kings-3-m8oc,477,477,十字军之王3,十字军之王3,小橘猫,小橘猫,YES,YES,/zh-cn/worlds/crusader-kings-3-m8oc,/zh-cn/worlds/crusader-kings-3-m8oc
INTERSECTION,/worlds/crusader-kings-3-mv0k,1035,1035,十字军之王3,十字军之王3,1289786877,1289786877,YES,YES,/zh-cn/worlds/crusader-kings-3-mv0k,/zh-cn/worlds/crusader-kings-3-mv0k
INTERSECTION,/worlds/crusader-kings-3-oo8b,571,571,十字军之王3,十字军之王3,753373767,753373767,YES,YES,/zh-cn/worlds/crusader-kings-3-oo8b,/zh-cn/worlds/crusader-kings-3-oo8b
INTERSECTION,/worlds/crusader-kings-3-s9k2,1073,1073,十字军之王3 副本,十字军之王3 副本,3625762226,3625762226,YES,YES,/zh-cn/worlds/crusader-kings-3-s9k2,/zh-cn/worlds/crusader-kings-3-s9k2
INTERSECTION,/worlds/crusader-kings-3-sj9t,42,42,Crusader Kings 3_gpt 5.6 优化,Crusader Kings 3_gpt 5.6 优化,wwwwwwen,wwwwwwen,YES,YES,/zh-cn/worlds/crusader-kings-3-sj9t,/zh-cn/worlds/crusader-kings-3-sj9t
INTERSECTION,/worlds/crusader-kings-3-vey3,203,203,十字军之王3,十字军之王3,3625762226,3625762226,YES,YES,/zh-cn/worlds/crusader-kings-3-vey3,/zh-cn/worlds/crusader-kings-3-vey3
INTERSECTION,/worlds/crusader-rxzi,974,974,十字军之王：法兰西,十字军之王：法兰西,黄逸卓,黄逸卓,YES,YES,/zh-cn/worlds/crusader-rxzi,/zh-cn/worlds/crusader-rxzi
INTERSECTION,/worlds/cumbres-borrascosas-9isk,177,177,Cumbres Borrascosas,Cumbres Borrascosas,marcoantoniohernandezestrada0,marcoantoniohernandezestrada0,YES,YES,/zh-cn/worlds/cumbres-borrascosas-9isk,/zh-cn/worlds/cumbres-borrascosas-9isk
INTERSECTION,/worlds/cumbres-borrascosas-9zyy,88,88,Cumbres Borrascosas,Cumbres Borrascosas,marcoantoniohernandezestrada0,marcoantoniohernandezestrada0,YES,YES,/zh-cn/worlds/cumbres-borrascosas-9zyy,/zh-cn/worlds/cumbres-borrascosas-9zyy
INTERSECTION,/worlds/da-ming-han-men-ju-ren-z0pq,72,72,大明 寒门举人,大明 寒门举人,oho!,oho!,YES,YES,/zh-cn/worlds/da-ming-han-men-ju-ren-z0pq,/zh-cn/worlds/da-ming-han-men-ju-ren-z0pq
INTERSECTION,/worlds/dance-of-the-dragons-simulator-qeeg,294,294,龙之舞模拟器,龙之舞模拟器,Harold,Harold,YES,YES,/zh-cn/worlds/dance-of-the-dragons-simulator-qeeg,/zh-cn/worlds/dance-of-the-dragons-simulator-qeeg
INTERSECTION,/worlds/dc-dark-multiverse-pxpu,114,114,DC: Dark Multiverse,DC: Dark Multiverse,Guss,Guss,YES,YES,/zh-cn/worlds/dc-dark-multiverse-pxpu,/zh-cn/worlds/dc-dark-multiverse-pxpu
INTERSECTION,/worlds/dc-universe-2m2e,481,481,DC宇宙,DC宇宙,Ronald Harbigui,Ronald Harbigui,YES,YES,/zh-cn/worlds/dc-universe-2m2e,/zh-cn/worlds/dc-universe-2m2e
INTERSECTION,/worlds/dc-universe-36qw,509,509,DC宇宙,DC宇宙,Missy Malfoy,Missy Malfoy,YES,YES,/zh-cn/worlds/dc-universe-36qw,/zh-cn/worlds/dc-universe-36qw
INTERSECTION,/worlds/dc-universe-40qc,547,547,DC宇宙,DC宇宙,Luz-313cd3,Luz-313cd3,YES,YES,/zh-cn/worlds/dc-universe-40qc,/zh-cn/worlds/dc-universe-40qc
INTERSECTION,/worlds/dc-universe-4mvh,518,518,DC宇宙,DC宇宙,Dlz,Dlz,YES,YES,/zh-cn/worlds/dc-universe-4mvh,/zh-cn/worlds/dc-universe-4mvh
INTERSECTION,/worlds/dc-universe-5f34,1085,1085,DC宇宙,DC宇宙,Alex Constantine,Alex Constantine,YES,YES,/zh-cn/worlds/dc-universe-5f34,/zh-cn/worlds/dc-universe-5f34
INTERSECTION,/worlds/dc-universe-5smz,564,564,DC宇宙,DC宇宙,lynn!,lynn!,YES,YES,/zh-cn/worlds/dc-universe-5smz,/zh-cn/worlds/dc-universe-5smz
INTERSECTION,/worlds/dc-universe-6bx1,1036,1036,DC宇宙,DC宇宙,Keshi445,Keshi445,YES,YES,/zh-cn/worlds/dc-universe-6bx1,/zh-cn/worlds/dc-universe-6bx1
INTERSECTION,/worlds/dc-universe-amrw,534,534,DC宇宙,DC宇宙,ozuna.,ozuna.,YES,YES,/zh-cn/worlds/dc-universe-amrw,/zh-cn/worlds/dc-universe-amrw
INTERSECTION,/worlds/dc-universe-bucb,1061,1061,DC宇宙,DC宇宙,Alex Constantine,Alex Constantine,YES,YES,/zh-cn/worlds/dc-universe-bucb,/zh-cn/worlds/dc-universe-bucb
INTERSECTION,/worlds/dc-universe-cfla,460,460,DC宇宙,DC宇宙,Bunyy,Bunyy,YES,YES,/zh-cn/worlds/dc-universe-cfla,/zh-cn/worlds/dc-universe-cfla
INTERSECTION,/worlds/dc-universe-drfm,340,340,DC宇宙,DC宇宙,ROMINA SCARLETT DE LEON MARTINEZ,ROMINA SCARLETT DE LEON MARTINEZ,YES,YES,/zh-cn/worlds/dc-universe-drfm,/zh-cn/worlds/dc-universe-drfm
INTERSECTION,/worlds/dc-universe-dsxq,503,503,DC宇宙,DC宇宙,Alex Constantine,Alex Constantine,YES,YES,/zh-cn/worlds/dc-universe-dsxq,/zh-cn/worlds/dc-universe-dsxq
INTERSECTION,/worlds/dc-universe-e5s5,500,500,DC宇宙,DC宇宙,Alex Constantine,Alex Constantine,YES,YES,/zh-cn/worlds/dc-universe-e5s5,/zh-cn/worlds/dc-universe-e5s5
INTERSECTION,/worlds/dc-universe-fbfu,501,501,DC宇宙,DC宇宙,Alex Constantine,Alex Constantine,YES,YES,/zh-cn/worlds/dc-universe-fbfu,/zh-cn/worlds/dc-universe-fbfu
INTERSECTION,/worlds/dc-universe-fml5,448,448,DC宇宙,DC宇宙,myreyna Dueñas Rodríguez,myreyna Dueñas Rodríguez,YES,YES,/zh-cn/worlds/dc-universe-fml5,/zh-cn/worlds/dc-universe-fml5
INTERSECTION,/worlds/dc-universe-jwq3,224,224,DC宇宙,DC宇宙,Ultron,Ultron,YES,YES,/zh-cn/worlds/dc-universe-jwq3,/zh-cn/worlds/dc-universe-jwq3
INTERSECTION,/worlds/dc-universe-k2mx,545,545,DC宇宙,DC宇宙,Azriel,Azriel,YES,YES,/zh-cn/worlds/dc-universe-k2mx,/zh-cn/worlds/dc-universe-k2mx
INTERSECTION,/worlds/dc-universe-kf9a,137,137,DC宇宙,DC宇宙,Yania marcela,Yania marcela,YES,YES,/zh-cn/worlds/dc-universe-kf9a,/zh-cn/worlds/dc-universe-kf9a
INTERSECTION,/worlds/dc-universe-kpls,490,490,DC宇宙,DC宇宙,Xonia Rainforest,Xonia Rainforest,YES,YES,/zh-cn/worlds/dc-universe-kpls,/zh-cn/worlds/dc-universe-kpls
INTERSECTION,/worlds/dc-universe-l30a,61,61,DC宇宙,DC宇宙,Bunyy,Bunyy,YES,YES,/zh-cn/worlds/dc-universe-l30a,/zh-cn/worlds/dc-universe-l30a
INTERSECTION,/worlds/dc-universe-mu44,535,535,DC宇宙,DC宇宙,ozuna.,ozuna.,YES,YES,/zh-cn/worlds/dc-universe-mu44,/zh-cn/worlds/dc-universe-mu44
INTERSECTION,/worlds/dc-universe-nzt7,466,466,DC宇宙,DC宇宙,Alex Constantine,Alex Constantine,YES,YES,/zh-cn/worlds/dc-universe-nzt7,/zh-cn/worlds/dc-universe-nzt7
INTERSECTION,/worlds/dc-universe-qfxr,265,265,DC宇宙,DC宇宙,Alex Constantine,Alex Constantine,YES,YES,/zh-cn/worlds/dc-universe-qfxr,/zh-cn/worlds/dc-universe-qfxr
INTERSECTION,/worlds/dc-universe-t616,278,278,DC宇宙,DC宇宙,Ronald Harbigui,Ronald Harbigui,YES,YES,/zh-cn/worlds/dc-universe-t616,/zh-cn/worlds/dc-universe-t616
INTERSECTION,/worlds/dc-universe-tizr,491,491,DC宇宙,DC宇宙,Alex Constantine,Alex Constantine,YES,YES,/zh-cn/worlds/dc-universe-tizr,/zh-cn/worlds/dc-universe-tizr
INTERSECTION,/worlds/dc-universe-u3g7,10,10,DC宇宙,DC宇宙,Guss,Guss,YES,YES,/zh-cn/worlds/dc-universe-u3g7,/zh-cn/worlds/dc-universe-u3g7
INTERSECTION,/worlds/dc-universe-ufbi,546,546,DC宇宙,DC宇宙,Luz-313cd3,Luz-313cd3,YES,YES,/zh-cn/worlds/dc-universe-ufbi,/zh-cn/worlds/dc-universe-ufbi
INTERSECTION,/worlds/dc-universe-w43v,486,486,DC宇宙,DC宇宙,Alex Constantine,Alex Constantine,YES,YES,/zh-cn/worlds/dc-universe-w43v,/zh-cn/worlds/dc-universe-w43v
INTERSECTION,/worlds/dc-universe-x4pg,289,289,DC宇宙,DC宇宙,Keshi445,Keshi445,YES,YES,/zh-cn/worlds/dc-universe-x4pg,/zh-cn/worlds/dc-universe-x4pg
INTERSECTION,/worlds/dc-universe-y8yg,984,984,DC宇宙,DC宇宙,Yu Romero Blancas,Yu Romero Blancas,YES,YES,/zh-cn/worlds/dc-universe-y8yg,/zh-cn/worlds/dc-universe-y8yg
INTERSECTION,/worlds/dc-universe-zn5b,961,961,DC宇宙,DC宇宙,Keshi445,Keshi445,YES,YES,/zh-cn/worlds/dc-universe-zn5b,/zh-cn/worlds/dc-universe-zn5b
INTERSECTION,/worlds/dc-universe-zwf5,89,89,DC宇宙,DC宇宙,Gyokko,Gyokko,YES,YES,/zh-cn/worlds/dc-universe-zwf5,/zh-cn/worlds/dc-universe-zwf5
ONLY_ALL,/worlds/dc-universo-w64s,,1097,,DC 宇宙,,Yania marcela,,YES,,/zh-cn/worlds/dc-universo-w64s
INTERSECTION,/worlds/delivery-not-guaranteed-roblox-6z31,109,109,快递不保,快递不保,Κατδαρόδ,Κατδαρόδ,YES,YES,/zh-cn/worlds/delivery-not-guaranteed-roblox-6z31,/zh-cn/worlds/delivery-not-guaranteed-roblox-6z31
INTERSECTION,/worlds/demon-slayer-2099-cyber-breathing-0hsz,239,239,鬼灭之刃 2099：赛博呼吸法,鬼灭之刃 2099：赛博呼吸法,Samt,Samt,YES,YES,/zh-cn/worlds/demon-slayer-2099-cyber-breathing-0hsz,/zh-cn/worlds/demon-slayer-2099-cyber-breathing-0hsz
INTERSECTION,/worlds/demon-slayer-dinast-a-de-aromas-823697cbfe4e,186,186,鬼灭之刃：香气王朝,鬼灭之刃：香气王朝,Lupenova_CrM,Lupenova_CrM,YES,YES,/zh-cn/worlds/demon-slayer-dinast-a-de-aromas-823697cbfe4e,/zh-cn/worlds/demon-slayer-dinast-a-de-aromas-823697cbfe4e
INTERSECTION,/worlds/demon-slayer-el-camino-del-marginado-5ba4b1c414bd,333,333,Demon Slayer: El Camino del Marginado,Demon Slayer: El Camino del Marginado,Analía Amaya,Analía Amaya,YES,YES,/zh-cn/worlds/demon-slayer-el-camino-del-marginado-5ba4b1c414bd,/zh-cn/worlds/demon-slayer-el-camino-del-marginado-5ba4b1c414bd
INTERSECTION,/worlds/demon-slayer-el-latido-de-la-serpiente-1-ajc1,348,348,Demon Slayer: El Latido de la Serpiente (+18),Demon Slayer: El Latido de la Serpiente (+18),Quackity,Quackity,YES,YES,/zh-cn/worlds/demon-slayer-el-latido-de-la-serpiente-1-ajc1,/zh-cn/worlds/demon-slayer-el-latido-de-la-serpiente-1-ajc1
INTERSECTION,/worlds/demon-slayer-el-latido-de-la-serpiente-1-mlrx,67,67,Demon Slayer: El Latido de la Serpiente (+18),Demon Slayer: El Latido de la Serpiente (+18),LEGACY,LEGACY,YES,YES,/zh-cn/worlds/demon-slayer-el-latido-de-la-serpiente-1-mlrx,/zh-cn/worlds/demon-slayer-el-latido-de-la-serpiente-1-mlrx
INTERSECTION,/worlds/demon-slayer-el-latido-de-la-serpiente-1-ofxx,373,373,Demon Slayer: El Latido de la Serpiente (+18),Demon Slayer: El Latido de la Serpiente (+18),Quackity,Quackity,YES,YES,/zh-cn/worlds/demon-slayer-el-latido-de-la-serpiente-1-ofxx,/zh-cn/worlds/demon-slayer-el-latido-de-la-serpiente-1-ofxx
INTERSECTION,/worlds/demon-slayer-el-latido-de-la-serpiente-1-qh1v,110,110,Demon Slayer: El Latido de la Serpiente (+18),Demon Slayer: El Latido de la Serpiente (+18),Quackity,Quackity,YES,YES,/zh-cn/worlds/demon-slayer-el-latido-de-la-serpiente-1-qh1v,/zh-cn/worlds/demon-slayer-el-latido-de-la-serpiente-1-qh1v
INTERSECTION,/worlds/demon-slayer-el-prisma-violeta-4zbo,346,346,Demon Slayer: El Prisma Violeta,Demon Slayer: El Prisma Violeta,David-75f74f,David-75f74f,YES,YES,/zh-cn/worlds/demon-slayer-el-prisma-violeta-4zbo,/zh-cn/worlds/demon-slayer-el-prisma-violeta-4zbo
INTERSECTION,/worlds/demon-slayer-fnvv,1012,1012,鬼灭之刃,鬼灭之刃,Abril Colina,Abril Colina,YES,YES,/zh-cn/worlds/demon-slayer-fnvv,/zh-cn/worlds/demon-slayer-fnvv
INTERSECTION,/worlds/demon-slayer-kimetsu-no-yaiba-0mis,19,19,鬼灭之刃,鬼灭之刃,Nikkiiiii,Nikkiiiii,YES,YES,/zh-cn/worlds/demon-slayer-kimetsu-no-yaiba-0mis,/zh-cn/worlds/demon-slayer-kimetsu-no-yaiba-0mis
INTERSECTION,/worlds/demon-slayer-kimetsu-no-yaiba-3swm,185,185,鬼灭之刃,鬼灭之刃,Cale-64d9ad,Cale-64d9ad,YES,YES,/zh-cn/worlds/demon-slayer-kimetsu-no-yaiba-3swm,/zh-cn/worlds/demon-slayer-kimetsu-no-yaiba-3swm
INTERSECTION,/worlds/demon-slayer-simulator,1,1,鬼灭之刃模拟器,鬼灭之刃模拟器,World101,World101,YES,YES,/zh-cn/worlds/demon-slayer-simulator,/zh-cn/worlds/demon-slayer-simulator
INTERSECTION,/worlds/demon-slayer-simulator-00mc,1016,1016,鬼灭之刃模拟器,鬼灭之刃模拟器,ascaz09.z,ascaz09.z,YES,YES,/zh-cn/worlds/demon-slayer-simulator-00mc,/zh-cn/worlds/demon-slayer-simulator-00mc
INTERSECTION,/worlds/demon-slayer-simulator-09sx,866,866,鬼灭之刃模拟器,鬼灭之刃模拟器,Hanae,Hanae,YES,YES,/zh-cn/worlds/demon-slayer-simulator-09sx,/zh-cn/worlds/demon-slayer-simulator-09sx
INTERSECTION,/worlds/demon-slayer-simulator-0wcg,531,531,鬼灭之刃模拟器,鬼灭之刃模拟器,xje3231728,xje3231728,YES,YES,/zh-cn/worlds/demon-slayer-simulator-0wcg,/zh-cn/worlds/demon-slayer-simulator-0wcg
INTERSECTION,/worlds/demon-slayer-simulator-0y17,1081,1081,鬼灭之刃模拟器,鬼灭之刃模拟器,Valeria Antonella Ramos Vega,Valeria Antonella Ramos Vega,YES,YES,/zh-cn/worlds/demon-slayer-simulator-0y17,/zh-cn/worlds/demon-slayer-simulator-0y17
INTERSECTION,/worlds/demon-slayer-simulator-1053,783,783,鬼灭之刃模拟器,鬼灭之刃模拟器,Nim0s,Nim0s,YES,YES,/zh-cn/worlds/demon-slayer-simulator-1053,/zh-cn/worlds/demon-slayer-simulator-1053
INTERSECTION,/worlds/demon-slayer-simulator-14rm,991,991,鬼灭之刃模拟器,鬼灭之刃模拟器,Fabianaandrea Castañeda,Fabianaandrea Castañeda,YES,YES,/zh-cn/worlds/demon-slayer-simulator-14rm,/zh-cn/worlds/demon-slayer-simulator-14rm
INTERSECTION,/worlds/demon-slayer-simulator-17zk,241,241,鬼灭之刃模拟器,鬼灭之刃模拟器,Starflarex,Starflarex,YES,YES,/zh-cn/worlds/demon-slayer-simulator-17zk,/zh-cn/worlds/demon-slayer-simulator-17zk
INTERSECTION,/worlds/demon-slayer-simulator-18kq,597,597,Demon Slayer Simulator Copia,Demon Slayer Simulator Copia,maferc v,maferc v,YES,YES,/zh-cn/worlds/demon-slayer-simulator-18kq,/zh-cn/worlds/demon-slayer-simulator-18kq
INTERSECTION,/worlds/demon-slayer-simulator-1akm,953,953,鬼灭之刃模拟器,鬼灭之刃模拟器,Daniela Toapanta,Daniela Toapanta,YES,YES,/zh-cn/worlds/demon-slayer-simulator-1akm,/zh-cn/worlds/demon-slayer-simulator-1akm
INTERSECTION,/worlds/demon-slayer-simulator-1b8o,875,875,鬼灭之刃模拟器,鬼灭之刃模拟器,Jazmin Salvador Ibarra,Jazmin Salvador Ibarra,YES,YES,/zh-cn/worlds/demon-slayer-simulator-1b8o,/zh-cn/worlds/demon-slayer-simulator-1b8o
INTERSECTION,/worlds/demon-slayer-simulator-1jgt,926,926,鬼灭之刃模拟器,鬼灭之刃模拟器,Quackity,Quackity,YES,YES,/zh-cn/worlds/demon-slayer-simulator-1jgt,/zh-cn/worlds/demon-slayer-simulator-1jgt
INTERSECTION,/worlds/demon-slayer-simulator-1l7g,576,576,Demon Slayer Simulator Copia,Demon Slayer Simulator Copia,Erika Sophia Flores Mata,Erika Sophia Flores Mata,YES,YES,/zh-cn/worlds/demon-slayer-simulator-1l7g,/zh-cn/worlds/demon-slayer-simulator-1l7g
INTERSECTION,/worlds/demon-slayer-simulator-1wcv,874,874,鬼灭之刃模拟器,鬼灭之刃模拟器,Jazmin Salvador Ibarra,Jazmin Salvador Ibarra,YES,YES,/zh-cn/worlds/demon-slayer-simulator-1wcv,/zh-cn/worlds/demon-slayer-simulator-1wcv
INTERSECTION,/worlds/demon-slayer-simulator-23ff,263,263,鬼灭之刃模拟器,鬼灭之刃模拟器,abrahamzeus59,abrahamzeus59,YES,YES,/zh-cn/worlds/demon-slayer-simulator-23ff,/zh-cn/worlds/demon-slayer-simulator-23ff
INTERSECTION,/worlds/demon-slayer-simulator-23vc,452,452,Demon Slayer Simulator Copia,Demon Slayer Simulator Copia,Harin Scarlett,Harin Scarlett,YES,YES,/zh-cn/worlds/demon-slayer-simulator-23vc,/zh-cn/worlds/demon-slayer-simulator-23vc
INTERSECTION,/worlds/demon-slayer-simulator-2d75,682,682,鬼灭之刃模拟器,鬼灭之刃模拟器,2665306431,2665306431,YES,YES,/zh-cn/worlds/demon-slayer-simulator-2d75,/zh-cn/worlds/demon-slayer-simulator-2d75
INTERSECTION,/worlds/demon-slayer-simulator-2imu,349,349,Demon Slayer Simulator mejorado 200%,Demon Slayer Simulator mejorado 200%,wasarojas8,wasarojas8,YES,YES,/zh-cn/worlds/demon-slayer-simulator-2imu,/zh-cn/worlds/demon-slayer-simulator-2imu
INTERSECTION,/worlds/demon-slayer-simulator-2iup,394,394,Demon Slayer Simulator Copia,Demon Slayer Simulator Copia,♯ ⋮  𝄞 𝙗𝙡𝙚𝙨𝙨 ༉  .ᐟ ★,♯ ⋮  𝄞 𝙗𝙡𝙚𝙨𝙨 ༉  .ᐟ ★,YES,YES,/zh-cn/worlds/demon-slayer-simulator-2iup,/zh-cn/worlds/demon-slayer-simulator-2iup
INTERSECTION,/worlds/demon-slayer-simulator-2oyt,574,574,Demon Slayer Simulator Copia,Demon Slayer Simulator Copia,luisa fernanda uchiha,luisa fernanda uchiha,YES,YES,/zh-cn/worlds/demon-slayer-simulator-2oyt,/zh-cn/worlds/demon-slayer-simulator-2oyt
INTERSECTION,/worlds/demon-slayer-simulator-2p89,50,50,鬼灭之刃模拟器,鬼灭之刃模拟器,Ka roji,Ka roji,YES,YES,/zh-cn/worlds/demon-slayer-simulator-2p89,/zh-cn/worlds/demon-slayer-simulator-2p89
INTERSECTION,/worlds/demon-slayer-simulator-2s21,283,283,鬼灭之刃模拟器,鬼灭之刃模拟器,Amaya Aliné,Amaya Aliné,YES,YES,/zh-cn/worlds/demon-slayer-simulator-2s21,/zh-cn/worlds/demon-slayer-simulator-2s21
INTERSECTION,/worlds/demon-slayer-simulator-31oe,462,462,鬼灭之刃模拟器,鬼灭之刃模拟器,Delphine Bela,Delphine Bela,YES,YES,/zh-cn/worlds/demon-slayer-simulator-31oe,/zh-cn/worlds/demon-slayer-simulator-31oe
INTERSECTION,/worlds/demon-slayer-simulator-32sp,157,157,鬼灭之刃模拟器,鬼灭之刃模拟器,Silviajakelyn Maressosa,Silviajakelyn Maressosa,YES,YES,/zh-cn/worlds/demon-slayer-simulator-32sp,/zh-cn/worlds/demon-slayer-simulator-32sp
INTERSECTION,/worlds/demon-slayer-simulator-3855,911,911,鬼灭之刃模拟器,鬼灭之刃模拟器,Rhae,Rhae,YES,YES,/zh-cn/worlds/demon-slayer-simulator-3855,/zh-cn/worlds/demon-slayer-simulator-3855
INTERSECTION,/worlds/demon-slayer-simulator-3ns1,994,994,鬼灭之刃模拟器,鬼灭之刃模拟器,Samantha_2706,Samantha_2706,YES,YES,/zh-cn/worlds/demon-slayer-simulator-3ns1,/zh-cn/worlds/demon-slayer-simulator-3ns1
INTERSECTION,/worlds/demon-slayer-simulator-3vbu,483,483,鬼灭之刃模拟器 副本,鬼灭之刃模拟器 副本,1957150545,1957150545,YES,YES,/zh-cn/worlds/demon-slayer-simulator-3vbu,/zh-cn/worlds/demon-slayer-simulator-3vbu
INTERSECTION,/worlds/demon-slayer-simulator-42r6,913,913,鬼灭之刃模拟器,鬼灭之刃模拟器,Rhae,Rhae,YES,YES,/zh-cn/worlds/demon-slayer-simulator-42r6,/zh-cn/worlds/demon-slayer-simulator-42r6
INTERSECTION,/worlds/demon-slayer-simulator-44na,814,814,鬼灭之刃模拟器 副本,鬼灭之刃模拟器 副本,lijiu394,lijiu394,YES,YES,/zh-cn/worlds/demon-slayer-simulator-44na,/zh-cn/worlds/demon-slayer-simulator-44na
INTERSECTION,/worlds/demon-slayer-simulator-45lm,895,895,鬼灭之刃模拟器,鬼灭之刃模拟器,V3SPER1,V3SPER1,YES,YES,/zh-cn/worlds/demon-slayer-simulator-45lm,/zh-cn/worlds/demon-slayer-simulator-45lm
INTERSECTION,/worlds/demon-slayer-simulator-45sp,869,869,鬼灭之刃模拟器,鬼灭之刃模拟器,Leyla Guerra,Leyla Guerra,YES,YES,/zh-cn/worlds/demon-slayer-simulator-45sp,/zh-cn/worlds/demon-slayer-simulator-45sp
INTERSECTION,/worlds/demon-slayer-simulator-4gzq,206,206,鬼灭之刃模拟器,鬼灭之刃模拟器,•Andy Studio•,•Andy Studio•,YES,YES,/zh-cn/worlds/demon-slayer-simulator-4gzq,/zh-cn/worlds/demon-slayer-simulator-4gzq
INTERSECTION,/worlds/demon-slayer-simulator-4j0u,634,634,鬼灭之刃模拟器,鬼灭之刃模拟器,821200377,821200377,YES,YES,/zh-cn/worlds/demon-slayer-simulator-4j0u,/zh-cn/worlds/demon-slayer-simulator-4j0u
INTERSECTION,/worlds/demon-slayer-simulator-4rii,385,385,Demon Slayer Simulator,Demon Slayer Simulator,Jeffrey Li,Jeffrey Li,YES,YES,/zh-cn/worlds/demon-slayer-simulator-4rii,/zh-cn/worlds/demon-slayer-simulator-4rii
INTERSECTION,/worlds/demon-slayer-simulator-4ypj,860,860,鬼杀模拟器,鬼杀模拟器,DeathcorzZ,DeathcorzZ,YES,YES,/zh-cn/worlds/demon-slayer-simulator-4ypj,/zh-cn/worlds/demon-slayer-simulator-4ypj
INTERSECTION,/worlds/demon-slayer-simulator-5hyw,904,904,鬼灭之刃模拟器,鬼灭之刃模拟器,Cod,Cod,YES,YES,/zh-cn/worlds/demon-slayer-simulator-5hyw,/zh-cn/worlds/demon-slayer-simulator-5hyw
INTERSECTION,/worlds/demon-slayer-simulator-5k75,851,851,鬼灭之刃模拟器,鬼灭之刃模拟器,Tsuki Maluma,Tsuki Maluma,YES,YES,/zh-cn/worlds/demon-slayer-simulator-5k75,/zh-cn/worlds/demon-slayer-simulator-5k75
INTERSECTION,/worlds/demon-slayer-simulator-5lo4,958,958,鬼灭之刃模拟器,鬼灭之刃模拟器,Gael Perez,Gael Perez,YES,YES,/zh-cn/worlds/demon-slayer-simulator-5lo4,/zh-cn/worlds/demon-slayer-simulator-5lo4
INTERSECTION,/worlds/demon-slayer-simulator-5pci,433,433,Demon Slayer Simulator Copy,Demon Slayer Simulator Copy,Idk bro,Idk bro,YES,YES,/zh-cn/worlds/demon-slayer-simulator-5pci,/zh-cn/worlds/demon-slayer-simulator-5pci
INTERSECTION,/worlds/demon-slayer-simulator-5rkp,467,467,Demon Slayer Simulator Copia,Demon Slayer Simulator Copia,Jhondely,Jhondely,YES,YES,/zh-cn/worlds/demon-slayer-simulator-5rkp,/zh-cn/worlds/demon-slayer-simulator-5rkp
INTERSECTION,/worlds/demon-slayer-simulator-5taf,1045,1045,鬼灭之刃模拟器,鬼灭之刃模拟器,Rosaivelle,Rosaivelle,YES,YES,/zh-cn/worlds/demon-slayer-simulator-5taf,/zh-cn/worlds/demon-slayer-simulator-5taf
INTERSECTION,/worlds/demon-slayer-simulator-5x9e,512,512,Demon Slayer Simulator Copia,Demon Slayer Simulator Copia,Mia jazmin Fariña gonzalez,Mia jazmin Fariña gonzalez,YES,YES,/zh-cn/worlds/demon-slayer-simulator-5x9e,/zh-cn/worlds/demon-slayer-simulator-5x9e
INTERSECTION,/worlds/demon-slayer-simulator-5zzu,827,827,鬼灭模拟器,鬼灭模拟器,Tyler Johnson,Tyler Johnson,YES,YES,/zh-cn/worlds/demon-slayer-simulator-5zzu,/zh-cn/worlds/demon-slayer-simulator-5zzu
INTERSECTION,/worlds/demon-slayer-simulator-66rw,1024,1024,鬼灭之刃模拟器,鬼灭之刃模拟器,Taekook,Taekook,YES,YES,/zh-cn/worlds/demon-slayer-simulator-66rw,/zh-cn/worlds/demon-slayer-simulator-66rw
INTERSECTION,/worlds/demon-slayer-simulator-68m1,819,819,鬼灭之刃模拟器,鬼灭之刃模拟器,Chat gpt,Chat gpt,YES,YES,/zh-cn/worlds/demon-slayer-simulator-68m1,/zh-cn/worlds/demon-slayer-simulator-68m1
INTERSECTION,/worlds/demon-slayer-simulator-68qp,413,413,Demon Slayer Simulator Copia,Demon Slayer Simulator Copia,Evelin Naomi Horta Castañeda,Evelin Naomi Horta Castañeda,YES,YES,/zh-cn/worlds/demon-slayer-simulator-68qp,/zh-cn/worlds/demon-slayer-simulator-68qp
INTERSECTION,/worlds/demon-slayer-simulator-6916,429,429,Demon Slayer Simulator Copy,Demon Slayer Simulator Copy,Kaori Uta,Kaori Uta,YES,YES,/zh-cn/worlds/demon-slayer-simulator-6916,/zh-cn/worlds/demon-slayer-simulator-6916
INTERSECTION,/worlds/demon-slayer-simulator-6bkr,937,937,鬼灭之刃模拟器,鬼灭之刃模拟器,m15830754452,m15830754452,YES,YES,/zh-cn/worlds/demon-slayer-simulator-6bkr,/zh-cn/worlds/demon-slayer-simulator-6bkr
INTERSECTION,/worlds/demon-slayer-simulator-6c5i,902,902,鬼灭之刃模拟器,鬼灭之刃模拟器,Tatsu Midoriya,Tatsu Midoriya,YES,YES,/zh-cn/worlds/demon-slayer-simulator-6c5i,/zh-cn/worlds/demon-slayer-simulator-6c5i
INTERSECTION,/worlds/demon-slayer-simulator-6ds1,1043,1043,鬼灭之刃模拟器,鬼灭之刃模拟器,Sam-8f3715,Sam-8f3715,YES,YES,/zh-cn/worlds/demon-slayer-simulator-6ds1,/zh-cn/worlds/demon-slayer-simulator-6ds1
INTERSECTION,/worlds/demon-slayer-simulator-6edy,248,248,Demon Slayer Simulator Copia,Demon Slayer Simulator Copia,Snoopy snoopyloopy,Snoopy snoopyloopy,YES,YES,/zh-cn/worlds/demon-slayer-simulator-6edy,/zh-cn/worlds/demon-slayer-simulator-6edy
INTERSECTION,/worlds/demon-slayer-simulator-6qt5,940,940,鬼灭之刃模拟器,鬼灭之刃模拟器,...fix,...fix,YES,YES,/zh-cn/worlds/demon-slayer-simulator-6qt5,/zh-cn/worlds/demon-slayer-simulator-6qt5
INTERSECTION,/worlds/demon-slayer-simulator-6u52,894,894,鬼灭之刃模拟器,鬼灭之刃模拟器,V3SPER1,V3SPER1,YES,YES,/zh-cn/worlds/demon-slayer-simulator-6u52,/zh-cn/worlds/demon-slayer-simulator-6u52
INTERSECTION,/worlds/demon-slayer-simulator-73ds,993,993,鬼灭模拟器,鬼灭模拟器,bastian,bastian,YES,YES,/zh-cn/worlds/demon-slayer-simulator-73ds,/zh-cn/worlds/demon-slayer-simulator-73ds
INTERSECTION,/worlds/demon-slayer-simulator-764h,889,889,鬼灭模拟器,鬼灭模拟器,Carin Valenzuela,Carin Valenzuela,YES,YES,/zh-cn/worlds/demon-slayer-simulator-764h,/zh-cn/worlds/demon-slayer-simulator-764h
INTERSECTION,/worlds/demon-slayer-simulator-7aiw,854,854,鬼灭之刃模拟器,鬼灭之刃模拟器,PEPITO8K,PEPITO8K,YES,YES,/zh-cn/worlds/demon-slayer-simulator-7aiw,/zh-cn/worlds/demon-slayer-simulator-7aiw
INTERSECTION,/worlds/demon-slayer-simulator-7jpe,1009,1009,鬼灭之刃模拟器,鬼灭之刃模拟器,Whis,Whis,YES,YES,/zh-cn/worlds/demon-slayer-simulator-7jpe,/zh-cn/worlds/demon-slayer-simulator-7jpe
INTERSECTION,/worlds/demon-slayer-simulator-7kw5,240,240,鬼灭之刃模拟器,鬼灭之刃模拟器,Legion,Legion,YES,YES,/zh-cn/worlds/demon-slayer-simulator-7kw5,/zh-cn/worlds/demon-slayer-simulator-7kw5
INTERSECTION,/worlds/demon-slayer-simulator-7ogp,1067,1067,鬼灭之刃模拟器,鬼灭之刃模拟器,Stardust-,Stardust-,YES,YES,/zh-cn/worlds/demon-slayer-simulator-7ogp,/zh-cn/worlds/demon-slayer-simulator-7ogp
INTERSECTION,/worlds/demon-slayer-simulator-80z2,453,453,鬼灭之刃模拟器,鬼灭之刃模拟器,Mymelodyspecial,Mymelodyspecial,YES,YES,/zh-cn/worlds/demon-slayer-simulator-80z2,/zh-cn/worlds/demon-slayer-simulator-80z2
INTERSECTION,/worlds/demon-slayer-simulator-8i42,803,803,鬼灭之刃模拟器,鬼灭之刃模拟器,Koyami Uchiha,Koyami Uchiha,YES,YES,/zh-cn/worlds/demon-slayer-simulator-8i42,/zh-cn/worlds/demon-slayer-simulator-8i42
INTERSECTION,/worlds/demon-slayer-simulator-8lzw,544,544,Demon Slayer Simulator Copia,Demon Slayer Simulator Copia,Lina Avi,Lina Avi,YES,YES,/zh-cn/worlds/demon-slayer-simulator-8lzw,/zh-cn/worlds/demon-slayer-simulator-8lzw
INTERSECTION,/worlds/demon-slayer-simulator-8t7g,1000,1000,Demon Slayer Simulator Copia,Demon Slayer Simulator Copia,Yuno nara,Yuno nara,YES,YES,/zh-cn/worlds/demon-slayer-simulator-8t7g,/zh-cn/worlds/demon-slayer-simulator-8t7g
INTERSECTION,/worlds/demon-slayer-simulator-8uli,793,793,鬼灭之刃模拟器,鬼灭之刃模拟器,Yunii Gusho,Yunii Gusho,YES,YES,/zh-cn/worlds/demon-slayer-simulator-8uli,/zh-cn/worlds/demon-slayer-simulator-8uli
INTERSECTION,/worlds/demon-slayer-simulator-97gt,882,882,鬼灭之刃模拟器,鬼灭之刃模拟器,eydan David,eydan David,YES,YES,/zh-cn/worlds/demon-slayer-simulator-97gt,/zh-cn/worlds/demon-slayer-simulator-97gt
INTERSECTION,/worlds/demon-slayer-simulator-9asn,484,484,鬼灭之刃模拟器 副本,鬼灭之刃模拟器 副本,1957150545,1957150545,YES,YES,/zh-cn/worlds/demon-slayer-simulator-9asn,/zh-cn/worlds/demon-slayer-simulator-9asn
INTERSECTION,/worlds/demon-slayer-simulator-9h0i,920,920,鬼灭之刃模拟器,鬼灭之刃模拟器,Aismar aquino,Aismar aquino,YES,YES,/zh-cn/worlds/demon-slayer-simulator-9h0i,/zh-cn/worlds/demon-slayer-simulator-9h0i
INTERSECTION,/worlds/demon-slayer-simulator-9ruu,1041,1041,鬼灭之刃模拟器,鬼灭之刃模拟器,Yoli,Yoli,YES,YES,/zh-cn/worlds/demon-slayer-simulator-9ruu,/zh-cn/worlds/demon-slayer-simulator-9ruu
INTERSECTION,/worlds/demon-slayer-simulator-9ze1,1019,1019,Demon Slayer Simulator Copia,Demon Slayer Simulator Copia,Deo,Deo,YES,YES,/zh-cn/worlds/demon-slayer-simulator-9ze1,/zh-cn/worlds/demon-slayer-simulator-9ze1
INTERSECTION,/worlds/demon-slayer-simulator-a3dw,868,868,鬼灭之刃模拟器,鬼灭之刃模拟器,Hanae,Hanae,YES,YES,/zh-cn/worlds/demon-slayer-simulator-a3dw,/zh-cn/worlds/demon-slayer-simulator-a3dw
INTERSECTION,/worlds/demon-slayer-simulator-a7jt,246,246,鬼灭之刃模拟器,鬼灭之刃模拟器,3529721818,3529721818,YES,YES,/zh-cn/worlds/demon-slayer-simulator-a7jt,/zh-cn/worlds/demon-slayer-simulator-a7jt
INTERSECTION,/worlds/demon-slayer-simulator-a9y8,280,280,鬼灭之刃模拟器,鬼灭之刃模拟器,Samantha_2706,Samantha_2706,YES,YES,/zh-cn/worlds/demon-slayer-simulator-a9y8,/zh-cn/worlds/demon-slayer-simulator-a9y8
INTERSECTION,/worlds/demon-slayer-simulator-ao0y,454,454,鬼灭之刃模拟器,鬼灭之刃模拟器,sy,sy,YES,YES,/zh-cn/worlds/demon-slayer-simulator-ao0y,/zh-cn/worlds/demon-slayer-simulator-ao0y
INTERSECTION,/worlds/demon-slayer-simulator-apu9,1055,1055,鬼灭之刃模拟器,鬼灭之刃模拟器,estefany benitez,estefany benitez,YES,YES,/zh-cn/worlds/demon-slayer-simulator-apu9,/zh-cn/worlds/demon-slayer-simulator-apu9
INTERSECTION,/worlds/demon-slayer-simulator-bg1g,952,952,鬼灭之刃模拟器,鬼灭之刃模拟器,2685174814,2685174814,YES,YES,/zh-cn/worlds/demon-slayer-simulator-bg1g,/zh-cn/worlds/demon-slayer-simulator-bg1g
INTERSECTION,/worlds/demon-slayer-simulator-bqdf,387,387,鬼灭之刃模拟器,鬼灭之刃模拟器,ferda4213,ferda4213,YES,YES,/zh-cn/worlds/demon-slayer-simulator-bqdf,/zh-cn/worlds/demon-slayer-simulator-bqdf
INTERSECTION,/worlds/demon-slayer-simulator-br6w,915,915,鬼灭之刃模拟器,鬼灭之刃模拟器,904229833,904229833,YES,YES,/zh-cn/worlds/demon-slayer-simulator-br6w,/zh-cn/worlds/demon-slayer-simulator-br6w
INTERSECTION,/worlds/demon-slayer-simulator-ccpg,980,980,鬼灭之刃模拟器,鬼灭之刃模拟器,Carolina Matos,Carolina Matos,YES,YES,/zh-cn/worlds/demon-slayer-simulator-ccpg,/zh-cn/worlds/demon-slayer-simulator-ccpg
INTERSECTION,/worlds/demon-slayer-simulator-cd0y,598,598,Demon Slayer Simulator Copia,Demon Slayer Simulator Copia,maferc v,maferc v,YES,YES,/zh-cn/worlds/demon-slayer-simulator-cd0y,/zh-cn/worlds/demon-slayer-simulator-cd0y
INTERSECTION,/worlds/demon-slayer-simulator-ceup,846,846,鬼灭之刃模拟器,鬼灭之刃模拟器,Sandiaaa🌺🍉,Sandiaaa🌺🍉,YES,YES,/zh-cn/worlds/demon-slayer-simulator-ceup,/zh-cn/worlds/demon-slayer-simulator-ceup
INTERSECTION,/worlds/demon-slayer-simulator-cglo,1018,1018,鬼灭之刃模拟器,鬼灭之刃模拟器,1801997742,1801997742,YES,YES,/zh-cn/worlds/demon-slayer-simulator-cglo,/zh-cn/worlds/demon-slayer-simulator-cglo
INTERSECTION,/worlds/demon-slayer-simulator-chzl,352,352,鬼灭之刃模拟器,鬼灭之刃模拟器,Luvxmary Mendez,Luvxmary Mendez,YES,YES,/zh-cn/worlds/demon-slayer-simulator-chzl,/zh-cn/worlds/demon-slayer-simulator-chzl
INTERSECTION,/worlds/demon-slayer-simulator-cn3k,1029,1029,鬼灭模拟器,鬼灭模拟器,Mili Moreno,Mili Moreno,YES,YES,/zh-cn/worlds/demon-slayer-simulator-cn3k,/zh-cn/worlds/demon-slayer-simulator-cn3k
INTERSECTION,/worlds/demon-slayer-simulator-copy-axy3,757,757,鬼灭模拟器,鬼灭模拟器,timofire gamer,timofire gamer,YES,YES,/zh-cn/worlds/demon-slayer-simulator-copy-axy3,/zh-cn/worlds/demon-slayer-simulator-copy-axy3
INTERSECTION,/worlds/demon-slayer-simulator-cq1z,786,786,鬼灭之刃模拟器,鬼灭之刃模拟器,𖥻 ׁ ׅ 𝑳𝘶 ! ׁ ׅ 🪐,𖥻 ׁ ׅ 𝑳𝘶 ! ׁ ׅ 🪐,YES,YES,/zh-cn/worlds/demon-slayer-simulator-cq1z,/zh-cn/worlds/demon-slayer-simulator-cq1z
INTERSECTION,/worlds/demon-slayer-simulator-czzo,905,905,鬼灭之刃模拟器,鬼灭之刃模拟器,Katerin Mayta,Katerin Mayta,YES,YES,/zh-cn/worlds/demon-slayer-simulator-czzo,/zh-cn/worlds/demon-slayer-simulator-czzo
INTERSECTION,/worlds/demon-slayer-simulator-di8e,567,567,放纵的鬼灭之刃,放纵的鬼灭之刃,sy,sy,YES,YES,/zh-cn/worlds/demon-slayer-simulator-di8e,/zh-cn/worlds/demon-slayer-simulator-di8e
INTERSECTION,/worlds/demon-slayer-simulator-dipn,478,478,Demon Slayer Simulator Copia,Demon Slayer Simulator Copia,nr6424372,nr6424372,YES,YES,/zh-cn/worlds/demon-slayer-simulator-dipn,/zh-cn/worlds/demon-slayer-simulator-dipn
INTERSECTION,/worlds/demon-slayer-simulator-dk1l,821,821,鬼灭之刃模拟器,鬼灭之刃模拟器,felixfranciscocendejasmata708,felixfranciscocendejasmata708,YES,YES,/zh-cn/worlds/demon-slayer-simulator-dk1l,/zh-cn/worlds/demon-slayer-simulator-dk1l
INTERSECTION,/worlds/demon-slayer-simulator-e0rv,908,908,Demon Slayer Simulator Copia,Demon Slayer Simulator Copia,Nekoneko,Nekoneko,YES,YES,/zh-cn/worlds/demon-slayer-simulator-e0rv,/zh-cn/worlds/demon-slayer-simulator-e0rv
INTERSECTION,/worlds/demon-slayer-simulator-e8yu,885,885,鬼灭之刃模拟器,鬼灭之刃模拟器,Linnn,Linnn,YES,YES,/zh-cn/worlds/demon-slayer-simulator-e8yu,/zh-cn/worlds/demon-slayer-simulator-e8yu
INTERSECTION,/worlds/demon-slayer-simulator-eazh,473,473,Demon Slayer Simulator Copia,Demon Slayer Simulator Copia,Hebe Segovia,Hebe Segovia,YES,YES,/zh-cn/worlds/demon-slayer-simulator-eazh,/zh-cn/worlds/demon-slayer-simulator-eazh
INTERSECTION,/worlds/demon-slayer-simulator-ejxq,843,843,鬼灭模拟器,鬼灭模拟器,Steph-ab6c44,Steph-ab6c44,YES,YES,/zh-cn/worlds/demon-slayer-simulator-ejxq,/zh-cn/worlds/demon-slayer-simulator-ejxq
INTERSECTION,/worlds/demon-slayer-simulator-ekw8,456,456,鬼灭之刃模拟器,鬼灭之刃模拟器,who's Emily!,who's Emily!,YES,YES,/zh-cn/worlds/demon-slayer-simulator-ekw8,/zh-cn/worlds/demon-slayer-simulator-ekw8
INTERSECTION,/worlds/demon-slayer-simulator-el-destino-de-las-scbm,138,138,Demon Slayer Simulator: El Destino de las Llamas,Demon Slayer Simulator: El Destino de las Llamas,Ana MATIZ,Ana MATIZ,YES,YES,/zh-cn/worlds/demon-slayer-simulator-el-destino-de-las-scbm,/zh-cn/worlds/demon-slayer-simulator-el-destino-de-las-scbm
INTERSECTION,/worlds/demon-slayer-simulator-epgl,853,853,鬼灭之刃模拟器,鬼灭之刃模拟器,PEPITO8K,PEPITO8K,YES,YES,/zh-cn/worlds/demon-slayer-simulator-epgl,/zh-cn/worlds/demon-slayer-simulator-epgl
INTERSECTION,/worlds/demon-slayer-simulator-ern2,287,287,鬼灭之刃模拟器,鬼灭之刃模拟器,Nanakisses,Nanakisses,YES,YES,/zh-cn/worlds/demon-slayer-simulator-ern2,/zh-cn/worlds/demon-slayer-simulator-ern2
INTERSECTION,/worlds/demon-slayer-simulator-esqq,234,234,Demon Slayer Simulator Copia,Demon Slayer Simulator Copia,eleo paez,eleo paez,YES,YES,/zh-cn/worlds/demon-slayer-simulator-esqq,/zh-cn/worlds/demon-slayer-simulator-esqq
INTERSECTION,/worlds/demon-slayer-simulator-f8pn,995,995,Simulador de Demon Slayer (Versión español y mejorada),Simulador de Demon Slayer (Versión español y mejorada),Ka roji,Ka roji,YES,YES,/zh-cn/worlds/demon-slayer-simulator-f8pn,/zh-cn/worlds/demon-slayer-simulator-f8pn
INTERSECTION,/worlds/demon-slayer-simulator-fgf1,1084,1084,Demon Slayer Simulator Copia,Demon Slayer Simulator Copia,Floral Empresas,Floral Empresas,YES,YES,/zh-cn/worlds/demon-slayer-simulator-fgf1,/zh-cn/worlds/demon-slayer-simulator-fgf1
INTERSECTION,/worlds/demon-slayer-simulator-fjrj,192,192,鬼灭之刃模拟器,鬼灭之刃模拟器,Tottolifq,Tottolifq,YES,YES,/zh-cn/worlds/demon-slayer-simulator-fjrj,/zh-cn/worlds/demon-slayer-simulator-fjrj
INTERSECTION,/worlds/demon-slayer-simulator-fngi,1065,1065,Demon Slayer Simulator Copia,Demon Slayer Simulator Copia,Yiceth Nicol Gómez Flórez,Yiceth Nicol Gómez Flórez,YES,YES,/zh-cn/worlds/demon-slayer-simulator-fngi,/zh-cn/worlds/demon-slayer-simulator-fngi
INTERSECTION,/worlds/demon-slayer-simulator-fucd,590,590,Simulador de Demon Slayer (Versión español y mejorada),Simulador de Demon Slayer (Versión español y mejorada),1452805872,1452805872,YES,YES,/zh-cn/worlds/demon-slayer-simulator-fucd,/zh-cn/worlds/demon-slayer-simulator-fucd
INTERSECTION,/worlds/demon-slayer-simulator-fwmd,971,971,鬼灭之刃模拟器,鬼灭之刃模拟器,xiansong9323,xiansong9323,YES,YES,/zh-cn/worlds/demon-slayer-simulator-fwmd,/zh-cn/worlds/demon-slayer-simulator-fwmd
INTERSECTION,/worlds/demon-slayer-simulator-go4m,511,511,Demon Slayer Simulator Copia,Demon Slayer Simulator Copia,Aceituna jejej Martina D'Agostino,Aceituna jejej Martina D'Agostino,YES,YES,/zh-cn/worlds/demon-slayer-simulator-go4m,/zh-cn/worlds/demon-slayer-simulator-go4m
INTERSECTION,/worlds/demon-slayer-simulator-gxcu,115,115,鬼灭之刃模拟器,鬼灭之刃模拟器,wxizz_202507022,wxizz_202507022,YES,YES,/zh-cn/worlds/demon-slayer-simulator-gxcu,/zh-cn/worlds/demon-slayer-simulator-gxcu
INTERSECTION,/worlds/demon-slayer-simulator-h0r2,411,411,鬼灭之刃模拟器,鬼灭之刃模拟器,who's Emily!,who's Emily!,YES,YES,/zh-cn/worlds/demon-slayer-simulator-h0r2,/zh-cn/worlds/demon-slayer-simulator-h0r2
INTERSECTION,/worlds/demon-slayer-simulator-h1yk,772,772,鬼灭模拟器,鬼灭模拟器,Milena-46d079,Milena-46d079,YES,YES,/zh-cn/worlds/demon-slayer-simulator-h1yk,/zh-cn/worlds/demon-slayer-simulator-h1yk
INTERSECTION,/worlds/demon-slayer-simulator-h432,242,242,鬼灭之刃模拟器,鬼灭之刃模拟器,Ale222xxx,Ale222xxx,YES,YES,/zh-cn/worlds/demon-slayer-simulator-h432,/zh-cn/worlds/demon-slayer-simulator-h432
INTERSECTION,/worlds/demon-slayer-simulator-h9c2,939,939,鬼灭之刃模拟器,鬼灭之刃模拟器,Milo ojota,Milo ojota,YES,YES,/zh-cn/worlds/demon-slayer-simulator-h9c2,/zh-cn/worlds/demon-slayer-simulator-h9c2
INTERSECTION,/worlds/demon-slayer-simulator-ha6v,954,954,鬼灭之刃模拟器,鬼灭之刃模拟器,Celia Solis tola,Celia Solis tola,YES,YES,/zh-cn/worlds/demon-slayer-simulator-ha6v,/zh-cn/worlds/demon-slayer-simulator-ha6v
INTERSECTION,/worlds/demon-slayer-simulator-hmk9,389,389,鬼灭之刃模拟器,鬼灭之刃模拟器,Sam Butler,Sam Butler,YES,YES,/zh-cn/worlds/demon-slayer-simulator-hmk9,/zh-cn/worlds/demon-slayer-simulator-hmk9
INTERSECTION,/worlds/demon-slayer-simulator-hqk7,933,933,鬼灭之刃模拟器,鬼灭之刃模拟器,Ana sofia Mena clarete,Ana sofia Mena clarete,YES,YES,/zh-cn/worlds/demon-slayer-simulator-hqk7,/zh-cn/worlds/demon-slayer-simulator-hqk7
INTERSECTION,/worlds/demon-slayer-simulator-hric,837,837,鬼灭模拟器,鬼灭模拟器,Marlon Arenas,Marlon Arenas,YES,YES,/zh-cn/worlds/demon-slayer-simulator-hric,/zh-cn/worlds/demon-slayer-simulator-hric
INTERSECTION,/worlds/demon-slayer-simulator-i0wp,811,811,鬼灭模拟器,鬼灭模拟器,Avril Pascucci,Avril Pascucci,YES,YES,/zh-cn/worlds/demon-slayer-simulator-i0wp,/zh-cn/worlds/demon-slayer-simulator-i0wp
INTERSECTION,/worlds/demon-slayer-simulator-i5je,530,530,鬼灭之刃模拟器,鬼灭之刃模拟器,Legion,Legion,YES,YES,/zh-cn/worlds/demon-slayer-simulator-i5je,/zh-cn/worlds/demon-slayer-simulator-i5je
INTERSECTION,/worlds/demon-slayer-simulator-i7pn,335,335,鬼灭之刃模拟器,鬼灭之刃模拟器,Nayeli Kim,Nayeli Kim,YES,YES,/zh-cn/worlds/demon-slayer-simulator-i7pn,/zh-cn/worlds/demon-slayer-simulator-i7pn
INTERSECTION,/worlds/demon-slayer-simulator-ifw8,170,170,鬼灭之刃模拟器,鬼灭之刃模拟器,eydan David,eydan David,YES,YES,/zh-cn/worlds/demon-slayer-simulator-ifw8,/zh-cn/worlds/demon-slayer-simulator-ifw8
INTERSECTION,/worlds/demon-slayer-simulator-iqul,1079,1079,Demon Slayer Simulator Copia,Demon Slayer Simulator Copia,Christ Kae,Christ Kae,YES,YES,/zh-cn/worlds/demon-slayer-simulator-iqul,/zh-cn/worlds/demon-slayer-simulator-iqul
INTERSECTION,/worlds/demon-slayer-simulator-ivos,865,865,鬼灭之刃模拟器,鬼灭之刃模拟器,kiara maureen Vargas paez,kiara maureen Vargas paez,YES,YES,/zh-cn/worlds/demon-slayer-simulator-ivos,/zh-cn/worlds/demon-slayer-simulator-ivos
INTERSECTION,/worlds/demon-slayer-simulator-jg8n,485,485,鬼灭之刃模拟器 副本,鬼灭之刃模拟器 副本,1957150545,1957150545,YES,YES,/zh-cn/worlds/demon-slayer-simulator-jg8n,/zh-cn/worlds/demon-slayer-simulator-jg8n
INTERSECTION,/worlds/demon-slayer-simulator-jqj3,770,770,鬼灭之刃模拟器,鬼灭之刃模拟器,denki kaminari,denki kaminari,YES,YES,/zh-cn/worlds/demon-slayer-simulator-jqj3,/zh-cn/worlds/demon-slayer-simulator-jqj3
INTERSECTION,/worlds/demon-slayer-simulator-k544,282,282,鬼灭之刃模拟器,鬼灭之刃模拟器,personal,personal,YES,YES,/zh-cn/worlds/demon-slayer-simulator-k544,/zh-cn/worlds/demon-slayer-simulator-k544
INTERSECTION,/worlds/demon-slayer-simulator-kbkm,969,969,鬼灭之刃模拟器,鬼灭之刃模拟器,mjdesigns,mjdesigns,YES,YES,/zh-cn/worlds/demon-slayer-simulator-kbkm,/zh-cn/worlds/demon-slayer-simulator-kbkm
INTERSECTION,/worlds/demon-slayer-simulator-kcd3,992,992,鬼灭之刃模拟器,鬼灭之刃模拟器,Mattjxj,Mattjxj,YES,YES,/zh-cn/worlds/demon-slayer-simulator-kcd3,/zh-cn/worlds/demon-slayer-simulator-kcd3
INTERSECTION,/worlds/demon-slayer-simulator-khih,751,751,Demon Slayer Simulator Copy,Demon Slayer Simulator Copy,Anais Leiva,Anais Leiva,YES,YES,/zh-cn/worlds/demon-slayer-simulator-khih,/zh-cn/worlds/demon-slayer-simulator-khih
INTERSECTION,/worlds/demon-slayer-simulator-kjvo,566,566,鬼灭模拟器：鬼之视角,鬼灭模拟器：鬼之视角,sy,sy,YES,YES,/zh-cn/worlds/demon-slayer-simulator-kjvo,/zh-cn/worlds/demon-slayer-simulator-kjvo
INTERSECTION,/worlds/demon-slayer-simulator-km3a,226,226,鬼灭之刃模拟器,鬼灭之刃模拟器,No entral Shh,No entral Shh,YES,YES,/zh-cn/worlds/demon-slayer-simulator-km3a,/zh-cn/worlds/demon-slayer-simulator-km3a
INTERSECTION,/worlds/demon-slayer-simulator-kqar,997,997,鬼灭之刃模拟器,鬼灭之刃模拟器,Nikkiiiii,Nikkiiiii,YES,YES,/zh-cn/worlds/demon-slayer-simulator-kqar,/zh-cn/worlds/demon-slayer-simulator-kqar
INTERSECTION,/worlds/demon-slayer-simulator-kufg,1026,1026,鬼灭模拟器,鬼灭模拟器,Snider Tamyo,Snider Tamyo,YES,YES,/zh-cn/worlds/demon-slayer-simulator-kufg,/zh-cn/worlds/demon-slayer-simulator-kufg
INTERSECTION,/worlds/demon-slayer-simulator-l9jf,183,183,鬼灭之刃模拟器,鬼灭之刃模拟器,Fer-03719c,Fer-03719c,YES,YES,/zh-cn/worlds/demon-slayer-simulator-l9jf,/zh-cn/worlds/demon-slayer-simulator-l9jf
INTERSECTION,/worlds/demon-slayer-simulator-lgcb,987,987,鬼灭之刃模拟器,鬼灭之刃模拟器,Fernanda López Ramírez,Fernanda López Ramírez,YES,YES,/zh-cn/worlds/demon-slayer-simulator-lgcb,/zh-cn/worlds/demon-slayer-simulator-lgcb
INTERSECTION,/worlds/demon-slayer-simulator-lthz,1042,1042,鬼灭之刃模拟器,鬼灭之刃模拟器,wasarojas8,wasarojas8,YES,YES,/zh-cn/worlds/demon-slayer-simulator-lthz,/zh-cn/worlds/demon-slayer-simulator-lthz
INTERSECTION,/worlds/demon-slayer-simulator-lua0,900,900,鬼灭之刃模拟器,鬼灭之刃模拟器,MariAleJC Jimenez Claros,MariAleJC Jimenez Claros,YES,YES,/zh-cn/worlds/demon-slayer-simulator-lua0,/zh-cn/worlds/demon-slayer-simulator-lua0
INTERSECTION,/worlds/demon-slayer-simulator-mj3t,16,16,鬼灭模拟器：鬼之视角,鬼灭模拟器：鬼之视角,Val_,Val_,YES,YES,/zh-cn/worlds/demon-slayer-simulator-mj3t,/zh-cn/worlds/demon-slayer-simulator-mj3t
INTERSECTION,/worlds/demon-slayer-simulator-mmc5,313,313,鬼灭模拟器,鬼灭模拟器,Devanny,Devanny,YES,YES,/zh-cn/worlds/demon-slayer-simulator-mmc5,/zh-cn/worlds/demon-slayer-simulator-mmc5
INTERSECTION,/worlds/demon-slayer-simulator-mp9n,408,408,Demon Slayer Simulator Copy,Demon Slayer Simulator Copy,Gab LovesHanji,Gab LovesHanji,YES,YES,/zh-cn/worlds/demon-slayer-simulator-mp9n,/zh-cn/worlds/demon-slayer-simulator-mp9n
INTERSECTION,/worlds/demon-slayer-simulator-mq2a,251,251,Demon Slayer Simulator Copia,Demon Slayer Simulator Copia,Gabriel Ling,Gabriel Ling,YES,YES,/zh-cn/worlds/demon-slayer-simulator-mq2a,/zh-cn/worlds/demon-slayer-simulator-mq2a
INTERSECTION,/worlds/demon-slayer-simulator-mu8c,857,857,Demon Slayer Simulator Copy,Demon Slayer Simulator Copy,Misaki Brownbear,Misaki Brownbear,YES,YES,/zh-cn/worlds/demon-slayer-simulator-mu8c,/zh-cn/worlds/demon-slayer-simulator-mu8c
INTERSECTION,/worlds/demon-slayer-simulator-my0c,761,761,鬼灭之刃模拟器,鬼灭之刃模拟器,Ultron,Ultron,YES,YES,/zh-cn/worlds/demon-slayer-simulator-my0c,/zh-cn/worlds/demon-slayer-simulator-my0c
INTERSECTION,/worlds/demon-slayer-simulator-n4c9,386,386,Demon Slayer Simulator Copy,Demon Slayer Simulator Copy,whoiswoa,whoiswoa,YES,YES,/zh-cn/worlds/demon-slayer-simulator-n4c9,/zh-cn/worlds/demon-slayer-simulator-n4c9
INTERSECTION,/worlds/demon-slayer-simulator-ne4x,403,403,Demon Slayer Simulator Copia,Demon Slayer Simulator Copia,Sunshine Adw,Sunshine Adw,YES,YES,/zh-cn/worlds/demon-slayer-simulator-ne4x,/zh-cn/worlds/demon-slayer-simulator-ne4x
INTERSECTION,/worlds/demon-slayer-simulator-nty3,273,273,鬼灭之刃模拟器,鬼灭之刃模拟器,Trafalgar Lauw,Trafalgar Lauw,YES,YES,/zh-cn/worlds/demon-slayer-simulator-nty3,/zh-cn/worlds/demon-slayer-simulator-nty3
INTERSECTION,/worlds/demon-slayer-simulator-nxws,316,316,Demon Slayer Simulator Copia,Demon Slayer Simulator Copia,oc kny,oc kny,YES,YES,/zh-cn/worlds/demon-slayer-simulator-nxws,/zh-cn/worlds/demon-slayer-simulator-nxws
INTERSECTION,/worlds/demon-slayer-simulator-o1z2,148,148,鬼灭之刃模拟器,鬼灭之刃模拟器,lix._,lix._,YES,YES,/zh-cn/worlds/demon-slayer-simulator-o1z2,/zh-cn/worlds/demon-slayer-simulator-o1z2
INTERSECTION,/worlds/demon-slayer-simulator-o7j6,932,932,鬼灭之刃模拟器,鬼灭之刃模拟器,Madelyn Rios,Madelyn Rios,YES,YES,/zh-cn/worlds/demon-slayer-simulator-o7j6,/zh-cn/worlds/demon-slayer-simulator-o7j6
INTERSECTION,/worlds/demon-slayer-simulator-ogk3,922,922,鬼灭模拟器,鬼灭模拟器,Arjun Kulkarni,Arjun Kulkarni,YES,YES,/zh-cn/worlds/demon-slayer-simulator-ogk3,/zh-cn/worlds/demon-slayer-simulator-ogk3
INTERSECTION,/worlds/demon-slayer-simulator-ogrh,669,669,鬼灭之刃模拟器,鬼灭之刃模拟器,2579014538,2579014538,YES,YES,/zh-cn/worlds/demon-slayer-simulator-ogrh,/zh-cn/worlds/demon-slayer-simulator-ogrh
INTERSECTION,/worlds/demon-slayer-simulator-ogro,820,820,Demon Slayer Simulator Copia,Demon Slayer Simulator Copia,Keny-2c073f,Keny-2c073f,YES,YES,/zh-cn/worlds/demon-slayer-simulator-ogro,/zh-cn/worlds/demon-slayer-simulator-ogro
INTERSECTION,/worlds/demon-slayer-simulator-ojk3,256,256,Demon Slayer Simulator Copy,Demon Slayer Simulator Copy,Agustin Aguero,Agustin Aguero,YES,YES,/zh-cn/worlds/demon-slayer-simulator-ojk3,/zh-cn/worlds/demon-slayer-simulator-ojk3
INTERSECTION,/worlds/demon-slayer-simulator-on4c,1044,1044,鬼灭之刃模拟器,鬼灭之刃模拟器,Rosaivelle,Rosaivelle,YES,YES,/zh-cn/worlds/demon-slayer-simulator-on4c,/zh-cn/worlds/demon-slayer-simulator-on4c
INTERSECTION,/worlds/demon-slayer-simulator-p1z4,768,768,鬼灭之刃模拟器,鬼灭之刃模拟器,Kisstheking 777,Kisstheking 777,YES,YES,/zh-cn/worlds/demon-slayer-simulator-p1z4,/zh-cn/worlds/demon-slayer-simulator-p1z4
INTERSECTION,/worlds/demon-slayer-simulator-p31c,304,304,鬼灭之刃模拟器,鬼灭之刃模拟器,Adrien,Adrien,YES,YES,/zh-cn/worlds/demon-slayer-simulator-p31c,/zh-cn/worlds/demon-slayer-simulator-p31c
INTERSECTION,/worlds/demon-slayer-simulator-p4nv,359,359,鬼灭之刃模拟器 副本,鬼灭之刃模拟器 副本,1957150545,1957150545,YES,YES,/zh-cn/worlds/demon-slayer-simulator-p4nv,/zh-cn/worlds/demon-slayer-simulator-p4nv
INTERSECTION,/worlds/demon-slayer-simulator-piax,126,126,鬼灭之刃模拟器,鬼灭之刃模拟器,Merisse,Merisse,YES,YES,/zh-cn/worlds/demon-slayer-simulator-piax,/zh-cn/worlds/demon-slayer-simulator-piax
INTERSECTION,/worlds/demon-slayer-simulator-pjp1,864,864,鬼灭之刃模拟器,鬼灭之刃模拟器,Aki Lr,Aki Lr,YES,YES,/zh-cn/worlds/demon-slayer-simulator-pjp1,/zh-cn/worlds/demon-slayer-simulator-pjp1
INTERSECTION,/worlds/demon-slayer-simulator-pptj,464,464,鬼灭之刃模拟器,鬼灭之刃模拟器,who's Emily!,who's Emily!,YES,YES,/zh-cn/worlds/demon-slayer-simulator-pptj,/zh-cn/worlds/demon-slayer-simulator-pptj
INTERSECTION,/worlds/demon-slayer-simulator-q1f5,321,321,鬼灭之刃模拟器,鬼灭之刃模拟器,maiazairot,maiazairot,YES,YES,/zh-cn/worlds/demon-slayer-simulator-q1f5,/zh-cn/worlds/demon-slayer-simulator-q1f5
INTERSECTION,/worlds/demon-slayer-simulator-q2he,764,764,鬼灭之刃模拟器,鬼灭之刃模拟器,Ultron,Ultron,YES,YES,/zh-cn/worlds/demon-slayer-simulator-q2he,/zh-cn/worlds/demon-slayer-simulator-q2he
INTERSECTION,/worlds/demon-slayer-simulator-q4du,795,795,鬼灭之刃模拟器,鬼灭之刃模拟器,nhajqk sjsjska,nhajqk sjsjska,YES,YES,/zh-cn/worlds/demon-slayer-simulator-q4du,/zh-cn/worlds/demon-slayer-simulator-q4du
INTERSECTION,/worlds/demon-slayer-simulator-qan9,754,754,Demon Slayer Simulator,Demon Slayer Simulator,Bts tus patrones Por siempre,Bts tus patrones Por siempre,YES,YES,/zh-cn/worlds/demon-slayer-simulator-qan9,/zh-cn/worlds/demon-slayer-simulator-qan9
INTERSECTION,/worlds/demon-slayer-simulator-qhj2,465,465,鬼灭之刃模拟器,鬼灭之刃模拟器,who's Emily!,who's Emily!,YES,YES,/zh-cn/worlds/demon-slayer-simulator-qhj2,/zh-cn/worlds/demon-slayer-simulator-qhj2
INTERSECTION,/worlds/demon-slayer-simulator-qie1,231,231,鬼灭之刃模拟器,鬼灭之刃模拟器,2512549256,2512549256,YES,YES,/zh-cn/worlds/demon-slayer-simulator-qie1,/zh-cn/worlds/demon-slayer-simulator-qie1
INTERSECTION,/worlds/demon-slayer-simulator-qt4l,425,425,鬼灭之刃模拟器,鬼灭之刃模拟器,Mia-8b89fe,Mia-8b89fe,YES,YES,/zh-cn/worlds/demon-slayer-simulator-qt4l,/zh-cn/worlds/demon-slayer-simulator-qt4l
INTERSECTION,/worlds/demon-slayer-simulator-qtko,118,118,Simulador de Demon Slayer (Versión español y mejorada),Simulador de Demon Slayer (Versión español y mejorada),Noewi,Noewi,YES,YES,/zh-cn/worlds/demon-slayer-simulator-qtko,/zh-cn/worlds/demon-slayer-simulator-qtko
INTERSECTION,/worlds/demon-slayer-simulator-qudz,395,395,Demon Slayer Simulator Copia,Demon Slayer Simulator Copia,Alexa kelsy Arispe Castro,Alexa kelsy Arispe Castro,YES,YES,/zh-cn/worlds/demon-slayer-simulator-qudz,/zh-cn/worlds/demon-slayer-simulator-qudz
INTERSECTION,/worlds/demon-slayer-simulator-r4dg,1015,1015,鬼灭之刃模拟器,鬼灭之刃模拟器,Jasmin.,Jasmin.,YES,YES,/zh-cn/worlds/demon-slayer-simulator-r4dg,/zh-cn/worlds/demon-slayer-simulator-r4dg
INTERSECTION,/worlds/demon-slayer-simulator-rky6,775,775,鬼灭之刃模拟器,鬼灭之刃模拟器,Charly-e3d2df,Charly-e3d2df,YES,YES,/zh-cn/worlds/demon-slayer-simulator-rky6,/zh-cn/worlds/demon-slayer-simulator-rky6
INTERSECTION,/worlds/demon-slayer-simulator-rzkl,1038,1038,鬼灭之刃模拟器,鬼灭之刃模拟器,Babix_ekaz,Babix_ekaz,YES,YES,/zh-cn/worlds/demon-slayer-simulator-rzkl,/zh-cn/worlds/demon-slayer-simulator-rzkl
INTERSECTION,/worlds/demon-slayer-simulator-s148,776,776,鬼灭之刃模拟器,鬼灭之刃模拟器,rina,rina,YES,YES,/zh-cn/worlds/demon-slayer-simulator-s148,/zh-cn/worlds/demon-slayer-simulator-s148
INTERSECTION,/worlds/demon-slayer-simulator-sahr,998,998,鬼灭之刃模拟器,鬼灭之刃模拟器,Samantha Salinas,Samantha Salinas,YES,YES,/zh-cn/worlds/demon-slayer-simulator-sahr,/zh-cn/worlds/demon-slayer-simulator-sahr
INTERSECTION,/worlds/demon-slayer-simulator-sc06,867,867,鬼灭之刃模拟器,鬼灭之刃模拟器,Hanae,Hanae,YES,YES,/zh-cn/worlds/demon-slayer-simulator-sc06,/zh-cn/worlds/demon-slayer-simulator-sc06
INTERSECTION,/worlds/demon-slayer-simulator-sg0y,264,264,鬼灭之刃模拟器,鬼灭之刃模拟器,Ana sofia Mena clarete,Ana sofia Mena clarete,YES,YES,/zh-cn/worlds/demon-slayer-simulator-sg0y,/zh-cn/worlds/demon-slayer-simulator-sg0y
INTERSECTION,/worlds/demon-slayer-simulator-shfm,1062,1062,Demon Slayer Simulator,Demon Slayer Simulator,Aripqu,Aripqu,YES,YES,/zh-cn/worlds/demon-slayer-simulator-shfm,/zh-cn/worlds/demon-slayer-simulator-shfm
INTERSECTION,/worlds/demon-slayer-simulator-sjfl,155,155,鬼灭之刃模拟器,鬼灭之刃模拟器,Aismar aquino,Aismar aquino,YES,YES,/zh-cn/worlds/demon-slayer-simulator-sjfl,/zh-cn/worlds/demon-slayer-simulator-sjfl
INTERSECTION,/worlds/demon-slayer-simulator-skhp,591,591,Simulador de Demon Slayer (Versión español y mejorada),Simulador de Demon Slayer (Versión español y mejorada),1452805872,1452805872,YES,YES,/zh-cn/worlds/demon-slayer-simulator-skhp,/zh-cn/worlds/demon-slayer-simulator-skhp
INTERSECTION,/worlds/demon-slayer-simulator-svyp,936,936,鬼灭之刃模拟器,鬼灭之刃模拟器,1434039264,1434039264,YES,YES,/zh-cn/worlds/demon-slayer-simulator-svyp,/zh-cn/worlds/demon-slayer-simulator-svyp
INTERSECTION,/worlds/demon-slayer-simulator-szed,57,57,Simulador de Demon Slayer (Versión español y mejorada),Simulador de Demon Slayer (Versión español y mejorada),GISELLE,GISELLE,YES,YES,/zh-cn/worlds/demon-slayer-simulator-szed,/zh-cn/worlds/demon-slayer-simulator-szed
INTERSECTION,/worlds/demon-slayer-simulator-t31u,862,862,鬼灭之刃模拟器,鬼灭之刃模拟器,Iris Vanessa,Iris Vanessa,YES,YES,/zh-cn/worlds/demon-slayer-simulator-t31u,/zh-cn/worlds/demon-slayer-simulator-t31u
INTERSECTION,/worlds/demon-slayer-simulator-t4jv,443,443,Demon Slayer Simulator Copia,Demon Slayer Simulator Copia,Shura,Shura,YES,YES,/zh-cn/worlds/demon-slayer-simulator-t4jv,/zh-cn/worlds/demon-slayer-simulator-t4jv
INTERSECTION,/worlds/demon-slayer-simulator-t4zo,158,158,鬼灭之刃模拟器,鬼灭之刃模拟器,glennquagmire-1573,glennquagmire-1573,YES,YES,/zh-cn/worlds/demon-slayer-simulator-t4zo,/zh-cn/worlds/demon-slayer-simulator-t4zo
INTERSECTION,/worlds/demon-slayer-simulator-the-silent-tsuguk-pl4z,108,108,鬼灭之刃模拟器：无言的继子,鬼灭之刃模拟器：无言的继子,Noely Lemus,Noely Lemus,YES,YES,/zh-cn/worlds/demon-slayer-simulator-the-silent-tsuguk-pl4z,/zh-cn/worlds/demon-slayer-simulator-the-silent-tsuguk-pl4z
INTERSECTION,/worlds/demon-slayer-simulator-tmay,1037,1037,鬼灭之刃模拟器,鬼灭之刃模拟器,MariAleJC Jimenez Claros,MariAleJC Jimenez Claros,YES,YES,/zh-cn/worlds/demon-slayer-simulator-tmay,/zh-cn/worlds/demon-slayer-simulator-tmay
INTERSECTION,/worlds/demon-slayer-simulator-tqzy,923,923,鬼灭之刃模拟器,鬼灭之刃模拟器,camila melones,camila melones,YES,YES,/zh-cn/worlds/demon-slayer-simulator-tqzy,/zh-cn/worlds/demon-slayer-simulator-tqzy
INTERSECTION,/worlds/demon-slayer-simulator-tu9r,515,515,鬼灭之刃模拟器,鬼灭之刃模拟器,Nath-c41423,Nath-c41423,YES,YES,/zh-cn/worlds/demon-slayer-simulator-tu9r,/zh-cn/worlds/demon-slayer-simulator-tu9r
INTERSECTION,/worlds/demon-slayer-simulator-tv9c,520,520,鬼灭之刃模拟器,鬼灭之刃模拟器,sy,sy,YES,YES,/zh-cn/worlds/demon-slayer-simulator-tv9c,/zh-cn/worlds/demon-slayer-simulator-tv9c
INTERSECTION,/worlds/demon-slayer-simulator-txdk,260,260,鬼灭之刃模拟器,鬼灭之刃模拟器,Sara Guiñazu,Sara Guiñazu,YES,YES,/zh-cn/worlds/demon-slayer-simulator-txdk,/zh-cn/worlds/demon-slayer-simulator-txdk
INTERSECTION,/worlds/demon-slayer-simulator-uhrn,150,150,鬼灭之刃模拟器,鬼灭之刃模拟器,Ale-kri,Ale-kri,YES,YES,/zh-cn/worlds/demon-slayer-simulator-uhrn,/zh-cn/worlds/demon-slayer-simulator-uhrn
INTERSECTION,/worlds/demon-slayer-simulator-uirg,863,863,Demon Slayer Simulator Copia,Demon Slayer Simulator Copia,Nekoneko,Nekoneko,YES,YES,/zh-cn/worlds/demon-slayer-simulator-uirg,/zh-cn/worlds/demon-slayer-simulator-uirg
INTERSECTION,/worlds/demon-slayer-simulator-uwkf,181,181,鬼灭之刃模拟器：柱,鬼灭之刃模拟器：柱,Beesoon,Beesoon,YES,YES,/zh-cn/worlds/demon-slayer-simulator-uwkf,/zh-cn/worlds/demon-slayer-simulator-uwkf
INTERSECTION,/worlds/demon-slayer-simulator-uywn,378,378,鬼灭之刃模拟器,鬼灭之刃模拟器,eydan David,eydan David,YES,YES,/zh-cn/worlds/demon-slayer-simulator-uywn,/zh-cn/worlds/demon-slayer-simulator-uywn
INTERSECTION,/worlds/demon-slayer-simulator-v5n4,660,660,鬼灭之刃模拟器,鬼灭之刃模拟器,2579014538,2579014538,YES,YES,/zh-cn/worlds/demon-slayer-simulator-v5n4,/zh-cn/worlds/demon-slayer-simulator-v5n4
INTERSECTION,/worlds/demon-slayer-simulator-vcrk,914,914,鬼灭之刃模拟器,鬼灭之刃模拟器,Maria Martínez,Maria Martínez,YES,YES,/zh-cn/worlds/demon-slayer-simulator-vcrk,/zh-cn/worlds/demon-slayer-simulator-vcrk
INTERSECTION,/worlds/demon-slayer-simulator-vdjm,457,457,鬼灭之刃模拟器,鬼灭之刃模拟器,Iძᥲყ,Iძᥲყ,YES,YES,/zh-cn/worlds/demon-slayer-simulator-vdjm,/zh-cn/worlds/demon-slayer-simulator-vdjm
INTERSECTION,/worlds/demon-slayer-simulator-w1z5,809,809,鬼灭之刃模拟器,鬼灭之刃模拟器,Yuls López,Yuls López,YES,YES,/zh-cn/worlds/demon-slayer-simulator-w1z5,/zh-cn/worlds/demon-slayer-simulator-w1z5
INTERSECTION,/worlds/demon-slayer-simulator-w4m5,955,955,鬼灭之刃模拟器,鬼灭之刃模拟器,Celia Solis tola,Celia Solis tola,YES,YES,/zh-cn/worlds/demon-slayer-simulator-w4m5,/zh-cn/worlds/demon-slayer-simulator-w4m5
INTERSECTION,/worlds/demon-slayer-simulator-w8zg,396,396,鬼灭之刃模拟器 副本,鬼灭之刃模拟器 副本,2791515600,2791515600,YES,YES,/zh-cn/worlds/demon-slayer-simulator-w8zg,/zh-cn/worlds/demon-slayer-simulator-w8zg
INTERSECTION,/worlds/demon-slayer-simulator-w9fe,121,121,鬼灭之刃模拟器,鬼灭之刃模拟器,Dan-239d9d,Dan-239d9d,YES,YES,/zh-cn/worlds/demon-slayer-simulator-w9fe,/zh-cn/worlds/demon-slayer-simulator-w9fe
INTERSECTION,/worlds/demon-slayer-simulator-wlq7,1017,1017,鬼灭之刃模拟器,鬼灭之刃模拟器,阿薶俐,阿薶俐,YES,YES,/zh-cn/worlds/demon-slayer-simulator-wlq7,/zh-cn/worlds/demon-slayer-simulator-wlq7
INTERSECTION,/worlds/demon-slayer-simulator-wsub,401,401,鬼灭之刃模拟器,鬼灭之刃模拟器,Valeria Antonella Ramos Vega,Valeria Antonella Ramos Vega,YES,YES,/zh-cn/worlds/demon-slayer-simulator-wsub,/zh-cn/worlds/demon-slayer-simulator-wsub
INTERSECTION,/worlds/demon-slayer-simulator-wvc1,63,63,Demon Slayer Simulator Copy,Demon Slayer Simulator Copy,Amanda-313d77,Amanda-313d77,YES,YES,/zh-cn/worlds/demon-slayer-simulator-wvc1,/zh-cn/worlds/demon-slayer-simulator-wvc1
INTERSECTION,/worlds/demon-slayer-simulator-xbeg,981,981,鬼灭之刃模拟器,鬼灭之刃模拟器,Fernanda López Ramírez,Fernanda López Ramírez,YES,YES,/zh-cn/worlds/demon-slayer-simulator-xbeg,/zh-cn/worlds/demon-slayer-simulator-xbeg
INTERSECTION,/worlds/demon-slayer-simulator-xmvn,898,898,鬼灭之刃模拟器,鬼灭之刃模拟器,pistacho,pistacho,YES,YES,/zh-cn/worlds/demon-slayer-simulator-xmvn,/zh-cn/worlds/demon-slayer-simulator-xmvn
INTERSECTION,/worlds/demon-slayer-simulator-xnl7,357,357,鬼灭之刃模拟器,鬼灭之刃模拟器,Isabella Cruz Nolasco,Isabella Cruz Nolasco,YES,YES,/zh-cn/worlds/demon-slayer-simulator-xnl7,/zh-cn/worlds/demon-slayer-simulator-xnl7
INTERSECTION,/worlds/demon-slayer-simulator-xrby,1066,1066,Demon Slayer Simulator Copia,Demon Slayer Simulator Copia,Aisha Segura,Aisha Segura,YES,YES,/zh-cn/worlds/demon-slayer-simulator-xrby,/zh-cn/worlds/demon-slayer-simulator-xrby
INTERSECTION,/worlds/demon-slayer-simulator-xv5r,542,542,鬼灭之刃模拟器,鬼灭之刃模拟器,Gigi Chaaan,Gigi Chaaan,YES,YES,/zh-cn/worlds/demon-slayer-simulator-xv5r,/zh-cn/worlds/demon-slayer-simulator-xv5r
INTERSECTION,/worlds/demon-slayer-simulator-xxho,142,142,Demon Slayer Simulator Copia,Demon Slayer Simulator Copia,Alejandra Medina Perdomo,Alejandra Medina Perdomo,YES,YES,/zh-cn/worlds/demon-slayer-simulator-xxho,/zh-cn/worlds/demon-slayer-simulator-xxho
INTERSECTION,/worlds/demon-slayer-simulator-y8ya,896,896,鬼灭之刃模拟器,鬼灭之刃模拟器,abrahamzeus59,abrahamzeus59,YES,YES,/zh-cn/worlds/demon-slayer-simulator-y8ya,/zh-cn/worlds/demon-slayer-simulator-y8ya
INTERSECTION,/worlds/demon-slayer-simulator-yaae,160,160,放纵的鬼灭之刃,放纵的鬼灭之刃,sy,sy,YES,YES,/zh-cn/worlds/demon-slayer-simulator-yaae,/zh-cn/worlds/demon-slayer-simulator-yaae
INTERSECTION,/worlds/demon-slayer-simulator-yb0s,73,73,鬼灭之刃模拟器,鬼灭之刃模拟器,World101,World101,YES,YES,/zh-cn/worlds/demon-slayer-simulator-yb0s,/zh-cn/worlds/demon-slayer-simulator-yb0s
INTERSECTION,/worlds/demon-slayer-simulator-yfez,773,773,鬼灭之刃模拟器,鬼灭之刃模拟器,Caso,Caso,YES,YES,/zh-cn/worlds/demon-slayer-simulator-yfez,/zh-cn/worlds/demon-slayer-simulator-yfez
INTERSECTION,/worlds/demon-slayer-simulator-yq9s,871,871,Demon Slayer Simulator Copia,Demon Slayer Simulator Copia,Janyurit,Janyurit,YES,YES,/zh-cn/worlds/demon-slayer-simulator-yq9s,/zh-cn/worlds/demon-slayer-simulator-yq9s
INTERSECTION,/worlds/demon-slayer-simulator-yqbe,270,270,鬼灭模拟器,鬼灭模拟器,hyagleeo,hyagleeo,YES,YES,/zh-cn/worlds/demon-slayer-simulator-yqbe,/zh-cn/worlds/demon-slayer-simulator-yqbe
INTERSECTION,/worlds/demon-slayer-simulator-ytic,816,816,鬼灭之刃模拟器,鬼灭之刃模拟器,Ale222xxx,Ale222xxx,YES,YES,/zh-cn/worlds/demon-slayer-simulator-ytic,/zh-cn/worlds/demon-slayer-simulator-ytic
INTERSECTION,/worlds/demon-slayer-simulator-yv90,555,555,鬼灭之刃模拟器,鬼灭之刃模拟器,Gigi Chaaan,Gigi Chaaan,YES,YES,/zh-cn/worlds/demon-slayer-simulator-yv90,/zh-cn/worlds/demon-slayer-simulator-yv90
INTERSECTION,/worlds/demon-slayer-simulator-yzjg,569,569,鬼灭模拟器：鬼之视角,鬼灭模拟器：鬼之视角,sy,sy,YES,YES,/zh-cn/worlds/demon-slayer-simulator-yzjg,/zh-cn/worlds/demon-slayer-simulator-yzjg
INTERSECTION,/worlds/demon-slayer-simulator-z1bn,893,893,鬼灭之刃模拟器,鬼灭之刃模拟器,GISELLE,GISELLE,YES,YES,/zh-cn/worlds/demon-slayer-simulator-z1bn,/zh-cn/worlds/demon-slayer-simulator-z1bn
INTERSECTION,/worlds/demon-slayer-simulator-zhfy,139,139,鬼杀队模拟器,鬼杀队模拟器,PEPITO8K,PEPITO8K,YES,YES,/zh-cn/worlds/demon-slayer-simulator-zhfy,/zh-cn/worlds/demon-slayer-simulator-zhfy
INTERSECTION,/worlds/demon-slayer-simulator-zq5c,519,519,鬼灭之刃模拟器,鬼灭之刃模拟器,sy,sy,YES,YES,/zh-cn/worlds/demon-slayer-simulator-zq5c,/zh-cn/worlds/demon-slayer-simulator-zq5c
INTERSECTION,/worlds/demon-slayer-simulator-zqit,366,366,Demon Slayer Simulator Copia,Demon Slayer Simulator Copia,Coliflor,Coliflor,YES,YES,/zh-cn/worlds/demon-slayer-simulator-zqit,/zh-cn/worlds/demon-slayer-simulator-zqit
INTERSECTION,/worlds/demon-slayer-v4kd,847,847,鬼灭之刃,鬼灭之刃,Vicente Aravena,Vicente Aravena,YES,YES,/zh-cn/worlds/demon-slayer-v4kd,/zh-cn/worlds/demon-slayer-v4kd
ONLY_ALL,/worlds/demon-slaying-high-school-simulator-2018-hslt,,1090,,Demon Slaying High School Simulator 2018,,Amber AS11952,,YES,,/zh-cn/worlds/demon-slaying-high-school-simulator-2018-hslt
INTERSECTION,/worlds/demonn-rdx5,238,238,恶魔之魂,恶魔之魂,Vera María Ochoa,Vera María Ochoa,YES,YES,/zh-cn/worlds/demonn-rdx5,/zh-cn/worlds/demonn-rdx5
INTERSECTION,/worlds/desarrollo-ch1v,1040,1040,Desarrollo,Desarrollo,yarelis montesino,yarelis montesino,YES,YES,/zh-cn/worlds/desarrollo-ch1v,/zh-cn/worlds/desarrollo-ch1v
INTERSECTION,/worlds/di-er-ci-shi-jie-da-zhan-shi-shi-dong-ta-a1a4ed5dc7d5,168,168,第二次世界大战：实时动态战场,第二次世界大战：实时动态战场,aaron13,aaron13,YES,YES,/zh-cn/worlds/di-er-ci-shi-jie-da-zhan-shi-shi-dong-ta-a1a4ed5dc7d5,/zh-cn/worlds/di-er-ci-shi-jie-da-zhan-shi-shi-dong-ta-a1a4ed5dc7d5
INTERSECTION,/worlds/di-san-ci-shi-jie-da-zhan-luo-po-huang-d-r9zb,105,105,第三次世界大战：落魄皇帝的逆袭,第三次世界大战：落魄皇帝的逆袭,fuqiang wei,fuqiang wei,YES,YES,/zh-cn/worlds/di-san-ci-shi-jie-da-zhan-luo-po-huang-d-r9zb,/zh-cn/worlds/di-san-ci-shi-jie-da-zhan-luo-po-huang-d-r9zb
INTERSECTION,/worlds/di-yuan-zheng-zhi-mo-ni-qi-43076da0951f,136,136,地缘政治模拟器,地缘政治模拟器,2729310179,2729310179,YES,YES,/zh-cn/worlds/di-yuan-zheng-zhi-mo-ni-qi-43076da0951f,/zh-cn/worlds/di-yuan-zheng-zhi-mo-ni-qi-43076da0951f
INTERSECTION,/worlds/digital-circus-43ss,784,784,数字马戏团,数字马戏团,Sol :3,Sol :3,YES,YES,/zh-cn/worlds/digital-circus-43ss,/zh-cn/worlds/digital-circus-43ss
INTERSECTION,/worlds/dinastia-qing-wcav,215,215,清朝（建设中）,清朝（建设中）,Persachii,Persachii,YES,YES,/zh-cn/worlds/dinastia-qing-wcav,/zh-cn/worlds/dinastia-qing-wcav
ONLY_ALL,/worlds/dr-stone-universe-ozh5,,1093,,石纪元宇宙,,offfline,,YES,,/zh-cn/worlds/dr-stone-universe-ozh5
ONLY_ALL,/worlds/dr-stone-universe-xxvu,,1128,,石纪元宇宙,,Saray Gomez,,YES,,/zh-cn/worlds/dr-stone-universe-xxvu
INTERSECTION,/worlds/el-mundo-fantasioso-de-eretria-o5pk,259,259,El mundo fantasioso de Eretria,El mundo fantasioso de Eretria,8cho It's a better name,8cho It's a better name,YES,YES,/zh-cn/worlds/el-mundo-fantasioso-de-eretria-o5pk,/zh-cn/worlds/el-mundo-fantasioso-de-eretria-o5pk
INTERSECTION,/worlds/el-tesoro-del-pirata-j492,257,257,El tesoro del pirata,El tesoro del pirata,Adriana Hidalgo,Adriana Hidalgo,YES,YES,/zh-cn/worlds/el-tesoro-del-pirata-j492,/zh-cn/worlds/el-tesoro-del-pirata-j492
INTERSECTION,/worlds/em-66e6,861,861,Em,Em,More Lucero,More Lucero,YES,YES,/zh-cn/worlds/em-66e6,/zh-cn/worlds/em-66e6
INTERSECTION,/worlds/endministrators-aluloi-saga-jbox,210,210,终焉执行者：阿卢洛伊传奇,终焉执行者：阿卢洛伊传奇,sakura san,sakura san,NO,NO,/zh-cn/worlds/endministrators-aluloi-saga-jbox,/zh-cn/worlds/endministrators-aluloi-saga-jbox
INTERSECTION,/worlds/er-zhan-mo-ni-qi-7opr,293,293,二战模拟器,二战模拟器,3633717790,3633717790,YES,YES,/zh-cn/worlds/er-zhan-mo-ni-qi-7opr,/zh-cn/worlds/er-zhan-mo-ni-qi-7opr
INTERSECTION,/worlds/er-zhan-mo-ni-qi-cjyz,785,785,二战模拟器,二战模拟器,shiu wong,shiu wong,YES,YES,/zh-cn/worlds/er-zhan-mo-ni-qi-cjyz,/zh-cn/worlds/er-zhan-mo-ni-qi-cjyz
INTERSECTION,/worlds/er-zhan-mo-ni-qi-fmbw,116,116,二战模拟器,二战模拟器,gg gg,gg gg,YES,YES,/zh-cn/worlds/er-zhan-mo-ni-qi-fmbw,/zh-cn/worlds/er-zhan-mo-ni-qi-fmbw
INTERSECTION,/worlds/er-zhan-mo-ni-qi-g45f,727,727,二战模拟器,二战模拟器,兔猻,兔猻,YES,YES,/zh-cn/worlds/er-zhan-mo-ni-qi-g45f,/zh-cn/worlds/er-zhan-mo-ni-qi-g45f
INTERSECTION,/worlds/er-zhan-mo-ni-qi-ornp,720,720,二战模拟器,二战模拟器,2028077383,2028077383,YES,YES,/zh-cn/worlds/er-zhan-mo-ni-qi-ornp,/zh-cn/worlds/er-zhan-mo-ni-qi-ornp
INTERSECTION,/worlds/er-zhan-mo-ni-qi-pw6m,399,399,二战模拟器,二战模拟器,3649579288,3649579288,YES,YES,/zh-cn/worlds/er-zhan-mo-ni-qi-pw6m,/zh-cn/worlds/er-zhan-mo-ni-qi-pw6m
INTERSECTION,/worlds/er-zhan-mo-ni-qi-yn1p,1051,1051,二战模拟器,二战模拟器,GUANTAO SONG,GUANTAO SONG,YES,YES,/zh-cn/worlds/er-zhan-mo-ni-qi-yn1p,/zh-cn/worlds/er-zhan-mo-ni-qi-yn1p
INTERSECTION,/worlds/erea-730q,398,398,Erea,Erea,atipim4,atipim4,YES,YES,/zh-cn/worlds/erea-730q,/zh-cn/worlds/erea-730q
INTERSECTION,/worlds/error-404-borrador-dmpz,175,175,错误 404-演示版,错误 404-演示版,Jenifer Negrete,Jenifer Negrete,YES,YES,/zh-cn/worlds/error-404-borrador-dmpz,/zh-cn/worlds/error-404-borrador-dmpz
INTERSECTION,/worlds/estados-unidos-n6z8,883,883,美国,美国,Gato gordo-084b22,Gato gordo-084b22,YES,YES,/zh-cn/worlds/estados-unidos-n6z8,/zh-cn/worlds/estados-unidos-n6z8
INTERSECTION,/worlds/evolution-qlnc,82,82,进化,进化,Yokito Gatai,Yokito Gatai,YES,YES,/zh-cn/worlds/evolution-qlnc,/zh-cn/worlds/evolution-qlnc
INTERSECTION,/worlds/f-rmula-uno-owdu,166,166,一级方程式赛车,一级方程式赛车,Zoe Seren,Zoe Seren,YES,YES,/zh-cn/worlds/f-rmula-uno-owdu,/zh-cn/worlds/f-rmula-uno-owdu
INTERSECTION,/worlds/falling-for-the-lifeguard-c65a,480,480,Falling for the Lifeguard,Falling for the Lifeguard,Melina Gadea,Melina Gadea,YES,YES,/zh-cn/worlds/falling-for-the-lifeguard-c65a,/zh-cn/worlds/falling-for-the-lifeguard-c65a
INTERSECTION,/worlds/falling-for-the-lifeguard-gdvm,560,560,恋上救生员,恋上救生员,perseus75,perseus75,YES,YES,/zh-cn/worlds/falling-for-the-lifeguard-gdvm,/zh-cn/worlds/falling-for-the-lifeguard-gdvm
INTERSECTION,/worlds/falling-for-the-lifeguard-h4y5,22,22,恋上救生员,恋上救生员,Patxina,Patxina,YES,YES,/zh-cn/worlds/falling-for-the-lifeguard-h4y5,/zh-cn/worlds/falling-for-the-lifeguard-h4y5
INTERSECTION,/worlds/falling-for-the-lifeguard-ndh5,580,580,恋上救生员,恋上救生员,leaballotgo,leaballotgo,YES,YES,/zh-cn/worlds/falling-for-the-lifeguard-ndh5,/zh-cn/worlds/falling-for-the-lifeguard-ndh5
INTERSECTION,/worlds/falling-for-the-lifeguard-u42x,162,162,恋上救生员,恋上救生员,Habiba kareem,Habiba kareem,YES,YES,/zh-cn/worlds/falling-for-the-lifeguard-u42x,/zh-cn/worlds/falling-for-the-lifeguard-u42x
INTERSECTION,/worlds/falling-for-the-lifeguard-uhh0,504,504,恋上救生员,恋上救生员,Elizabeth 2010,Elizabeth 2010,YES,YES,/zh-cn/worlds/falling-for-the-lifeguard-uhh0,/zh-cn/worlds/falling-for-the-lifeguard-uhh0
INTERSECTION,/worlds/fap-nights-at-frennis-cntu,84,84,Fap Nights at Frennis,Fap Nights at Frennis,Agusxd,Agusxd,YES,YES,/zh-cn/worlds/fap-nights-at-frennis-cntu,/zh-cn/worlds/fap-nights-at-frennis-cntu
INTERSECTION,/worlds/ff-ilst,877,877,Ff,Ff,Less,Less,YES,YES,/zh-cn/worlds/ff-ilst,/zh-cn/worlds/ff-ilst
INTERSECTION,/worlds/finca-mariposa-aromas-y-destinos-6b19b3cf337b,407,407,Finca Mariposa: Aromas y Destinos,Finca Mariposa: Aromas y Destinos,Evelin Naomi Horta Castañeda,Evelin Naomi Horta Castañeda,YES,YES,/zh-cn/worlds/finca-mariposa-aromas-y-destinos-6b19b3cf337b,/zh-cn/worlds/finca-mariposa-aromas-y-destinos-6b19b3cf337b
INTERSECTION,/worlds/fu-wen-zhi-di-ying-xiong-zhuan-shuo-mo-n-4796d234184d,221,221,符文之地：英雄传说模拟器,符文之地：英雄传说模拟器,985530482,985530482,NO,NO,/zh-cn/worlds/fu-wen-zhi-di-ying-xiong-zhuan-shuo-mo-n-4796d234184d,/zh-cn/worlds/fu-wen-zhi-di-ying-xiong-zhuan-shuo-mo-n-4796d234184d
INTERSECTION,/worlds/game-of-thrones-game-7xtl,120,120,Alternative World,Alternative World,Yokito Gatai,Yokito Gatai,YES,YES,/zh-cn/worlds/game-of-thrones-game-7xtl,/zh-cn/worlds/game-of-thrones-game-7xtl
INTERSECTION,/worlds/genshin-impact-6kxd,107,107,原神,原神,Black Dahlia,Black Dahlia,YES,YES,/zh-cn/worlds/genshin-impact-6kxd,/zh-cn/worlds/genshin-impact-6kxd
INTERSECTION,/worlds/genshin-impact-md6n,41,41,原神,原神,eva duran,eva duran,YES,YES,/zh-cn/worlds/genshin-impact-md6n,/zh-cn/worlds/genshin-impact-md6n
INTERSECTION,/worlds/geopol-tica-global-orden-mundial-2024-oz2j,328,328,全球地缘政治：2024世界秩序,全球地缘政治：2024世界秩序,pablitronic,pablitronic,YES,YES,/zh-cn/worlds/geopol-tica-global-orden-mundial-2024-oz2j,/zh-cn/worlds/geopol-tica-global-orden-mundial-2024-oz2j
INTERSECTION,/worlds/geopol-tica-mundial-2024-kij1,1049,1049,Geopolítica Mundial: 2024,Geopolítica Mundial: 2024,pablitronic,pablitronic,YES,YES,/zh-cn/worlds/geopol-tica-mundial-2024-kij1,/zh-cn/worlds/geopol-tica-mundial-2024-kij1
INTERSECTION,/worlds/german-bu9o,327,327,german,german,hhandalous,hhandalous,YES,YES,/zh-cn/worlds/german-bu9o,/zh-cn/worlds/german-bu9o
INTERSECTION,/worlds/ggvva-3xil,826,826,Ggvva,Ggvva,Sebastian El mejor taquero,Sebastian El mejor taquero,YES,YES,/zh-cn/worlds/ggvva-3xil,/zh-cn/worlds/ggvva-3xil
INTERSECTION,/worlds/got-wy1y,858,858,权力的游戏,权力的游戏,Matelu,Matelu,YES,YES,/zh-cn/worlds/got-wy1y,/zh-cn/worlds/got-wy1y
INTERSECTION,/worlds/gotham-city-dcan,372,372,Gotham City,Gotham City,Fatima Hurtado,Fatima Hurtado,YES,YES,/zh-cn/worlds/gotham-city-dcan,/zh-cn/worlds/gotham-city-dcan
INTERSECTION,/worlds/gotham-city-ot1i,414,414,Gotham City,Gotham City,Pato valiente,Pato valiente,YES,YES,/zh-cn/worlds/gotham-city-ot1i,/zh-cn/worlds/gotham-city-ot1i
INTERSECTION,/worlds/gotham-city-uax4,60,60,Gotham City,Gotham City,Guss,Guss,YES,YES,/zh-cn/worlds/gotham-city-uax4,/zh-cn/worlds/gotham-city-uax4
INTERSECTION,/worlds/gravity-falls-1n0d,159,159,怪诞小镇,怪诞小镇,Azúcar sí,Azúcar sí,YES,YES,/zh-cn/worlds/gravity-falls-1n0d,/zh-cn/worlds/gravity-falls-1n0d
INTERSECTION,/worlds/gravity-falls-insanity-ford-au-198q,825,825,怪诞小镇：斯坦福疯狂AU,怪诞小镇：斯坦福疯狂AU,Emma Williams,Emma Williams,YES,YES,/zh-cn/worlds/gravity-falls-insanity-ford-au-198q,/zh-cn/worlds/gravity-falls-insanity-ford-au-198q
INTERSECTION,/worlds/gravity-falls-xl16,381,381,Gravity Falls,Gravity Falls,more-0be797,more-0be797,YES,YES,/zh-cn/worlds/gravity-falls-xl16,/zh-cn/worlds/gravity-falls-xl16
INTERSECTION,/worlds/grys-b76s,756,756,Grys,Grys,Karla-653782,Karla-653782,YES,YES,/zh-cn/worlds/grys-b76s,/zh-cn/worlds/grys-b76s
INTERSECTION,/worlds/guerra-u8rq,765,765,战争,战争,Sopa,Sopa,YES,YES,/zh-cn/worlds/guerra-u8rq,/zh-cn/worlds/guerra-u8rq
ONLY_ALL,/worlds/high-school-simulator-2018-edici-n-sakur-a591f47649e0,,1134,,High School Simulator 2018: Edición Sakura,,viruezfranco1,,YES,,/zh-cn/worlds/high-school-simulator-2018-edici-n-sakur-a591f47649e0
ONLY_ALL,/worlds/high-school-simulator-2018-el-culto-del-77de226f1c92,,1136,,High School Simulator 2018: El Culto del Engendro,,Starflarex,,YES,,/zh-cn/worlds/high-school-simulator-2018-el-culto-del-77de226f1c92
ONLY_ALL,/worlds/high-school-simulator-2018-el-culto-del-f1a8875673fc,,1137,,High School Simulator 2018: El Culto del Engendro,,Starflarex,,YES,,/zh-cn/worlds/high-school-simulator-2018-el-culto-del-f1a8875673fc
ONLY_ALL,/worlds/high-school-simulator-2018-el-simulador-73k8,,1160,,High School Simulator 2018: El Simulador de la Secundaria,,Chuo iib,,YES,,/zh-cn/worlds/high-school-simulator-2018-el-simulador-73k8
INTERSECTION,/worlds/historia-cthg,830,830,历史,历史,Carolina Del norte,Carolina Del norte,YES,YES,/zh-cn/worlds/historia-cthg,/zh-cn/worlds/historia-cthg
INTERSECTION,/worlds/hogwarts-3bmx,216,216,测试世界 001,测试世界 001,x161880,x161880,YES,YES,/zh-cn/worlds/hogwarts-3bmx,/zh-cn/worlds/hogwarts-3bmx
INTERSECTION,/worlds/hogwarts-bl7h,268,268,海上的传说,海上的传说,Cristina VQ,Cristina VQ,YES,YES,/zh-cn/worlds/hogwarts-bl7h,/zh-cn/worlds/hogwarts-bl7h
INTERSECTION,/worlds/hogwarts-simulator-q5k9,217,217,霍格沃茨模拟器,霍格沃茨模拟器,Yyfyyftgfghffrrdsfhhhhh,Yyfyyftgfghffrrdsfhhhhh,YES,YES,/zh-cn/worlds/hogwarts-simulator-q5k9,/zh-cn/worlds/hogwarts-simulator-q5k9
INTERSECTION,/worlds/hogwarts-wing,794,794,霍格沃茨模拟器,霍格沃茨模拟器,Chan Wai Kian,Chan Wai Kian,YES,YES,/zh-cn/worlds/hogwarts-wing,/zh-cn/worlds/hogwarts-wing
INTERSECTION,/worlds/homeworld-era-1-simulator-42d72f21597c,1078,1078,Homeworld: Era 1 Simulator,Homeworld: Era 1 Simulator,Dayronlolololo,Dayronlolololo,YES,YES,/zh-cn/worlds/homeworld-era-1-simulator-42d72f21597c,/zh-cn/worlds/homeworld-era-1-simulator-42d72f21597c
INTERSECTION,/worlds/hotd-rqat,83,83,学园默示录,学园默示录,Dian Zayemien,Dian Zayemien,YES,YES,/zh-cn/worlds/hotd-rqat,/zh-cn/worlds/hotd-rqat
INTERSECTION,/worlds/house-of-the-dragon-dance-of-the-dragons-gepi,112,112,龙之家族：血龙狂舞,龙之家族：血龙狂舞,Yokito Gatai,Yokito Gatai,YES,YES,/zh-cn/worlds/house-of-the-dragon-dance-of-the-dragons-gepi,/zh-cn/worlds/house-of-the-dragon-dance-of-the-dragons-gepi
INTERSECTION,/worlds/house-of-the-dragon-v4it,946,946,龙之家族 (未完成),龙之家族 (未完成),Dominic Palacio,Dominic Palacio,YES,YES,/zh-cn/worlds/house-of-the-dragon-v4it,/zh-cn/worlds/house-of-the-dragon-v4it
INTERSECTION,/worlds/house-of-the-dragons-lm7w,253,253,龙之屋,龙之屋,Bianca Borrelli,Bianca Borrelli,YES,YES,/zh-cn/worlds/house-of-the-dragons-lm7w,/zh-cn/worlds/house-of-the-dragons-lm7w
INTERSECTION,/worlds/house-of-the-dragons-vx13,64,64,龙之屋,龙之屋,Juegos,Juegos,YES,YES,/zh-cn/worlds/house-of-the-dragons-vx13,/zh-cn/worlds/house-of-the-dragons-vx13
INTERSECTION,/worlds/hua-xia-li-shi-ji-yuan-mo-ni-qi-6718b472-hava,178,178,华夏历史纪元模拟器 副本,华夏历史纪元模拟器 副本,2459325529,2459325529,YES,YES,/zh-cn/worlds/hua-xia-li-shi-ji-yuan-mo-ni-qi-6718b472-hava,/zh-cn/worlds/hua-xia-li-shi-ji-yuan-mo-ni-qi-6718b472-hava
INTERSECTION,/worlds/hua-xia-li-shi-ji-yuan-mo-ni-qi-6718b4724853,62,62,华夏历史纪元模拟器,华夏历史纪元模拟器,365105779,365105779,YES,YES,/zh-cn/worlds/hua-xia-li-shi-ji-yuan-mo-ni-qi-6718b4724853,/zh-cn/worlds/hua-xia-li-shi-ji-yuan-mo-ni-qi-6718b4724853
INTERSECTION,/worlds/humans-v61v,229,229,HUMANS,HUMANS,Santiago-b59582,Santiago-b59582,YES,YES,/zh-cn/worlds/humans-v61v,/zh-cn/worlds/humans-v61v
INTERSECTION,/worlds/hunger-games-simulator-hasl,36,36,饥饿游戏模拟器,饥饿游戏模拟器,kelstrack10,kelstrack10,YES,YES,/zh-cn/worlds/hunger-games-simulator-hasl,/zh-cn/worlds/hunger-games-simulator-hasl
INTERSECTION,/worlds/huo-ge-wo-ci-mo-ni-qi-a0aecd49ecc4,368,368,霍格沃茨模拟器,霍格沃茨模拟器,北,北,YES,YES,/zh-cn/worlds/huo-ge-wo-ci-mo-ni-qi-a0aecd49ecc4,/zh-cn/worlds/huo-ge-wo-ci-mo-ni-qi-a0aecd49ecc4
INTERSECTION,/worlds/in-the-dark-sw16,397,397,In the Dark,In the Dark,atipim4,atipim4,YES,YES,/zh-cn/worlds/in-the-dark-sw16,/zh-cn/worlds/in-the-dark-sw16
INTERSECTION,/worlds/instituto-de-chicos-s8s5,65,65,Academia Elysium,Academia Elysium,Hedatte,Hedatte,YES,YES,/zh-cn/worlds/instituto-de-chicos-s8s5,/zh-cn/worlds/instituto-de-chicos-s8s5
INTERSECTION,/worlds/instituto-gakuran-0e7d,68,68,学兰学院,学兰学院,Faku Candia,Faku Candia,YES,YES,/zh-cn/worlds/instituto-gakuran-0e7d,/zh-cn/worlds/instituto-gakuran-0e7d
INTERSECTION,/worlds/invincible-ordinary-life-impossible-powe-737265,49,49,无敌：平民之路,无敌：平民之路,Kate Lee,Kate Lee,YES,YES,/zh-cn/worlds/invincible-ordinary-life-impossible-powe-737265,/zh-cn/worlds/invincible-ordinary-life-impossible-powe-737265
ONLY_ALL,/worlds/iron-eagle,,1107,,侦探模拟器:铁鹰之死,,World101,,YES,,/zh-cn/worlds/iron-eagle
INTERSECTION,/worlds/jap-n-i7bv,806,806,日本,日本,Grimm,Grimm,YES,YES,/zh-cn/worlds/jap-n-i7bv,/zh-cn/worlds/jap-n-i7bv
ONLY_ALL,/worlds/japanese-high-23t4,,1144,,日本高中模拟器2018,,Joicho,,YES,,/zh-cn/worlds/japanese-high-23t4
ONLY_ALL,/worlds/japanese-high-2l6e,,1135,,日本高中模拟器2018,,Fisiajgdjqosiwiand,,YES,,/zh-cn/worlds/japanese-high-2l6e
ONLY_ALL,/worlds/japanese-high-5214,,1146,,日本高中模拟器2018,,Go kitty go!,,YES,,/zh-cn/worlds/japanese-high-5214
ONLY_ALL,/worlds/japanese-high-5hmx,,1133,,日本高中模拟器2018,,Mega Ex,,YES,,/zh-cn/worlds/japanese-high-5hmx
ONLY_ALL,/worlds/japanese-high-6qzc,,1125,,日本高中模拟器2018,,Caterin,,YES,,/zh-cn/worlds/japanese-high-6qzc
ONLY_ALL,/worlds/japanese-high-75p9,,1151,,日本高中模拟器2018,,Aillyn Gomez,,YES,,/zh-cn/worlds/japanese-high-75p9
ONLY_ALL,/worlds/japanese-high-783e,,1176,,日本高中模拟器2018,,_B1LLESH_,,YES,,/zh-cn/worlds/japanese-high-783e
ONLY_ALL,/worlds/japanese-high-7e1z,,1161,,日本高中模拟器2018,,Mariana Jimenez,,YES,,/zh-cn/worlds/japanese-high-7e1z
ONLY_ALL,/worlds/japanese-high-aco4,,1175,,日本高中模拟器2018,,Quackity,,YES,,/zh-cn/worlds/japanese-high-aco4
ONLY_ALL,/worlds/japanese-high-b2e2,,1116,,日本高中模拟器2018,,2125471151,,YES,,/zh-cn/worlds/japanese-high-b2e2
ONLY_ALL,/worlds/japanese-high-cuo0,,1120,,星空高中仓鼠交换,,mery angela,,YES,,/zh-cn/worlds/japanese-high-cuo0
ONLY_ALL,/worlds/japanese-high-dms2,,1154,,日本高中模拟器2018,,MonikaLover,,YES,,/zh-cn/worlds/japanese-high-dms2
ONLY_ALL,/worlds/japanese-high-eweq,,1156,,日本高中模拟器2018,,Neycer Vera,,YES,,/zh-cn/worlds/japanese-high-eweq
ONLY_ALL,/worlds/japanese-high-gt54,,1153,,日本高中模拟器2018,,Angel Brooks,,YES,,/zh-cn/worlds/japanese-high-gt54
ONLY_ALL,/worlds/japanese-high-gt5j,,1157,,日本高中模拟器2018,,Mel-20235e,,YES,,/zh-cn/worlds/japanese-high-gt5j
ONLY_ALL,/worlds/japanese-high-gvfw,,1131,,日本高中模拟器2018,,Fisiajgdjqosiwiand,,YES,,/zh-cn/worlds/japanese-high-gvfw
ONLY_ALL,/worlds/japanese-high-ijze,,1166,,日本高中模拟器2018,,Hayastx,,YES,,/zh-cn/worlds/japanese-high-ijze
ONLY_ALL,/worlds/japanese-high-io0k,,1145,,日本高中模拟器2018,,Noober666,,YES,,/zh-cn/worlds/japanese-high-io0k
ONLY_ALL,/worlds/japanese-high-jh38,,1164,,日本高中模拟器2018,,Renato-f6fb96,,YES,,/zh-cn/worlds/japanese-high-jh38
ONLY_ALL,/worlds/japanese-high-jmbg,,1177,,日本高中模拟器2018,,Celeste-13709d,,YES,,/zh-cn/worlds/japanese-high-jmbg
ONLY_ALL,/worlds/japanese-high-k7cb,,1141,,日本高中模拟器2018,,martina belen lai,,YES,,/zh-cn/worlds/japanese-high-k7cb
ONLY_ALL,/worlds/japanese-high-mdzm,,1149,,日本高中模拟器2018,,Go kitty go!,,YES,,/zh-cn/worlds/japanese-high-mdzm
ONLY_ALL,/worlds/japanese-high-mxah,,1168,,日本高中模拟器2018,,niiyun28,,YES,,/zh-cn/worlds/japanese-high-mxah
ONLY_ALL,/worlds/japanese-high-pt99,,1162,,日本高中模拟器2018,,Yukio _Meowgore,,YES,,/zh-cn/worlds/japanese-high-pt99
ONLY_ALL,/worlds/japanese-high-r43i,,1140,,日本高中模拟器2018,,John-71a660,,YES,,/zh-cn/worlds/japanese-high-r43i
ONLY_ALL,/worlds/japanese-high-school,,1086,,日本高中模拟器2018,,World101,,YES,,/zh-cn/worlds/japanese-high-school
ONLY_ALL,/worlds/japanese-high-seph,,1155,,日本高中模拟器2018,,Agustine,,YES,,/zh-cn/worlds/japanese-high-seph
ONLY_ALL,/worlds/japanese-high-u3bw,,1129,,日本高中模拟器2018,,John-71a660,,YES,,/zh-cn/worlds/japanese-high-u3bw
ONLY_ALL,/worlds/japanese-high-u5gi,,1167,,日本高中模拟器2018,,2736534500,,YES,,/zh-cn/worlds/japanese-high-u5gi
ONLY_ALL,/worlds/japanese-high-uhya,,1132,,日本高中模拟器2018,,Fisiajgdjqosiwiand,,YES,,/zh-cn/worlds/japanese-high-uhya
ONLY_ALL,/worlds/japanese-high-w0ss,,1152,,日本高中模拟器2018,,SunRexYT777,,YES,,/zh-cn/worlds/japanese-high-w0ss
ONLY_ALL,/worlds/japanese-high-w9wx,,1159,,日本高中模拟器2018,,mery angela,,YES,,/zh-cn/worlds/japanese-high-w9wx
ONLY_ALL,/worlds/japanese-high-xa25,,1165,,日本高中模拟器2018,,Tryrud,,YES,,/zh-cn/worlds/japanese-high-xa25
ONLY_ALL,/worlds/japanese-high-xnjw,,1173,,日本高中模拟器2018,,_B1LLESH_,,YES,,/zh-cn/worlds/japanese-high-xnjw
INTERSECTION,/worlds/jing-ling-bao-ke-meng-dong-qing-de-chuan-fe5d55edba57,225,225,精灵宝可梦：东卿的传承之路,精灵宝可梦：东卿的传承之路,lyh1993813,lyh1993813,YES,YES,/zh-cn/worlds/jing-ling-bao-ke-meng-dong-qing-de-chuan-fe5d55edba57,/zh-cn/worlds/jing-ling-bao-ke-meng-dong-qing-de-chuan-fe5d55edba57
INTERSECTION,/worlds/jing-ling-bao-ke-meng-wan-xiang-l-tu-6ab-0hn7,589,589,《精灵宝可梦》·万象旅途,《精灵宝可梦》·万象旅途,2875353453,2875353453,YES,YES,/zh-cn/worlds/jing-ling-bao-ke-meng-wan-xiang-l-tu-6ab-0hn7,/zh-cn/worlds/jing-ling-bao-ke-meng-wan-xiang-l-tu-6ab-0hn7
INTERSECTION,/worlds/jing-ling-bao-ke-meng-wan-xiang-l-tu-6ab-16ma,602,602,《精灵宝可梦》·万象旅途,《精灵宝可梦》·万象旅途,黄乐乐,黄乐乐,YES,YES,/zh-cn/worlds/jing-ling-bao-ke-meng-wan-xiang-l-tu-6ab-16ma,/zh-cn/worlds/jing-ling-bao-ke-meng-wan-xiang-l-tu-6ab-16ma
INTERSECTION,/worlds/jing-ling-bao-ke-meng-wan-xiang-l-tu-6ab-2sqw,617,617,《精灵宝可梦》·万象旅途,《精灵宝可梦》·万象旅途,485129818,485129818,YES,YES,/zh-cn/worlds/jing-ling-bao-ke-meng-wan-xiang-l-tu-6ab-2sqw,/zh-cn/worlds/jing-ling-bao-ke-meng-wan-xiang-l-tu-6ab-2sqw
INTERSECTION,/worlds/jing-ling-bao-ke-meng-wan-xiang-l-tu-6ab-38xs,638,638,《精灵宝可梦·万象旅途》,《精灵宝可梦·万象旅途》,Luoyu,Luoyu,YES,YES,/zh-cn/worlds/jing-ling-bao-ke-meng-wan-xiang-l-tu-6ab-38xs,/zh-cn/worlds/jing-ling-bao-ke-meng-wan-xiang-l-tu-6ab-38xs
INTERSECTION,/worlds/jing-ling-bao-ke-meng-wan-xiang-l-tu-6ab-3rkx,643,643,《精灵宝可梦》·万象旅途,《精灵宝可梦》·万象旅途,1435334717,1435334717,YES,YES,/zh-cn/worlds/jing-ling-bao-ke-meng-wan-xiang-l-tu-6ab-3rkx,/zh-cn/worlds/jing-ling-bao-ke-meng-wan-xiang-l-tu-6ab-3rkx
INTERSECTION,/worlds/jing-ling-bao-ke-meng-wan-xiang-l-tu-6ab-3uqu,584,584,《精灵宝可梦》·万象旅途,《精灵宝可梦》·万象旅途,2765164352,2765164352,YES,YES,/zh-cn/worlds/jing-ling-bao-ke-meng-wan-xiang-l-tu-6ab-3uqu,/zh-cn/worlds/jing-ling-bao-ke-meng-wan-xiang-l-tu-6ab-3uqu
INTERSECTION,/worlds/jing-ling-bao-ke-meng-wan-xiang-l-tu-6ab-4bzo,52,52,《精灵宝可梦》·万象旅途,《精灵宝可梦》·万象旅途,琉璃月,琉璃月,YES,YES,/zh-cn/worlds/jing-ling-bao-ke-meng-wan-xiang-l-tu-6ab-4bzo,/zh-cn/worlds/jing-ling-bao-ke-meng-wan-xiang-l-tu-6ab-4bzo
INTERSECTION,/worlds/jing-ling-bao-ke-meng-wan-xiang-l-tu-6ab-4k9v,604,604,《精灵宝可梦》·万象旅途,《精灵宝可梦》·万象旅途,2182346903,2182346903,YES,YES,/zh-cn/worlds/jing-ling-bao-ke-meng-wan-xiang-l-tu-6ab-4k9v,/zh-cn/worlds/jing-ling-bao-ke-meng-wan-xiang-l-tu-6ab-4k9v
INTERSECTION,/worlds/jing-ling-bao-ke-meng-wan-xiang-l-tu-6ab-54uv,675,675,《精灵宝可梦》·万象旅途,《精灵宝可梦》·万象旅途,3067529595,3067529595,YES,YES,/zh-cn/worlds/jing-ling-bao-ke-meng-wan-xiang-l-tu-6ab-54uv,/zh-cn/worlds/jing-ling-bao-ke-meng-wan-xiang-l-tu-6ab-54uv
INTERSECTION,/worlds/jing-ling-bao-ke-meng-wan-xiang-l-tu-6ab-55v0,666,666,《精灵宝可梦》·万象旅途,《精灵宝可梦》·万象旅途,2765164352,2765164352,YES,YES,/zh-cn/worlds/jing-ling-bao-ke-meng-wan-xiang-l-tu-6ab-55v0,/zh-cn/worlds/jing-ling-bao-ke-meng-wan-xiang-l-tu-6ab-55v0
INTERSECTION,/worlds/jing-ling-bao-ke-meng-wan-xiang-l-tu-6ab-5a7r,237,237,《精灵宝可梦》·万象旅途(改),《精灵宝可梦》·万象旅途(改),1227554258,1227554258,YES,YES,/zh-cn/worlds/jing-ling-bao-ke-meng-wan-xiang-l-tu-6ab-5a7r,/zh-cn/worlds/jing-ling-bao-ke-meng-wan-xiang-l-tu-6ab-5a7r
INTERSECTION,/worlds/jing-ling-bao-ke-meng-wan-xiang-l-tu-6ab-5bpf,620,620,《精灵宝可梦》·万象旅途,《精灵宝可梦》·万象旅途,485129818,485129818,YES,YES,/zh-cn/worlds/jing-ling-bao-ke-meng-wan-xiang-l-tu-6ab-5bpf,/zh-cn/worlds/jing-ling-bao-ke-meng-wan-xiang-l-tu-6ab-5bpf
INTERSECTION,/worlds/jing-ling-bao-ke-meng-wan-xiang-l-tu-6ab-6dfn,648,648,《精灵宝可梦》·万象旅途 副本,《精灵宝可梦》·万象旅途 副本,2634766639,2634766639,YES,YES,/zh-cn/worlds/jing-ling-bao-ke-meng-wan-xiang-l-tu-6ab-6dfn,/zh-cn/worlds/jing-ling-bao-ke-meng-wan-xiang-l-tu-6ab-6dfn
INTERSECTION,/worlds/jing-ling-bao-ke-meng-wan-xiang-l-tu-6ab-6pmj,430,430,《精灵宝可梦》·万象旅途,《精灵宝可梦》·万象旅途,2972271044,2972271044,YES,YES,/zh-cn/worlds/jing-ling-bao-ke-meng-wan-xiang-l-tu-6ab-6pmj,/zh-cn/worlds/jing-ling-bao-ke-meng-wan-xiang-l-tu-6ab-6pmj
INTERSECTION,/worlds/jing-ling-bao-ke-meng-wan-xiang-l-tu-6ab-7m92,336,336,《精灵宝可梦》·万象旅途 副本,《精灵宝可梦》·万象旅途 副本,某不知名的玩家,某不知名的玩家,YES,YES,/zh-cn/worlds/jing-ling-bao-ke-meng-wan-xiang-l-tu-6ab-7m92,/zh-cn/worlds/jing-ling-bao-ke-meng-wan-xiang-l-tu-6ab-7m92
INTERSECTION,/worlds/jing-ling-bao-ke-meng-wan-xiang-l-tu-6ab-8jgs,167,167,《精灵宝可梦》·万象旅途,《精灵宝可梦》·万象旅途,2949272879,2949272879,YES,YES,/zh-cn/worlds/jing-ling-bao-ke-meng-wan-xiang-l-tu-6ab-8jgs,/zh-cn/worlds/jing-ling-bao-ke-meng-wan-xiang-l-tu-6ab-8jgs
INTERSECTION,/worlds/jing-ling-bao-ke-meng-wan-xiang-l-tu-6ab-8kc0,647,647,《精灵宝可梦》·万象旅途,《精灵宝可梦》·万象旅途,1239123797,1239123797,YES,YES,/zh-cn/worlds/jing-ling-bao-ke-meng-wan-xiang-l-tu-6ab-8kc0,/zh-cn/worlds/jing-ling-bao-ke-meng-wan-xiang-l-tu-6ab-8kc0
INTERSECTION,/worlds/jing-ling-bao-ke-meng-wan-xiang-l-tu-6ab-acpk,631,631,《精灵宝可梦》·万象旅途 副本,《精灵宝可梦》·万象旅途 副本,H Ga,H Ga,YES,YES,/zh-cn/worlds/jing-ling-bao-ke-meng-wan-xiang-l-tu-6ab-acpk,/zh-cn/worlds/jing-ling-bao-ke-meng-wan-xiang-l-tu-6ab-acpk
INTERSECTION,/worlds/jing-ling-bao-ke-meng-wan-xiang-l-tu-6ab-awgm,621,621,《精灵宝可梦》·万象旅途,《精灵宝可梦》·万象旅途,3601879075,3601879075,YES,YES,/zh-cn/worlds/jing-ling-bao-ke-meng-wan-xiang-l-tu-6ab-awgm,/zh-cn/worlds/jing-ling-bao-ke-meng-wan-xiang-l-tu-6ab-awgm
INTERSECTION,/worlds/jing-ling-bao-ke-meng-wan-xiang-l-tu-6ab-ax5n,347,347,《精灵宝可梦》·真实世界,《精灵宝可梦》·真实世界,1004109201,1004109201,YES,YES,/zh-cn/worlds/jing-ling-bao-ke-meng-wan-xiang-l-tu-6ab-ax5n,/zh-cn/worlds/jing-ling-bao-ke-meng-wan-xiang-l-tu-6ab-ax5n
INTERSECTION,/worlds/jing-ling-bao-ke-meng-wan-xiang-l-tu-6ab-b3ms,594,594,《精灵宝可梦》·万象旅途,《精灵宝可梦》·万象旅途,2287974900,2287974900,YES,YES,/zh-cn/worlds/jing-ling-bao-ke-meng-wan-xiang-l-tu-6ab-b3ms,/zh-cn/worlds/jing-ling-bao-ke-meng-wan-xiang-l-tu-6ab-b3ms
INTERSECTION,/worlds/jing-ling-bao-ke-meng-wan-xiang-l-tu-6ab-c6e5,659,659,《精灵宝可梦》·万象旅途,《精灵宝可梦》·万象旅途,3619183865,3619183865,YES,YES,/zh-cn/worlds/jing-ling-bao-ke-meng-wan-xiang-l-tu-6ab-c6e5,/zh-cn/worlds/jing-ling-bao-ke-meng-wan-xiang-l-tu-6ab-c6e5
INTERSECTION,/worlds/jing-ling-bao-ke-meng-wan-xiang-l-tu-6ab-co45,636,636,《精灵宝可梦》·万象旅途,《精灵宝可梦》·万象旅途,1218201740,1218201740,YES,YES,/zh-cn/worlds/jing-ling-bao-ke-meng-wan-xiang-l-tu-6ab-co45,/zh-cn/worlds/jing-ling-bao-ke-meng-wan-xiang-l-tu-6ab-co45
INTERSECTION,/worlds/jing-ling-bao-ke-meng-wan-xiang-l-tu-6ab-dcsz,506,506,《精灵宝可梦》·万象旅途,《精灵宝可梦》·万象旅途,780950423,780950423,YES,YES,/zh-cn/worlds/jing-ling-bao-ke-meng-wan-xiang-l-tu-6ab-dcsz,/zh-cn/worlds/jing-ling-bao-ke-meng-wan-xiang-l-tu-6ab-dcsz
INTERSECTION,/worlds/jing-ling-bao-ke-meng-wan-xiang-l-tu-6ab-elhx,616,616,《精灵宝可梦》·万象旅途,《精灵宝可梦》·万象旅途,485129818,485129818,YES,YES,/zh-cn/worlds/jing-ling-bao-ke-meng-wan-xiang-l-tu-6ab-elhx,/zh-cn/worlds/jing-ling-bao-ke-meng-wan-xiang-l-tu-6ab-elhx
INTERSECTION,/worlds/jing-ling-bao-ke-meng-wan-xiang-l-tu-6ab-f8xa,668,668,《精灵宝可梦》·万象旅途,《精灵宝可梦》·万象旅途,1218201740,1218201740,YES,YES,/zh-cn/worlds/jing-ling-bao-ke-meng-wan-xiang-l-tu-6ab-f8xa,/zh-cn/worlds/jing-ling-bao-ke-meng-wan-xiang-l-tu-6ab-f8xa
INTERSECTION,/worlds/jing-ling-bao-ke-meng-wan-xiang-l-tu-6ab-fsdo,704,704,《精灵宝可梦》·万象旅途,《精灵宝可梦》·万象旅途,monxuy,monxuy,YES,YES,/zh-cn/worlds/jing-ling-bao-ke-meng-wan-xiang-l-tu-6ab-fsdo,/zh-cn/worlds/jing-ling-bao-ke-meng-wan-xiang-l-tu-6ab-fsdo
INTERSECTION,/worlds/jing-ling-bao-ke-meng-wan-xiang-l-tu-6ab-fy4g,664,664,《精灵宝可梦》·万象旅途,《精灵宝可梦》·万象旅途,2042269734,2042269734,YES,YES,/zh-cn/worlds/jing-ling-bao-ke-meng-wan-xiang-l-tu-6ab-fy4g,/zh-cn/worlds/jing-ling-bao-ke-meng-wan-xiang-l-tu-6ab-fy4g
INTERSECTION,/worlds/jing-ling-bao-ke-meng-wan-xiang-l-tu-6ab-g55e,645,645,《精灵宝可梦》·万象旅途,《精灵宝可梦》·万象旅途,1484911453,1484911453,YES,YES,/zh-cn/worlds/jing-ling-bao-ke-meng-wan-xiang-l-tu-6ab-g55e,/zh-cn/worlds/jing-ling-bao-ke-meng-wan-xiang-l-tu-6ab-g55e
INTERSECTION,/worlds/jing-ling-bao-ke-meng-wan-xiang-l-tu-6ab-g9hv,652,652,《精灵宝可梦》·万象旅途,《精灵宝可梦》·万象旅途,927837469,927837469,YES,YES,/zh-cn/worlds/jing-ling-bao-ke-meng-wan-xiang-l-tu-6ab-g9hv,/zh-cn/worlds/jing-ling-bao-ke-meng-wan-xiang-l-tu-6ab-g9hv
INTERSECTION,/worlds/jing-ling-bao-ke-meng-wan-xiang-l-tu-6ab-gh69,479,479,《精灵宝可梦》·万象旅途,《精灵宝可梦》·万象旅途,734277808,734277808,YES,YES,/zh-cn/worlds/jing-ling-bao-ke-meng-wan-xiang-l-tu-6ab-gh69,/zh-cn/worlds/jing-ling-bao-ke-meng-wan-xiang-l-tu-6ab-gh69
INTERSECTION,/worlds/jing-ling-bao-ke-meng-wan-xiang-l-tu-6ab-gqrp,269,269,《精灵宝可梦·万象旅途》 副本,《精灵宝可梦·万象旅途》 副本,312284068,312284068,YES,YES,/zh-cn/worlds/jing-ling-bao-ke-meng-wan-xiang-l-tu-6ab-gqrp,/zh-cn/worlds/jing-ling-bao-ke-meng-wan-xiang-l-tu-6ab-gqrp
INTERSECTION,/worlds/jing-ling-bao-ke-meng-wan-xiang-l-tu-6ab-gz6n,612,612,《精灵宝可梦》·万象旅途,《精灵宝可梦》·万象旅途,1748309792,1748309792,YES,YES,/zh-cn/worlds/jing-ling-bao-ke-meng-wan-xiang-l-tu-6ab-gz6n,/zh-cn/worlds/jing-ling-bao-ke-meng-wan-xiang-l-tu-6ab-gz6n
INTERSECTION,/worlds/jing-ling-bao-ke-meng-wan-xiang-l-tu-6ab-hzow,605,605,《精灵宝可梦》·万象旅途 副本,《精灵宝可梦》·万象旅途 副本,2517665617,2517665617,YES,YES,/zh-cn/worlds/jing-ling-bao-ke-meng-wan-xiang-l-tu-6ab-hzow,/zh-cn/worlds/jing-ling-bao-ke-meng-wan-xiang-l-tu-6ab-hzow
INTERSECTION,/worlds/jing-ling-bao-ke-meng-wan-xiang-l-tu-6ab-i9ja,684,684,《精灵宝可梦》·万象旅途,《精灵宝可梦》·万象旅途,2058048691,2058048691,YES,YES,/zh-cn/worlds/jing-ling-bao-ke-meng-wan-xiang-l-tu-6ab-i9ja,/zh-cn/worlds/jing-ling-bao-ke-meng-wan-xiang-l-tu-6ab-i9ja
INTERSECTION,/worlds/jing-ling-bao-ke-meng-wan-xiang-l-tu-6ab-iviq,672,672,《精灵宝可梦·万象旅途》,《精灵宝可梦·万象旅途》,薄荷荼靡（薄荷荼靡）,薄荷荼靡（薄荷荼靡）,YES,YES,/zh-cn/worlds/jing-ling-bao-ke-meng-wan-xiang-l-tu-6ab-iviq,/zh-cn/worlds/jing-ling-bao-ke-meng-wan-xiang-l-tu-6ab-iviq
INTERSECTION,/worlds/jing-ling-bao-ke-meng-wan-xiang-l-tu-6ab-ix8p,662,662,《精灵宝可梦》·万象旅途,《精灵宝可梦》·万象旅途,1909823471,1909823471,YES,YES,/zh-cn/worlds/jing-ling-bao-ke-meng-wan-xiang-l-tu-6ab-ix8p,/zh-cn/worlds/jing-ling-bao-ke-meng-wan-xiang-l-tu-6ab-ix8p
INTERSECTION,/worlds/jing-ling-bao-ke-meng-wan-xiang-l-tu-6ab-iyrl,603,603,《精灵宝可梦》·万象旅途,《精灵宝可梦》·万象旅途,2182346903,2182346903,YES,YES,/zh-cn/worlds/jing-ling-bao-ke-meng-wan-xiang-l-tu-6ab-iyrl,/zh-cn/worlds/jing-ling-bao-ke-meng-wan-xiang-l-tu-6ab-iyrl
INTERSECTION,/worlds/jing-ling-bao-ke-meng-wan-xiang-l-tu-6ab-j6ot,588,588,《精灵宝可梦》·万象旅途,《精灵宝可梦》·万象旅途,2875353453,2875353453,YES,YES,/zh-cn/worlds/jing-ling-bao-ke-meng-wan-xiang-l-tu-6ab-j6ot,/zh-cn/worlds/jing-ling-bao-ke-meng-wan-xiang-l-tu-6ab-j6ot
INTERSECTION,/worlds/jing-ling-bao-ke-meng-wan-xiang-l-tu-6ab-jiue,642,642,《精灵宝可梦·万象旅途》,《精灵宝可梦·万象旅途》,薄荷荼靡（薄荷荼靡）,薄荷荼靡（薄荷荼靡）,YES,YES,/zh-cn/worlds/jing-ling-bao-ke-meng-wan-xiang-l-tu-6ab-jiue,/zh-cn/worlds/jing-ling-bao-ke-meng-wan-xiang-l-tu-6ab-jiue
INTERSECTION,/worlds/jing-ling-bao-ke-meng-wan-xiang-l-tu-6ab-jm8c,607,607,《精灵宝可梦》·万象旅途,《精灵宝可梦》·万象旅途,3168602434,3168602434,YES,YES,/zh-cn/worlds/jing-ling-bao-ke-meng-wan-xiang-l-tu-6ab-jm8c,/zh-cn/worlds/jing-ling-bao-ke-meng-wan-xiang-l-tu-6ab-jm8c
INTERSECTION,/worlds/jing-ling-bao-ke-meng-wan-xiang-l-tu-6ab-jn0o,601,601,《精灵宝可梦》·万象旅途,《精灵宝可梦》·万象旅途,2375283415,2375283415,YES,YES,/zh-cn/worlds/jing-ling-bao-ke-meng-wan-xiang-l-tu-6ab-jn0o,/zh-cn/worlds/jing-ling-bao-ke-meng-wan-xiang-l-tu-6ab-jn0o
INTERSECTION,/worlds/jing-ling-bao-ke-meng-wan-xiang-l-tu-6ab-k2ac,219,219,《精灵宝可梦》,《精灵宝可梦》,19193097669,19193097669,YES,YES,/zh-cn/worlds/jing-ling-bao-ke-meng-wan-xiang-l-tu-6ab-k2ac,/zh-cn/worlds/jing-ling-bao-ke-meng-wan-xiang-l-tu-6ab-k2ac
INTERSECTION,/worlds/jing-ling-bao-ke-meng-wan-xiang-l-tu-6ab-kfvh,649,649,《精灵宝可梦》·万象旅途,《精灵宝可梦》·万象旅途,3070896775,3070896775,YES,YES,/zh-cn/worlds/jing-ling-bao-ke-meng-wan-xiang-l-tu-6ab-kfvh,/zh-cn/worlds/jing-ling-bao-ke-meng-wan-xiang-l-tu-6ab-kfvh
INTERSECTION,/worlds/jing-ling-bao-ke-meng-wan-xiang-l-tu-6ab-ks53,76,76,《精灵宝可梦》·万象旅途,《精灵宝可梦》·万象旅途,512094737,512094737,YES,YES,/zh-cn/worlds/jing-ling-bao-ke-meng-wan-xiang-l-tu-6ab-ks53,/zh-cn/worlds/jing-ling-bao-ke-meng-wan-xiang-l-tu-6ab-ks53
INTERSECTION,/worlds/jing-ling-bao-ke-meng-wan-xiang-l-tu-6ab-kylg,673,673,《精灵宝可梦·万象旅途》,《精灵宝可梦·万象旅途》,薄荷荼靡（薄荷荼靡）,薄荷荼靡（薄荷荼靡）,YES,YES,/zh-cn/worlds/jing-ling-bao-ke-meng-wan-xiang-l-tu-6ab-kylg,/zh-cn/worlds/jing-ling-bao-ke-meng-wan-xiang-l-tu-6ab-kylg
INTERSECTION,/worlds/jing-ling-bao-ke-meng-wan-xiang-l-tu-6ab-m0st,646,646,《精灵宝可梦》·万象旅途,《精灵宝可梦》·万象旅途,1484911453,1484911453,YES,YES,/zh-cn/worlds/jing-ling-bao-ke-meng-wan-xiang-l-tu-6ab-m0st,/zh-cn/worlds/jing-ling-bao-ke-meng-wan-xiang-l-tu-6ab-m0st
INTERSECTION,/worlds/jing-ling-bao-ke-meng-wan-xiang-l-tu-6ab-mc1m,613,613,《精灵宝可梦》·万象旅途 副本,《精灵宝可梦》·万象旅途 副本,1227554258,1227554258,YES,YES,/zh-cn/worlds/jing-ling-bao-ke-meng-wan-xiang-l-tu-6ab-mc1m,/zh-cn/worlds/jing-ling-bao-ke-meng-wan-xiang-l-tu-6ab-mc1m
INTERSECTION,/worlds/jing-ling-bao-ke-meng-wan-xiang-l-tu-6ab-mgr9,665,665,《精灵宝可梦》·万象旅途 副本,《精灵宝可梦》·万象旅途 副本,2042269734,2042269734,YES,YES,/zh-cn/worlds/jing-ling-bao-ke-meng-wan-xiang-l-tu-6ab-mgr9,/zh-cn/worlds/jing-ling-bao-ke-meng-wan-xiang-l-tu-6ab-mgr9
INTERSECTION,/worlds/jing-ling-bao-ke-meng-wan-xiang-l-tu-6ab-myqp,165,165,《精灵宝可梦》·万象旅途,《精灵宝可梦》·万象旅途,2765164352,2765164352,YES,YES,/zh-cn/worlds/jing-ling-bao-ke-meng-wan-xiang-l-tu-6ab-myqp,/zh-cn/worlds/jing-ling-bao-ke-meng-wan-xiang-l-tu-6ab-myqp
INTERSECTION,/worlds/jing-ling-bao-ke-meng-wan-xiang-l-tu-6ab-o7ub,1082,1082,《精灵宝可梦》·万象旅途 副本,《精灵宝可梦》·万象旅途 副本,lmj080314,lmj080314,YES,YES,/zh-cn/worlds/jing-ling-bao-ke-meng-wan-xiang-l-tu-6ab-o7ub,/zh-cn/worlds/jing-ling-bao-ke-meng-wan-xiang-l-tu-6ab-o7ub
INTERSECTION,/worlds/jing-ling-bao-ke-meng-wan-xiang-l-tu-6ab-oi6m,610,610,《精灵宝可梦》·万象旅途,《精灵宝可梦》·万象旅途,2949272879,2949272879,YES,YES,/zh-cn/worlds/jing-ling-bao-ke-meng-wan-xiang-l-tu-6ab-oi6m,/zh-cn/worlds/jing-ling-bao-ke-meng-wan-xiang-l-tu-6ab-oi6m
INTERSECTION,/worlds/jing-ling-bao-ke-meng-wan-xiang-l-tu-6ab-on8p,232,232,《精灵宝可梦》·万象旅途,《精灵宝可梦》·万象旅途,2720799023,2720799023,YES,YES,/zh-cn/worlds/jing-ling-bao-ke-meng-wan-xiang-l-tu-6ab-on8p,/zh-cn/worlds/jing-ling-bao-ke-meng-wan-xiang-l-tu-6ab-on8p
INTERSECTION,/worlds/jing-ling-bao-ke-meng-wan-xiang-l-tu-6ab-qcx2,635,635,《精灵宝可梦》·万象旅途,《精灵宝可梦》·万象旅途,1435334717,1435334717,YES,YES,/zh-cn/worlds/jing-ling-bao-ke-meng-wan-xiang-l-tu-6ab-qcx2,/zh-cn/worlds/jing-ling-bao-ke-meng-wan-xiang-l-tu-6ab-qcx2
INTERSECTION,/worlds/jing-ling-bao-ke-meng-wan-xiang-l-tu-6ab-qhx8,681,681,《精灵宝可梦》·万象旅途,《精灵宝可梦》·万象旅途,Luoyu,Luoyu,YES,YES,/zh-cn/worlds/jing-ling-bao-ke-meng-wan-xiang-l-tu-6ab-qhx8,/zh-cn/worlds/jing-ling-bao-ke-meng-wan-xiang-l-tu-6ab-qhx8
INTERSECTION,/worlds/jing-ling-bao-ke-meng-wan-xiang-l-tu-6ab-sgol,700,700,《精灵宝可梦》·万象旅途 副本,《精灵宝可梦》·万象旅途 副本,lyh1993813,lyh1993813,YES,YES,/zh-cn/worlds/jing-ling-bao-ke-meng-wan-xiang-l-tu-6ab-sgol,/zh-cn/worlds/jing-ling-bao-ke-meng-wan-xiang-l-tu-6ab-sgol
INTERSECTION,/worlds/jing-ling-bao-ke-meng-wan-xiang-l-tu-6ab-t9x1,539,539,《精灵宝可梦》·万象旅途,《精灵宝可梦》·万象旅途,3036845298,3036845298,YES,YES,/zh-cn/worlds/jing-ling-bao-ke-meng-wan-xiang-l-tu-6ab-t9x1,/zh-cn/worlds/jing-ling-bao-ke-meng-wan-xiang-l-tu-6ab-t9x1
INTERSECTION,/worlds/jing-ling-bao-ke-meng-wan-xiang-l-tu-6ab-ufww,622,622,《精灵宝可梦》·万象旅途 副本,《精灵宝可梦》·万象旅途 副本,1064417090,1064417090,YES,YES,/zh-cn/worlds/jing-ling-bao-ke-meng-wan-xiang-l-tu-6ab-ufww,/zh-cn/worlds/jing-ling-bao-ke-meng-wan-xiang-l-tu-6ab-ufww
INTERSECTION,/worlds/jing-ling-bao-ke-meng-wan-xiang-l-tu-6ab-uuhq,600,600,《精灵宝可梦》·万象旅途,《精灵宝可梦》·万象旅途,2375283415,2375283415,YES,YES,/zh-cn/worlds/jing-ling-bao-ke-meng-wan-xiang-l-tu-6ab-uuhq,/zh-cn/worlds/jing-ling-bao-ke-meng-wan-xiang-l-tu-6ab-uuhq
INTERSECTION,/worlds/jing-ling-bao-ke-meng-wan-xiang-l-tu-6ab-v4je,390,390,《精灵宝可梦》·万象旅途,《精灵宝可梦》·万象旅途,2966824752,2966824752,YES,YES,/zh-cn/worlds/jing-ling-bao-ke-meng-wan-xiang-l-tu-6ab-v4je,/zh-cn/worlds/jing-ling-bao-ke-meng-wan-xiang-l-tu-6ab-v4je
INTERSECTION,/worlds/jing-ling-bao-ke-meng-wan-xiang-l-tu-6ab-viy5,510,510,《精灵宝可梦·万象旅途》,《精灵宝可梦·万象旅途》,787447208,787447208,YES,YES,/zh-cn/worlds/jing-ling-bao-ke-meng-wan-xiang-l-tu-6ab-viy5,/zh-cn/worlds/jing-ling-bao-ke-meng-wan-xiang-l-tu-6ab-viy5
INTERSECTION,/worlds/jing-ling-bao-ke-meng-wan-xiang-l-tu-6ab-vq50,703,703,《精灵宝可梦》·万象旅途,《精灵宝可梦》·万象旅途,1908361500,1908361500,YES,YES,/zh-cn/worlds/jing-ling-bao-ke-meng-wan-xiang-l-tu-6ab-vq50,/zh-cn/worlds/jing-ling-bao-ke-meng-wan-xiang-l-tu-6ab-vq50
INTERSECTION,/worlds/jing-ling-bao-ke-meng-wan-xiang-l-tu-6ab-xqdn,698,698,《精灵宝可梦》·万象旅途 副本,《精灵宝可梦》·万象旅途 副本,lyh1993813,lyh1993813,YES,YES,/zh-cn/worlds/jing-ling-bao-ke-meng-wan-xiang-l-tu-6ab-xqdn,/zh-cn/worlds/jing-ling-bao-ke-meng-wan-xiang-l-tu-6ab-xqdn
INTERSECTION,/worlds/jing-ling-bao-ke-meng-wan-xiang-l-tu-6ab-y5bg,697,697,《精灵宝可梦》·万象旅途,《精灵宝可梦》·万象旅途,626897669,626897669,YES,YES,/zh-cn/worlds/jing-ling-bao-ke-meng-wan-xiang-l-tu-6ab-y5bg,/zh-cn/worlds/jing-ling-bao-ke-meng-wan-xiang-l-tu-6ab-y5bg
INTERSECTION,/worlds/jing-ling-bao-ke-meng-wan-xiang-l-tu-6ab-yhlu,683,683,《精灵宝可梦》·万象旅途,《精灵宝可梦》·万象旅途,2058048691,2058048691,YES,YES,/zh-cn/worlds/jing-ling-bao-ke-meng-wan-xiang-l-tu-6ab-yhlu,/zh-cn/worlds/jing-ling-bao-ke-meng-wan-xiang-l-tu-6ab-yhlu
INTERSECTION,/worlds/jing-ling-bao-ke-meng-wan-xiang-l-tu-6ab-yjh8,489,489,《精灵宝可梦·万象旅途》,《精灵宝可梦·万象旅途》,19801022115,19801022115,YES,YES,/zh-cn/worlds/jing-ling-bao-ke-meng-wan-xiang-l-tu-6ab-yjh8,/zh-cn/worlds/jing-ling-bao-ke-meng-wan-xiang-l-tu-6ab-yjh8
INTERSECTION,/worlds/jing-ling-bao-ke-meng-wan-xiang-l-tu-6abd61eb3a56,5,5,《精灵宝可梦·万象旅途》,《精灵宝可梦·万象旅途》,我好想爆,我好想爆,YES,YES,/zh-cn/worlds/jing-ling-bao-ke-meng-wan-xiang-l-tu-6abd61eb3a56,/zh-cn/worlds/jing-ling-bao-ke-meng-wan-xiang-l-tu-6abd61eb3a56
INTERSECTION,/worlds/jjaj-06hy,834,834,Jjaj,Jjaj,Ximena Rodriguez-3a1d10,Ximena Rodriguez-3a1d10,YES,YES,/zh-cn/worlds/jjaj-06hy,/zh-cn/worlds/jjaj-06hy
INTERSECTION,/worlds/jjj-m0y6,435,435,Jjj,Jjj,Awawa,Awawa,YES,YES,/zh-cn/worlds/jjj-m0y6,/zh-cn/worlds/jjj-m0y6
INTERSECTION,/worlds/jjk-99oq,996,996,咒术回战,咒术回战,frwsitafelix,frwsitafelix,YES,YES,/zh-cn/worlds/jjk-99oq,/zh-cn/worlds/jjk-99oq
INTERSECTION,/worlds/jojos-escolar-70i3,189,189,JOJO校园物语！,JOJO校园物语！,Arianna Lopez,Arianna Lopez,YES,YES,/zh-cn/worlds/jojos-escolar-70i3,/zh-cn/worlds/jojos-escolar-70i3
INTERSECTION,/worlds/jojos-escolar-baxi,123,123,JOJO校园物语！,JOJO校园物语！,Solarballs,Solarballs,YES,YES,/zh-cn/worlds/jojos-escolar-baxi,/zh-cn/worlds/jojos-escolar-baxi
INTERSECTION,/worlds/jojos-escolar-qqtj,1001,1001,JOJO校园物语！,JOJO校园物语！,Arianna Lopez,Arianna Lopez,YES,YES,/zh-cn/worlds/jojos-escolar-qqtj,/zh-cn/worlds/jojos-escolar-qqtj
INTERSECTION,/worlds/juego-de-tronos-canci-n-de-hielo-y-fuego-lvs3,876,876,权力的游戏（冰与火之歌）,权力的游戏（冰与火之歌）,Candela Gómez García,Candela Gómez García,YES,YES,/zh-cn/worlds/juego-de-tronos-canci-n-de-hielo-y-fuego-lvs3,/zh-cn/worlds/juego-de-tronos-canci-n-de-hielo-y-fuego-lvs3
INTERSECTION,/worlds/juego-de-tronos-canci-n-de-hielo-y-fuego-mhrr,782,782,权力的游戏（冰与火之歌）,权力的游戏（冰与火之歌）,Maia Doyhenart,Maia Doyhenart,YES,YES,/zh-cn/worlds/juego-de-tronos-canci-n-de-hielo-y-fuego-mhrr,/zh-cn/worlds/juego-de-tronos-canci-n-de-hielo-y-fuego-mhrr
INTERSECTION,/worlds/juego-de-tronos-canci-n-de-hielo-y-fuego-vdr0,822,822,权力的游戏（冰与火之歌）,权力的游戏（冰与火之歌）,Yeisi Villarreal,Yeisi Villarreal,YES,YES,/zh-cn/worlds/juego-de-tronos-canci-n-de-hielo-y-fuego-vdr0,/zh-cn/worlds/juego-de-tronos-canci-n-de-hielo-y-fuego-vdr0
INTERSECTION,/worlds/juego-de-tronos-canci-n-de-hielo-y-fuego-zvwx,879,879,权力的游戏（冰与火之歌）,权力的游戏（冰与火之歌）,Ximena Garcia,Ximena Garcia,YES,YES,/zh-cn/worlds/juego-de-tronos-canci-n-de-hielo-y-fuego-zvwx,/zh-cn/worlds/juego-de-tronos-canci-n-de-hielo-y-fuego-zvwx
INTERSECTION,/worlds/juego-de-tronos-la-ltima-hija-de-inverna-1b784f29a607,497,497,Juego de Tronos: La Última Hija de Invernalia,Juego de Tronos: La Última Hija de Invernalia,Abigail-8cf6ec,Abigail-8cf6ec,YES,YES,/zh-cn/worlds/juego-de-tronos-la-ltima-hija-de-inverna-1b784f29a607,/zh-cn/worlds/juego-de-tronos-la-ltima-hija-de-inverna-1b784f29a607
INTERSECTION,/worlds/jujutsu-1lyz,400,400,咒术回战世界-更多人物，更高自由！,咒术回战世界-更多人物，更高自由！,Cuelo Tek,Cuelo Tek,YES,YES,/zh-cn/worlds/jujutsu-1lyz,/zh-cn/worlds/jujutsu-1lyz
INTERSECTION,/worlds/jujutsu-22if,538,538,咒术回战世界：更多角色，更高自由度！,咒术回战世界：更多角色，更高自由度！,jusmehiyo jj,jusmehiyo jj,YES,YES,/zh-cn/worlds/jujutsu-22if,/zh-cn/worlds/jujutsu-22if
INTERSECTION,/worlds/jujutsu-350x,7,7,咒术回战世界-更多人物，更高自由！,咒术回战世界-更多人物，更高自由！,123456,123456,YES,YES,/zh-cn/worlds/jujutsu-350x,/zh-cn/worlds/jujutsu-350x
INTERSECTION,/worlds/jujutsu-3frq,345,345,咒术回战世界-更多人物，更高自由！,咒术回战世界-更多人物，更高自由！,Federiko Romero,Federiko Romero,YES,YES,/zh-cn/worlds/jujutsu-3frq,/zh-cn/worlds/jujutsu-3frq
INTERSECTION,/worlds/jujutsu-4gp9,716,716,咒术回战世界-更多人物，更高自由！,咒术回战世界-更多人物，更高自由！,Cuelo Tek,Cuelo Tek,YES,YES,/zh-cn/worlds/jujutsu-4gp9,/zh-cn/worlds/jujutsu-4gp9
INTERSECTION,/worlds/jujutsu-74cx,701,701,咒术回战世界-更多人物，更高自由！,咒术回战世界-更多人物，更高自由！,2271679337,2271679337,YES,YES,/zh-cn/worlds/jujutsu-74cx,/zh-cn/worlds/jujutsu-74cx
INTERSECTION,/worlds/jujutsu-7mni,667,667,咒术回战世界-更多人物，更高自由！,咒术回战世界-更多人物，更高自由！,jusmehiyo jj,jusmehiyo jj,YES,YES,/zh-cn/worlds/jujutsu-7mni,/zh-cn/worlds/jujutsu-7mni
INTERSECTION,/worlds/jujutsu-abkr,990,990,咒术回战世界-更多人物，更高自由！,咒术回战世界-更多人物，更高自由！,KarenSG,KarenSG,YES,YES,/zh-cn/worlds/jujutsu-abkr,/zh-cn/worlds/jujutsu-abkr
INTERSECTION,/worlds/jujutsu-bh65,1006,1006,咒术回战世界-更多人物，更高自由！,咒术回战世界-更多人物，更高自由！,Momon-San,Momon-San,YES,YES,/zh-cn/worlds/jujutsu-bh65,/zh-cn/worlds/jujutsu-bh65
INTERSECTION,/worlds/jujutsu-c8t9,405,405,咒术回战世界：更多角色，更高自由度！,咒术回战世界：更多角色，更高自由度！,Dariii,Dariii,YES,YES,/zh-cn/worlds/jujutsu-c8t9,/zh-cn/worlds/jujutsu-c8t9
INTERSECTION,/worlds/jujutsu-ce5w,641,641,咒术回战世界-更多人物，更高自由！,咒术回战世界-更多人物，更高自由！,YOKI,YOKI,YES,YES,/zh-cn/worlds/jujutsu-ce5w,/zh-cn/worlds/jujutsu-ce5w
INTERSECTION,/worlds/jujutsu-ezna,599,599,咒术回战世界：更多角色，更高自由度！,咒术回战世界：更多角色，更高自由度！,YOKI,YOKI,YES,YES,/zh-cn/worlds/jujutsu-ezna,/zh-cn/worlds/jujutsu-ezna
INTERSECTION,/worlds/jujutsu-fek8,146,146,咒术回战世界-更多人物，更高自由！,咒术回战世界-更多人物，更高自由！,Sally:],Sally:],YES,YES,/zh-cn/worlds/jujutsu-fek8,/zh-cn/worlds/jujutsu-fek8
INTERSECTION,/worlds/jujutsu-iwot,393,393,咒术回战世界：更多角色，更高自由度！,咒术回战世界：更多角色，更高自由度！,Dariii,Dariii,YES,YES,/zh-cn/worlds/jujutsu-iwot,/zh-cn/worlds/jujutsu-iwot
INTERSECTION,/worlds/jujutsu-kaisen-simulator-c1dfa143d3e9,279,279,Jujutsu Kaisen Simulator,Jujutsu Kaisen Simulator,KAI,KAI,YES,YES,/zh-cn/worlds/jujutsu-kaisen-simulator-c1dfa143d3e9,/zh-cn/worlds/jujutsu-kaisen-simulator-c1dfa143d3e9
INTERSECTION,/worlds/jujutsu-leev,578,578,咒术回战世界：更多角色，更高自由度！,咒术回战世界：更多角色，更高自由度！,luu-dae509,luu-dae509,YES,YES,/zh-cn/worlds/jujutsu-leev,/zh-cn/worlds/jujutsu-leev
INTERSECTION,/worlds/jujutsu-oxrn,426,426,咒术回战世界-更多人物，更高自由！,咒术回战世界-更多人物，更高自由！,taylormireamor13,taylormireamor13,YES,YES,/zh-cn/worlds/jujutsu-oxrn,/zh-cn/worlds/jujutsu-oxrn
INTERSECTION,/worlds/jujutsu-pw0n,577,577,咒术回战世界：更多角色，更高自由度！,咒术回战世界：更多角色，更高自由度！,luu-dae509,luu-dae509,YES,YES,/zh-cn/worlds/jujutsu-pw0n,/zh-cn/worlds/jujutsu-pw0n
INTERSECTION,/worlds/jujutsu-sakr,320,320,咒术回战世界：更多角色，更高自由度！,咒术回战世界：更多角色，更高自由度！,luu-dae509,luu-dae509,YES,YES,/zh-cn/worlds/jujutsu-sakr,/zh-cn/worlds/jujutsu-sakr
INTERSECTION,/worlds/jujutsu-sb49,537,537,咒术回战世界：更多角色，更高自由度！,咒术回战世界：更多角色，更高自由度！,jusmehiyo jj,jusmehiyo jj,YES,YES,/zh-cn/worlds/jujutsu-sb49,/zh-cn/worlds/jujutsu-sb49
INTERSECTION,/worlds/jujutsu-sgad,498,498,咒术回战世界：更多角色，更高自由度！,咒术回战世界：更多角色，更高自由度！,El GaTiTo YoOnGi HaCe MuUu Te JaLa Laz PaTaZ,El GaTiTo YoOnGi HaCe MuUu Te JaLa Laz PaTaZ,YES,YES,/zh-cn/worlds/jujutsu-sgad,/zh-cn/worlds/jujutsu-sgad
INTERSECTION,/worlds/jujutsu-yn8k,409,409,咒术回战世界-更多人物，更高自由！,咒术回战世界-更多人物，更高自由！,Cuelo Tek,Cuelo Tek,YES,YES,/zh-cn/worlds/jujutsu-yn8k,/zh-cn/worlds/jujutsu-yn8k
INTERSECTION,/worlds/jujutsu-zv89,924,924,咒术回战世界-更多人物，更高自由！,咒术回战世界-更多人物，更高自由！,yuan7,yuan7,YES,YES,/zh-cn/worlds/jujutsu-zv89,/zh-cn/worlds/jujutsu-zv89
INTERSECTION,/worlds/jujutsukaisen-m02z,277,277,咒术回战,咒术回战,marta-817bca,marta-817bca,YES,YES,/zh-cn/worlds/jujutsukaisen-m02z,/zh-cn/worlds/jujutsukaisen-m02z
INTERSECTION,/worlds/julio-2026-ftrn,759,759,2026年7月,2026年7月,Pizza,Pizza,YES,YES,/zh-cn/worlds/julio-2026-ftrn,/zh-cn/worlds/julio-2026-ftrn
INTERSECTION,/worlds/kaiserreich-der-sieg-des-weltkrieges-3e0035,135,135,Kaiserreich: Der Sieg des Weltkrieges,Kaiserreich: Der Sieg des Weltkrieges,Kate Lee,Kate Lee,YES,YES,/zh-cn/worlds/kaiserreich-der-sieg-des-weltkrieges-3e0035,/zh-cn/worlds/kaiserreich-der-sieg-des-weltkrieges-3e0035
INTERSECTION,/worlds/karmaland-rx5x,127,127,Karmaland,Karmaland,Leandro Soria Ingratta,Leandro Soria Ingratta,YES,YES,/zh-cn/worlds/karmaland-rx5x,/zh-cn/worlds/karmaland-rx5x
INTERSECTION,/worlds/kimetsu-16n8,179,179,鬼灭,鬼灭,LUIS MOISES TAPIA BALDERAS,LUIS MOISES TAPIA BALDERAS,YES,YES,/zh-cn/worlds/kimetsu-16n8,/zh-cn/worlds/kimetsu-16n8
INTERSECTION,/worlds/kimetsu-el-camino-del-pilar-wzo2,134,134,鬼灭之刃：柱之道,鬼灭之刃：柱之道,Quackity,Quackity,YES,YES,/zh-cn/worlds/kimetsu-el-camino-del-pilar-wzo2,/zh-cn/worlds/kimetsu-el-camino-del-pilar-wzo2
INTERSECTION,/worlds/kingdom-aetherius-2mow,69,69,以太王国 (Kingdom Aetherius),以太王国 (Kingdom Aetherius),samm.,samm.,YES,YES,/zh-cn/worlds/kingdom-aetherius-2mow,/zh-cn/worlds/kingdom-aetherius-2mow
INTERSECTION,/worlds/kiss-kiss-detention-4zdy,579,579,吻，吻，留堂,吻，吻，留堂,Sca,Sca,YES,YES,/zh-cn/worlds/kiss-kiss-detention-4zdy,/zh-cn/worlds/kiss-kiss-detention-4zdy
INTERSECTION,/worlds/kiss-kiss-detention-4zrn,561,561,"Kiss, Kiss, Detention Copy","Kiss, Kiss, Detention Copy",achi,achi,YES,YES,/zh-cn/worlds/kiss-kiss-detention-4zrn,/zh-cn/worlds/kiss-kiss-detention-4zrn
INTERSECTION,/worlds/kiss-kiss-detention-e4du,1063,1063,吻，吻，留堂,吻，吻，留堂,KmdxOxO,KmdxOxO,YES,YES,/zh-cn/worlds/kiss-kiss-detention-e4du,/zh-cn/worlds/kiss-kiss-detention-e4du
INTERSECTION,/worlds/kiss-kiss-detention-ehi5,523,523,吻，吻，留堂,吻，吻，留堂,KmdxOxO,KmdxOxO,YES,YES,/zh-cn/worlds/kiss-kiss-detention-ehi5,/zh-cn/worlds/kiss-kiss-detention-ehi5
INTERSECTION,/worlds/kiss-kiss-detention-njct,522,522,吻，吻，留堂,吻，吻，留堂,Fisiajgdjqosiwiand,Fisiajgdjqosiwiand,YES,YES,/zh-cn/worlds/kiss-kiss-detention-njct,/zh-cn/worlds/kiss-kiss-detention-njct
INTERSECTION,/worlds/kiss-kiss-detention-om18,516,516,"Beso, beso, castigo Copia","Beso, beso, castigo Copia",Ackeger,Ackeger,YES,YES,/zh-cn/worlds/kiss-kiss-detention-om18,/zh-cn/worlds/kiss-kiss-detention-om18
INTERSECTION,/worlds/kiss-kiss-detention-qrzc,355,355,吻，吻，留堂,吻，吻，留堂,Fisiajgdjqosiwiand,Fisiajgdjqosiwiand,YES,YES,/zh-cn/worlds/kiss-kiss-detention-qrzc,/zh-cn/worlds/kiss-kiss-detention-qrzc
INTERSECTION,/worlds/kiss-kiss-detention-xpwq,20,20,吻，吻，留堂,吻，吻，留堂,Patxina,Patxina,YES,YES,/zh-cn/worlds/kiss-kiss-detention-xpwq,/zh-cn/worlds/kiss-kiss-detention-xpwq
INTERSECTION,/worlds/kny-56nd,749,749,Kny,Kny,Keio,Keio,YES,YES,/zh-cn/worlds/kny-56nd,/zh-cn/worlds/kny-56nd
ONLY_ALL,/worlds/kong-bai-ji-yuan-wen-ming-chu-huo-45ccff,,1103,,空白纪元：文明初曙,,Sakura,,YES,,/zh-cn/worlds/kong-bai-ji-yuan-wen-ming-chu-huo-45ccff
INTERSECTION,/worlds/l-7d6s,801,801,L,L,Estrella García Pérez,Estrella García Pérez,YES,YES,/zh-cn/worlds/l-7d6s,/zh-cn/worlds/l-7d6s
INTERSECTION,/worlds/la-casa-de-los-dragones-dw1w,122,122,龙之屋,龙之屋,elizabeth,elizabeth,YES,YES,/zh-cn/worlds/la-casa-de-los-dragones-dw1w,/zh-cn/worlds/la-casa-de-los-dragones-dw1w
INTERSECTION,/worlds/la-enfermera-de-la-finca-mariposa-un-rom-a987d653b1fe,212,212,La Enfermera de la Finca Mariposa: Un Romance Taisho,La Enfermera de la Finca Mariposa: Un Romance Taisho,Evelin Naomi Horta Castañeda,Evelin Naomi Horta Castañeda,YES,YES,/zh-cn/worlds/la-enfermera-de-la-finca-mariposa-un-rom-a987d653b1fe,/zh-cn/worlds/la-enfermera-de-la-finca-mariposa-un-rom-a987d653b1fe
INTERSECTION,/worlds/la-ley-y-el-orden-0y61,1005,1005,法律与秩序,法律与秩序,Noelia-e1e0c4,Noelia-e1e0c4,YES,YES,/zh-cn/worlds/la-ley-y-el-orden-0y61,/zh-cn/worlds/la-ley-y-el-orden-0y61
INTERSECTION,/worlds/la-ley-y-el-orden-2l2k,218,218,法律与秩序,法律与秩序,Noelia-e1e0c4,Noelia-e1e0c4,YES,YES,/zh-cn/worlds/la-ley-y-el-orden-2l2k,/zh-cn/worlds/la-ley-y-el-orden-2l2k
INTERSECTION,/worlds/lala-8do9,275,275,拉拉,拉拉,STARMAN,STARMAN,YES,YES,/zh-cn/worlds/lala-8do9,/zh-cn/worlds/lala-8do9
INTERSECTION,/worlds/las-cr-nicas-de-narnia-ytt3,1056,1056,纳尼亚传奇,纳尼亚传奇,Sh,Sh,YES,YES,/zh-cn/worlds/las-cr-nicas-de-narnia-ytt3,/zh-cn/worlds/las-cr-nicas-de-narnia-ytt3
INTERSECTION,/worlds/last-shelter-eden-7-iaqn,111,111,Last Shelter Hades-7,Last Shelter Hades-7,K4ze,K4ze,YES,YES,/zh-cn/worlds/last-shelter-eden-7-iaqn,/zh-cn/worlds/last-shelter-eden-7-iaqn
INTERSECTION,/worlds/leng-zhan-mo-ni-qi-lb9w,726,726,冷战模拟器,冷战模拟器,mqqno38wslp7,mqqno38wslp7,YES,YES,/zh-cn/worlds/leng-zhan-mo-ni-qi-lb9w,/zh-cn/worlds/leng-zhan-mo-ni-qi-lb9w
INTERSECTION,/worlds/leng-zhan-mo-ni-qi-rr9c,734,734,冷战模拟器,冷战模拟器,Himent Pear,Himent Pear,YES,YES,/zh-cn/worlds/leng-zhan-mo-ni-qi-rr9c,/zh-cn/worlds/leng-zhan-mo-ni-qi-rr9c
ONLY_ALL,/worlds/lin-kong-yu-jin-liu-ren-an-quan-wu-8fc576,,1111,,恋与深空：丧尸末日,,Sakura,,YES,,/zh-cn/worlds/lin-kong-yu-jin-liu-ren-an-quan-wu-8fc576
ONLY_ALL,/worlds/los-100-novios-que-te-aman-mucho-dv0o,,1121,,Los 100 novios que te aman mucho,,Sofiam Millao,,YES,,/zh-cn/worlds/los-100-novios-que-te-aman-mucho-dv0o
ONLY_ALL,/worlds/los-100-novios-que-te-aman-mucho-k9gs,,1130,,Los 100 novios que te aman mucho,,Sofiam Millao,,YES,,/zh-cn/worlds/los-100-novios-que-te-aman-mucho-k9gs
INTERSECTION,/worlds/los-juegos-del-hambre-lbgd,48,48,Los Juegos del Hambre,Los Juegos del Hambre,MAR_grld,MAR_grld,YES,YES,/zh-cn/worlds/los-juegos-del-hambre-lbgd,/zh-cn/worlds/los-juegos-del-hambre-lbgd
ONLY_ALL,/worlds/love-and-hate-at-sakura-high-2liw,,1147,,樱花高中的爱与恨,,lix,,YES,,/zh-cn/worlds/love-and-hate-at-sakura-high-2liw
ONLY_ALL,/worlds/love-and-hate-at-sakura-high-7r62,,1122,,樱花高中的爱与恨,,Temu Citas,,YES,,/zh-cn/worlds/love-and-hate-at-sakura-high-7r62
ONLY_ALL,/worlds/love-and-hate-at-sakura-high-8mmt,,1089,,樱花高中的爱与恨,,lix,,YES,,/zh-cn/worlds/love-and-hate-at-sakura-high-8mmt
ONLY_ALL,/worlds/love-and-hate-at-sakura-high-er2k,,1148,,樱花高中的爱与恨,,lix,,YES,,/zh-cn/worlds/love-and-hate-at-sakura-high-er2k
ONLY_ALL,/worlds/love-and-hate-at-sakura-high-xnwu,,1150,,樱花高中的爱与恨,,Min Yoongi,,YES,,/zh-cn/worlds/love-and-hate-at-sakura-high-xnwu
INTERSECTION,/worlds/luka-6iey,823,823,卢卡,卢卡,Luka Medina,Luka Medina,YES,YES,/zh-cn/worlds/luka-6iey,/zh-cn/worlds/luka-6iey
INTERSECTION,/worlds/lunthara-lo04,1053,1053,伦塔拉,伦塔拉,Kaoru Orozco,Kaoru Orozco,YES,YES,/zh-cn/worlds/lunthara-lo04,/zh-cn/worlds/lunthara-lo04
INTERSECTION,/worlds/medieval-life-0rk8,223,223,⚔️ 中世纪生活 ⚔️,⚔️ 中世纪生活 ⚔️,jubeknyagong41,jubeknyagong41,YES,YES,/zh-cn/worlds/medieval-life-0rk8,/zh-cn/worlds/medieval-life-0rk8
INTERSECTION,/worlds/medieval-life-73g5,310,310,⚔️ 中世纪生活 ⚔️,⚔️ 中世纪生活 ⚔️,Enzo Gael,Enzo Gael,YES,YES,/zh-cn/worlds/medieval-life-73g5,/zh-cn/worlds/medieval-life-73g5
INTERSECTION,/worlds/medieval-vo09,341,341,中世纪,中世纪,FABIO CESAR GARCIA GARZA,FABIO CESAR GARCIA GARZA,YES,YES,/zh-cn/worlds/medieval-vo09,/zh-cn/worlds/medieval-vo09
ONLY_ALL,/worlds/mei-guo-gao-zhong-14pt,,1172,,美国高中,,263008947,,YES,,/zh-cn/worlds/mei-guo-gao-zhong-14pt
INTERSECTION,/worlds/mi-mundo-fx8f,191,191,我的世界,我的世界,Araceli Sosa,Araceli Sosa,YES,YES,/zh-cn/worlds/mi-mundo-fx8f,/zh-cn/worlds/mi-mundo-fx8f
INTERSECTION,/worlds/mi-mundo-vus6,266,266,我的世界,我的世界,Fabiola Meléndez Guevara,Fabiola Meléndez Guevara,YES,YES,/zh-cn/worlds/mi-mundo-vus6,/zh-cn/worlds/mi-mundo-vus6
ONLY_ALL,/worlds/miitopia-text-versi-n-u5k0,,1108,,Miitopia (文字版),,Jundex,,YES,,/zh-cn/worlds/miitopia-text-versi-n-u5k0
INTERSECTION,/worlds/minecraft-story-mode-zytq,295,295,Minecraft: Story Mode,Minecraft: Story Mode,Leandro Soria Ingratta,Leandro Soria Ingratta,YES,YES,/zh-cn/worlds/minecraft-story-mode-zytq,/zh-cn/worlds/minecraft-story-mode-zytq
INTERSECTION,/worlds/mobile-legend-6rde,44,44,Mobile Legend,Mobile Legend,D:,D:,YES,YES,/zh-cn/worlds/mobile-legend-6rde,/zh-cn/worlds/mobile-legend-6rde
INTERSECTION,/worlds/modern-day-192u,951,951,现代世界 2026,现代世界 2026,NIUrni,NIUrni,YES,YES,/zh-cn/worlds/modern-day-192u,/zh-cn/worlds/modern-day-192u
INTERSECTION,/worlds/modern-day-2026,6,6,现代世界 2026,现代世界 2026,World101,World101,YES,YES,/zh-cn/worlds/modern-day-2026,/zh-cn/worlds/modern-day-2026
INTERSECTION,/worlds/modern-day-2026-0oxe,738,738,现代篇：2026,现代篇：2026,Ramo Chamaleon,Ramo Chamaleon,YES,YES,/zh-cn/worlds/modern-day-2026-0oxe,/zh-cn/worlds/modern-day-2026-0oxe
INTERSECTION,/worlds/modern-day-2026-0rjs,841,841,现代 2026,现代 2026,unf414062,unf414062,YES,YES,/zh-cn/worlds/modern-day-2026-0rjs,/zh-cn/worlds/modern-day-2026-0rjs
INTERSECTION,/worlds/modern-day-2026-2gzo,1020,1020,现代 2026,现代 2026,Maria Lazcano Estrada,Maria Lazcano Estrada,YES,YES,/zh-cn/worlds/modern-day-2026-2gzo,/zh-cn/worlds/modern-day-2026-2gzo
INTERSECTION,/worlds/modern-day-2026-3dy7,445,445,Modern Day 2026,Modern Day 2026,Candia García Erick Santiago,Candia García Erick Santiago,YES,YES,/zh-cn/worlds/modern-day-2026-3dy7,/zh-cn/worlds/modern-day-2026-3dy7
INTERSECTION,/worlds/modern-day-2026-6dj2,766,766,现代传说 2026,现代传说 2026,LOVERRRQAFUS,LOVERRRQAFUS,YES,YES,/zh-cn/worlds/modern-day-2026-6dj2,/zh-cn/worlds/modern-day-2026-6dj2
INTERSECTION,/worlds/modern-day-2026-adid,746,746,现代社会 2026,现代社会 2026,Alma S.,Alma S.,YES,YES,/zh-cn/worlds/modern-day-2026-adid,/zh-cn/worlds/modern-day-2026-adid
INTERSECTION,/worlds/modern-day-2026-aftk,796,796,现代 2026,现代 2026,bpwhyq,bpwhyq,YES,YES,/zh-cn/worlds/modern-day-2026-aftk,/zh-cn/worlds/modern-day-2026-aftk
INTERSECTION,/worlds/modern-day-2026-are7,818,818,现代篇 2026,现代篇 2026,Pepe Naldo,Pepe Naldo,YES,YES,/zh-cn/worlds/modern-day-2026-are7,/zh-cn/worlds/modern-day-2026-are7
INTERSECTION,/worlds/modern-day-2026-bjkx,1010,1010,现代 2026,现代 2026,vohyager,vohyager,YES,YES,/zh-cn/worlds/modern-day-2026-bjkx,/zh-cn/worlds/modern-day-2026-bjkx
INTERSECTION,/worlds/modern-day-2026-bwps,432,432,Modern Day 2026,Modern Day 2026,Sun Flower,Sun Flower,YES,YES,/zh-cn/worlds/modern-day-2026-bwps,/zh-cn/worlds/modern-day-2026-bwps
INTERSECTION,/worlds/modern-day-2026-cwan,752,752,现代篇：2026,现代篇：2026,Ivanistory nubex x7,Ivanistory nubex x7,YES,YES,/zh-cn/worlds/modern-day-2026-cwan,/zh-cn/worlds/modern-day-2026-cwan
INTERSECTION,/worlds/modern-day-2026-d9nm,798,798,现代篇 2026,现代篇 2026,Anarella Martínez,Anarella Martínez,YES,YES,/zh-cn/worlds/modern-day-2026-d9nm,/zh-cn/worlds/modern-day-2026-d9nm
INTERSECTION,/worlds/modern-day-2026-djwz,944,944,现代 2026,现代 2026,Aa Sf,Aa Sf,YES,YES,/zh-cn/worlds/modern-day-2026-djwz,/zh-cn/worlds/modern-day-2026-djwz
INTERSECTION,/worlds/modern-day-2026-fmcc,748,748,现代纪元 2026,现代纪元 2026,Alexa Torres moreno,Alexa Torres moreno,YES,YES,/zh-cn/worlds/modern-day-2026-fmcc,/zh-cn/worlds/modern-day-2026-fmcc
INTERSECTION,/worlds/modern-day-2026-gs8r,736,736,现代篇 2026,现代篇 2026,Fefy,Fefy,YES,YES,/zh-cn/worlds/modern-day-2026-gs8r,/zh-cn/worlds/modern-day-2026-gs8r
INTERSECTION,/worlds/modern-day-2026-ha9c,828,828,现代 2026,现代 2026,Soe.Htur,Soe.Htur,YES,YES,/zh-cn/worlds/modern-day-2026-ha9c,/zh-cn/worlds/modern-day-2026-ha9c
INTERSECTION,/worlds/modern-day-2026-hr8y,351,351,现代 2026,现代 2026,Third Reich,Third Reich,YES,YES,/zh-cn/worlds/modern-day-2026-hr8y,/zh-cn/worlds/modern-day-2026-hr8y
INTERSECTION,/worlds/modern-day-2026-hvee,331,331,现代 2026,现代 2026,Kiatnap09,Kiatnap09,YES,YES,/zh-cn/worlds/modern-day-2026-hvee,/zh-cn/worlds/modern-day-2026-hvee
INTERSECTION,/worlds/modern-day-2026-influence-power-7ff2920a978a,625,625,Modern Day 2026: Influence & Power,Modern Day 2026: Influence & Power,Andrei Guillermo,Andrei Guillermo,YES,YES,/zh-cn/worlds/modern-day-2026-influence-power-7ff2920a978a,/zh-cn/worlds/modern-day-2026-influence-power-7ff2920a978a
INTERSECTION,/worlds/modern-day-2026-jm86,779,779,现代社会 2026,现代社会 2026,Siok Nose,Siok Nose,YES,YES,/zh-cn/worlds/modern-day-2026-jm86,/zh-cn/worlds/modern-day-2026-jm86
INTERSECTION,/worlds/modern-day-2026-jomy,744,744,现代篇 2026,现代篇 2026,Ivanistory nubex x7,Ivanistory nubex x7,YES,YES,/zh-cn/worlds/modern-day-2026-jomy,/zh-cn/worlds/modern-day-2026-jomy
INTERSECTION,/worlds/modern-day-2026-qyc2,815,815,现代 2026,现代 2026,Pepe Naldo,Pepe Naldo,YES,YES,/zh-cn/worlds/modern-day-2026-qyc2,/zh-cn/worlds/modern-day-2026-qyc2
INTERSECTION,/worlds/modern-day-2026-rk2l,769,769,现代 2026,现代 2026,maca,maca,YES,YES,/zh-cn/worlds/modern-day-2026-rk2l,/zh-cn/worlds/modern-day-2026-rk2l
INTERSECTION,/worlds/modern-day-2026-ugwe,308,308,现代 2026,现代 2026,Vic-071b7f,Vic-071b7f,YES,YES,/zh-cn/worlds/modern-day-2026-ugwe,/zh-cn/worlds/modern-day-2026-ugwe
INTERSECTION,/worlds/modern-day-2026-vwk5,832,832,现代 2026,现代 2026,Karmantic,Karmantic,YES,YES,/zh-cn/worlds/modern-day-2026-vwk5,/zh-cn/worlds/modern-day-2026-vwk5
INTERSECTION,/worlds/modern-day-2026-xcx3,972,972,现代 2026,现代 2026,Scara Bajo,Scara Bajo,YES,YES,/zh-cn/worlds/modern-day-2026-xcx3,/zh-cn/worlds/modern-day-2026-xcx3
INTERSECTION,/worlds/modern-day-2026-zedt,771,771,现代纪元 2026,现代纪元 2026,Aw9ng,Aw9ng,YES,YES,/zh-cn/worlds/modern-day-2026-zedt,/zh-cn/worlds/modern-day-2026-zedt
INTERSECTION,/worlds/modern-day-59iv,629,629,现代世界 2026,现代世界 2026,Денис Давыдов,Денис Давыдов,YES,YES,/zh-cn/worlds/modern-day-59iv,/zh-cn/worlds/modern-day-59iv
INTERSECTION,/worlds/modern-day-5f8o,650,650,现代世界 2026,现代世界 2026,2734588443,2734588443,YES,YES,/zh-cn/worlds/modern-day-5f8o,/zh-cn/worlds/modern-day-5f8o
INTERSECTION,/worlds/modern-day-5l95,606,606,现代世界 2026,现代世界 2026,pauleneolga9,pauleneolga9,YES,YES,/zh-cn/worlds/modern-day-5l95,/zh-cn/worlds/modern-day-5l95
INTERSECTION,/worlds/modern-day-6sym,450,450,现代世界 2026,现代世界 2026,Luciano Dearman,Luciano Dearman,YES,YES,/zh-cn/worlds/modern-day-6sym,/zh-cn/worlds/modern-day-6sym
INTERSECTION,/worlds/modern-day-8cge,66,66,现代世界 2026,现代世界 2026,buranenergiya,buranenergiya,YES,YES,/zh-cn/worlds/modern-day-8cge,/zh-cn/worlds/modern-day-8cge
INTERSECTION,/worlds/modern-day-9xk8,533,533,Modern Day 2026 Copy,Modern Day 2026 Copy,Ярослав,Ярослав,YES,YES,/zh-cn/worlds/modern-day-9xk8,/zh-cn/worlds/modern-day-9xk8
INTERSECTION,/worlds/modern-day-c3sj,572,572,Modern Day 2026 Copy,Modern Day 2026 Copy,Dada Didi,Dada Didi,YES,YES,/zh-cn/worlds/modern-day-c3sj,/zh-cn/worlds/modern-day-c3sj
INTERSECTION,/worlds/modern-day-c4mq,194,194,现代世界 2026,现代世界 2026,2729310179,2729310179,YES,YES,/zh-cn/worlds/modern-day-c4mq,/zh-cn/worlds/modern-day-c4mq
INTERSECTION,/worlds/modern-day-hpal,628,628,现代世界 2026,现代世界 2026,sunjunkai_2026,sunjunkai_2026,YES,YES,/zh-cn/worlds/modern-day-hpal,/zh-cn/worlds/modern-day-hpal
INTERSECTION,/worlds/modern-day-ispe,719,719,现代世界 2026,现代世界 2026,ly13999393204,ly13999393204,YES,YES,/zh-cn/worlds/modern-day-ispe,/zh-cn/worlds/modern-day-ispe
INTERSECTION,/worlds/modern-day-jk6m,627,627,现代世界 2026,现代世界 2026,李李渝,李李渝,YES,YES,/zh-cn/worlds/modern-day-jk6m,/zh-cn/worlds/modern-day-jk6m
INTERSECTION,/worlds/modern-day-k4f9,817,817,现代世界 2026,现代世界 2026,jennyfsol2,jennyfsol2,YES,YES,/zh-cn/worlds/modern-day-k4f9,/zh-cn/worlds/modern-day-k4f9
INTERSECTION,/worlds/modern-day-knhf,619,619,现代世界 2026 副本,现代世界 2026 副本,3410395417,3410395417,YES,YES,/zh-cn/worlds/modern-day-knhf,/zh-cn/worlds/modern-day-knhf
INTERSECTION,/worlds/modern-day-kou0,593,593,现代世界 2026,现代世界 2026,3396158702,3396158702,YES,YES,/zh-cn/worlds/modern-day-kou0,/zh-cn/worlds/modern-day-kou0
INTERSECTION,/worlds/modern-day-lg6f,446,446,现代世界 2026 副本,现代世界 2026 副本,wang_20140214,wang_20140214,YES,YES,/zh-cn/worlds/modern-day-lg6f,/zh-cn/worlds/modern-day-lg6f
INTERSECTION,/worlds/modern-day-oyge,451,451,现代世界 2026,现代世界 2026,Luciano Dearman,Luciano Dearman,YES,YES,/zh-cn/worlds/modern-day-oyge,/zh-cn/worlds/modern-day-oyge
INTERSECTION,/worlds/modern-day-r3a4,496,496,现代世界 2026,现代世界 2026,2729310179,2729310179,YES,YES,/zh-cn/worlds/modern-day-r3a4,/zh-cn/worlds/modern-day-r3a4
INTERSECTION,/worlds/modern-day-t2ye,323,323,Modern Day 2026 Copy,Modern Day 2026 Copy,Ярослав,Ярослав,YES,YES,/zh-cn/worlds/modern-day-t2ye,/zh-cn/worlds/modern-day-t2ye
INTERSECTION,/worlds/modern-day-vl7l,661,661,现代世界 2026 副本,现代世界 2026 副本,3410395417,3410395417,YES,YES,/zh-cn/worlds/modern-day-vl7l,/zh-cn/worlds/modern-day-vl7l
INTERSECTION,/worlds/modern-day-w6pf,528,528,Modern Day 2026 Copy,Modern Day 2026 Copy,Etcguy Formore,Etcguy Formore,YES,YES,/zh-cn/worlds/modern-day-w6pf,/zh-cn/worlds/modern-day-w6pf
INTERSECTION,/worlds/modern-day-x9e6,575,575,现代世界 2026,现代世界 2026,Danileon,Danileon,YES,YES,/zh-cn/worlds/modern-day-x9e6,/zh-cn/worlds/modern-day-x9e6
INTERSECTION,/worlds/modern-day-xj27,488,488,现代世界 2026,现代世界 2026,Ava Vlad,Ava Vlad,YES,YES,/zh-cn/worlds/modern-day-xj27,/zh-cn/worlds/modern-day-xj27
INTERSECTION,/worlds/modern-day-y9fl,196,196,现代世界 2026,现代世界 2026,isllan,isllan,YES,YES,/zh-cn/worlds/modern-day-y9fl,/zh-cn/worlds/modern-day-y9fl
INTERSECTION,/worlds/modern-warfare-global-conflict-2026-95ec1af14441,418,418,Modern Warfare: Global Conflict 2026,Modern Warfare: Global Conflict 2026,vd497924,vd497924,YES,YES,/zh-cn/worlds/modern-warfare-global-conflict-2026-95ec1af14441,/zh-cn/worlds/modern-warfare-global-conflict-2026-95ec1af14441
INTERSECTION,/worlds/mononoke-ofdj,164,164,物怪,物怪,Liyuu,Liyuu,YES,YES,/zh-cn/worlds/mononoke-ofdj,/zh-cn/worlds/mononoke-ofdj
INTERSECTION,/worlds/mundo-64ge,319,319,Mundo,Mundo,Sebastian Miguel,Sebastian Miguel,YES,YES,/zh-cn/worlds/mundo-64ge,/zh-cn/worlds/mundo-64ge
INTERSECTION,/worlds/mundo-actual-k72x,887,887,现代世界,现代世界,María0928,María0928,YES,YES,/zh-cn/worlds/mundo-actual-k72x,/zh-cn/worlds/mundo-actual-k72x
INTERSECTION,/worlds/mundo-actual-p1a5,753,753,当今世界,当今世界,Jetziel,Jetziel,YES,YES,/zh-cn/worlds/mundo-actual-p1a5,/zh-cn/worlds/mundo-actual-p1a5
INTERSECTION,/worlds/mundo-apuf,884,884,世界,世界,Gato gordo-084b22,Gato gordo-084b22,YES,YES,/zh-cn/worlds/mundo-apuf,/zh-cn/worlds/mundo-apuf
INTERSECTION,/worlds/mundo-de-elaria-mape,129,129,Mundo de Elaria !,Mundo de Elaria !,Roschette,Roschette,YES,YES,/zh-cn/worlds/mundo-de-elaria-mape,/zh-cn/worlds/mundo-de-elaria-mape
INTERSECTION,/worlds/mundo-de-elaria-rfam,562,562,Mundo de Elaria !,Mundo de Elaria !,Roschette,Roschette,YES,YES,/zh-cn/worlds/mundo-de-elaria-rfam,/zh-cn/worlds/mundo-de-elaria-rfam
INTERSECTION,/worlds/mundo-de-jujutsu-kaisen-m-s-personajes-m-awu1,1057,1057,"Mundo de Jujutsu Kaisen: ¡Más personajes, mayor libertad!","Mundo de Jujutsu Kaisen: ¡Más personajes, mayor libertad!",Antonella-66c2dc,Antonella-66c2dc,YES,YES,/zh-cn/worlds/mundo-de-jujutsu-kaisen-m-s-personajes-m-awu1,/zh-cn/worlds/mundo-de-jujutsu-kaisen-m-s-personajes-m-awu1
INTERSECTION,/worlds/mundo-medieval-k9ob,169,169,吸血鬼与猎人,吸血鬼与猎人,None,None,YES,YES,/zh-cn/worlds/mundo-medieval-k9ob,/zh-cn/worlds/mundo-medieval-k9ob
INTERSECTION,/worlds/my-world-cht3,787,787,我的世界,我的世界,Heli,Heli,YES,YES,/zh-cn/worlds/my-world-cht3,/zh-cn/worlds/my-world-cht3
ONLY_ALL,/worlds/naruto-live-another-life-a-shinobi-story,,1091,,火影忍者模拟器,,heyuming612,,YES,,/zh-cn/worlds/naruto-live-another-life-a-shinobi-story
INTERSECTION,/worlds/needy-streamer-overload,14,14,主播女孩重度依赖 (Needy Streamer Overload),主播女孩重度依赖 (Needy Streamer Overload),World101,World101,YES,YES,/zh-cn/worlds/needy-streamer-overload,/zh-cn/worlds/needy-streamer-overload
INTERSECTION,/worlds/needy-streamer-overload-1442,918,918,主播女孩重度依赖,主播女孩重度依赖,3037260597,3037260597,YES,YES,/zh-cn/worlds/needy-streamer-overload-1442,/zh-cn/worlds/needy-streamer-overload-1442
INTERSECTION,/worlds/needy-streamer-overload-332h,799,799,主播女孩重度依赖,主播女孩重度依赖,Noel,Noel,YES,YES,/zh-cn/worlds/needy-streamer-overload-332h,/zh-cn/worlds/needy-streamer-overload-332h
INTERSECTION,/worlds/needy-streamer-overload-abb4,151,151,主播女孩重度依赖,主播女孩重度依赖,Taegar,Taegar,YES,YES,/zh-cn/worlds/needy-streamer-overload-abb4,/zh-cn/worlds/needy-streamer-overload-abb4
INTERSECTION,/worlds/needy-streamer-overload-bfcq,332,332,主播女孩重度依赖,主播女孩重度依赖,Monserrat-3886f3,Monserrat-3886f3,YES,YES,/zh-cn/worlds/needy-streamer-overload-bfcq,/zh-cn/worlds/needy-streamer-overload-bfcq
INTERSECTION,/worlds/needy-streamer-overload-kpvn,929,929,主播女孩重度依赖,主播女孩重度依赖,Monserrat-3886f3,Monserrat-3886f3,YES,YES,/zh-cn/worlds/needy-streamer-overload-kpvn,/zh-cn/worlds/needy-streamer-overload-kpvn
INTERSECTION,/worlds/needy-streamer-overload-pfek,930,930,主播女孩重度依赖,主播女孩重度依赖,Creole,Creole,YES,YES,/zh-cn/worlds/needy-streamer-overload-pfek,/zh-cn/worlds/needy-streamer-overload-pfek
INTERSECTION,/worlds/needy-streamer-overload-q7xx,309,309,主播女孩重度依赖,主播女孩重度依赖,2306586403,2306586403,YES,YES,/zh-cn/worlds/needy-streamer-overload-q7xx,/zh-cn/worlds/needy-streamer-overload-q7xx
INTERSECTION,/worlds/needy-streamer-overload-qfqv,800,800,主播女孩重度依赖,主播女孩重度依赖,Noel,Noel,YES,YES,/zh-cn/worlds/needy-streamer-overload-qfqv,/zh-cn/worlds/needy-streamer-overload-qfqv
INTERSECTION,/worlds/needy-streamer-overload-tz4f,931,931,主播女孩重度依赖,主播女孩重度依赖,Luu,Luu,YES,YES,/zh-cn/worlds/needy-streamer-overload-tz4f,/zh-cn/worlds/needy-streamer-overload-tz4f
INTERSECTION,/worlds/needy-streamer-overload-w7xv,760,760,主播女孩重度依赖,主播女孩重度依赖,pqo_202303230071,pqo_202303230071,YES,YES,/zh-cn/worlds/needy-streamer-overload-w7xv,/zh-cn/worlds/needy-streamer-overload-w7xv
INTERSECTION,/worlds/needy-streamer-overload-xc8b,250,250,主播女孩重度依赖 (Needy Streamer Overload),主播女孩重度依赖 (Needy Streamer Overload),retohaxpy,retohaxpy,YES,YES,/zh-cn/worlds/needy-streamer-overload-xc8b,/zh-cn/worlds/needy-streamer-overload-xc8b
INTERSECTION,/worlds/neo-poniente-juego-de-tronos-del-futuro-0jtp,329,329,Neo-Poniente: Juego de Tronos del Futuro,Neo-Poniente: Juego de Tronos del Futuro,valentina badell,valentina badell,YES,YES,/zh-cn/worlds/neo-poniente-juego-de-tronos-del-futuro-0jtp,/zh-cn/worlds/neo-poniente-juego-de-tronos-del-futuro-0jtp
INTERSECTION,/worlds/neon-demon-slayer-future-corps-simulator-wna8,740,740,霓虹鬼杀队：未来兵团模拟器,霓虹鬼杀队：未来兵团模拟器,Agustin Aguero,Agustin Aguero,YES,YES,/zh-cn/worlds/neon-demon-slayer-future-corps-simulator-wna8,/zh-cn/worlds/neon-demon-slayer-future-corps-simulator-wna8
INTERSECTION,/worlds/new-cold-war-2026-simulator-zfr6,919,919,2026新冷战模拟器,2026新冷战模拟器,Jan Boolman,Jan Boolman,YES,YES,/zh-cn/worlds/new-cold-war-2026-simulator-zfr6,/zh-cn/worlds/new-cold-war-2026-simulator-zfr6
INTERSECTION,/worlds/new-town-xest,856,856,新城镇,新城镇,Evelyn Cibau,Evelyn Cibau,YES,YES,/zh-cn/worlds/new-town-xest,/zh-cn/worlds/new-town-xest
ONLY_ALL,/worlds/nightingale-song,,1117,,侦探模拟器:夜莺之歌,,World101,,YES,,/zh-cn/worlds/nightingale-song
INTERSECTION,/worlds/nockfell-k998,427,427,Nockfell,Nockfell,Sam Zeas,Sam Zeas,YES,YES,/zh-cn/worlds/nockfell-k998,/zh-cn/worlds/nockfell-k998
INTERSECTION,/worlds/nose-qjba,755,755,鼻子,鼻子,JoaAlbaristo,JoaAlbaristo,YES,YES,/zh-cn/worlds/nose-qjba,/zh-cn/worlds/nose-qjba
INTERSECTION,/worlds/nose-we-pb1k,780,780,Nose We,Nose We,Fan Tokito,Fan Tokito,YES,YES,/zh-cn/worlds/nose-we-pb1k,/zh-cn/worlds/nose-we-pb1k
INTERSECTION,/worlds/nova-city-rp-xpfc,281,281,Nova City RP,Nova City RP,gennysss guxman,gennysss guxman,YES,YES,/zh-cn/worlds/nova-city-rp-xpfc,/zh-cn/worlds/nova-city-rp-xpfc
INTERSECTION,/worlds/o-i-o-0rpv,18,18,₊˚‧ 索尼克世界 ˚.,₊˚‧ 索尼克世界 ˚.,ναʟ,ναʟ,YES,YES,/zh-cn/worlds/o-i-o-0rpv,/zh-cn/worlds/o-i-o-0rpv
INTERSECTION,/worlds/o-i-o-2ciq,326,326,₊˚‧ 索尼克世界 ˚.,₊˚‧ 索尼克世界 ˚.,Nezuko Camato,Nezuko Camato,YES,YES,/zh-cn/worlds/o-i-o-2ciq,/zh-cn/worlds/o-i-o-2ciq
INTERSECTION,/worlds/o-i-o-3fzm,999,999,₊˚‧ 索尼克世界 ˚.,₊˚‧ 索尼克世界 ˚.,MADAME,MADAME,YES,YES,/zh-cn/worlds/o-i-o-3fzm,/zh-cn/worlds/o-i-o-3fzm
INTERSECTION,/worlds/o-i-o-50y6,274,274,₊˚‧ 索尼克世界 ˚.,₊˚‧ 索尼克世界 ˚.,Fake Amy,Fake Amy,YES,YES,/zh-cn/worlds/o-i-o-50y6,/zh-cn/worlds/o-i-o-50y6
INTERSECTION,/worlds/o-i-o-55ul,171,171,₊˚‧ 索尼克世界 ˚.,₊˚‧ 索尼克世界 ˚.,Santos Oviedo,Santos Oviedo,YES,YES,/zh-cn/worlds/o-i-o-55ul,/zh-cn/worlds/o-i-o-55ul
INTERSECTION,/worlds/o-i-o-96xi,154,154,₊˚‧ 索尼克世界 ˚.,₊˚‧ 索尼克世界 ˚.,Eunaoentendomano,Eunaoentendomano,YES,YES,/zh-cn/worlds/o-i-o-96xi,/zh-cn/worlds/o-i-o-96xi
INTERSECTION,/worlds/o-i-o-9k3p,437,437,₊˚‧ 索尼克世界 ˚.,₊˚‧ 索尼克世界 ˚.,Pace Hedgehog,Pace Hedgehog,YES,YES,/zh-cn/worlds/o-i-o-9k3p,/zh-cn/worlds/o-i-o-9k3p
INTERSECTION,/worlds/o-i-o-buwv,188,188,₊˚‧ 索尼克世界 ˚.,₊˚‧ 索尼克世界 ˚.,Café con pam,Café con pam,YES,YES,/zh-cn/worlds/o-i-o-buwv,/zh-cn/worlds/o-i-o-buwv
INTERSECTION,/worlds/o-i-o-i3ge,291,291,₊˚‧ 索尼克世界 ˚.,₊˚‧ 索尼克世界 ˚.,Santos Oviedo,Santos Oviedo,YES,YES,/zh-cn/worlds/o-i-o-i3ge,/zh-cn/worlds/o-i-o-i3ge
INTERSECTION,/worlds/o-i-o-ogwg,1080,1080,₊˚‧ 索尼克世界 ˚.,₊˚‧ 索尼克世界 ˚.,bubble,bubble,YES,YES,/zh-cn/worlds/o-i-o-ogwg,/zh-cn/worlds/o-i-o-ogwg
INTERSECTION,/worlds/o-i-o-q86x,353,353,₊˚‧ SONIC WORLD ˚. Copia,₊˚‧ SONIC WORLD ˚. Copia,Jeanette Aphros,Jeanette Aphros,YES,YES,/zh-cn/worlds/o-i-o-q86x,/zh-cn/worlds/o-i-o-q86x
INTERSECTION,/worlds/o-i-o-to5o,382,382,₊˚‧ 索尼克世界 ˚.,₊˚‧ 索尼克世界 ˚.,Irma Garcia,Irma Garcia,YES,YES,/zh-cn/worlds/o-i-o-to5o,/zh-cn/worlds/o-i-o-to5o
INTERSECTION,/worlds/o-i-o-x9nd,436,436,₊˚‧ 索尼克世界 ˚.,₊˚‧ 索尼克世界 ˚.,Pace Hedgehog,Pace Hedgehog,YES,YES,/zh-cn/worlds/o-i-o-x9nd,/zh-cn/worlds/o-i-o-x9nd
INTERSECTION,/worlds/oi-368w,967,967,嘿,嘿,Hitomi,Hitomi,YES,YES,/zh-cn/worlds/oi-368w,/zh-cn/worlds/oi-368w
INTERSECTION,/worlds/omegaverse-xpli,839,839,欧米伽世界,欧米伽世界,jimena stylinson,jimena stylinson,YES,YES,/zh-cn/worlds/omegaverse-xpli,/zh-cn/worlds/omegaverse-xpli
INTERSECTION,/worlds/one-piece-87k8,1028,1028,航海王,航海王,Luana Stefany Sanchez,Luana Stefany Sanchez,YES,YES,/zh-cn/worlds/one-piece-87k8,/zh-cn/worlds/one-piece-87k8
INTERSECTION,/worlds/otsutsuki-restore-china-kdcz,207,207,otsutsuki restore china,otsutsuki restore china,nguyenhaiphong15052012,nguyenhaiphong15052012,YES,YES,/zh-cn/worlds/otsutsuki-restore-china-kdcz,/zh-cn/worlds/otsutsuki-restore-china-kdcz
INTERSECTION,/worlds/pa-ibfw,763,763,PA,PA,Sheila Viramontes,Sheila Viramontes,YES,YES,/zh-cn/worlds/pa-ibfw,/zh-cn/worlds/pa-ibfw
INTERSECTION,/worlds/pandemic-simulator-ti31,1046,1046,瘟疫模拟器,瘟疫模拟器,ztlllll,ztlllll,YES,YES,/zh-cn/worlds/pandemic-simulator-ti31,/zh-cn/worlds/pandemic-simulator-ti31
INTERSECTION,/worlds/pandora-jj96,190,190,潘多拉,潘多拉,Niray Himiko,Niray Himiko,YES,YES,/zh-cn/worlds/pandora-jj96,/zh-cn/worlds/pandora-jj96
INTERSECTION,/worlds/pandora-mzjt,423,423,Pandora,Pandora,atey,atey,YES,YES,/zh-cn/worlds/pandora-mzjt,/zh-cn/worlds/pandora-mzjt
INTERSECTION,/worlds/pandora-rork,388,388,Pandora,Pandora,david bowie,david bowie,YES,YES,/zh-cn/worlds/pandora-rork,/zh-cn/worlds/pandora-rork
INTERSECTION,/worlds/pandora-smjz,40,40,潘多拉,潘多拉,Tobias Torres,Tobias Torres,YES,YES,/zh-cn/worlds/pandora-smjz,/zh-cn/worlds/pandora-smjz
INTERSECTION,/worlds/pendragon-word-u9px,790,790,史诗词锋,史诗词锋,Iara Alvarez,Iara Alvarez,YES,YES,/zh-cn/worlds/pendragon-word-u9px,/zh-cn/worlds/pendragon-word-u9px
INTERSECTION,/worlds/penne-yulh,836,836,Penne,Penne,Luna-44eafb,Luna-44eafb,YES,YES,/zh-cn/worlds/penne-yulh,/zh-cn/worlds/penne-yulh
INTERSECTION,/worlds/playground-planet-simulator-f4c3a907dfca,213,213,Playground Planet Simulator,Playground Planet Simulator,Galaxy,Galaxy,YES,YES,/zh-cn/worlds/playground-planet-simulator-f4c3a907dfca,/zh-cn/worlds/playground-planet-simulator-f4c3a907dfca
INTERSECTION,/worlds/pok-mon-legends-arceus-k0jc,153,153,Pokémon - Legends Arceus,Pokémon - Legends Arceus,Abi Wayne,Abi Wayne,YES,YES,/zh-cn/worlds/pok-mon-legends-arceus-k0jc,/zh-cn/worlds/pok-mon-legends-arceus-k0jc
ONLY_ALL,/worlds/pok-mon-passio-gcrc,,1092,,宝可梦 (帕希欧),,Abi Wayne,,YES,,/zh-cn/worlds/pok-mon-passio-gcrc
ONLY_ALL,/worlds/pok-mon-passio-xlq0,,1124,,宝可梦 (帕希欧),,rin phonny (Ririn),,YES,,/zh-cn/worlds/pok-mon-passio-xlq0
INTERSECTION,/worlds/pokemon-48wa,300,300,Pokemon 🔴,Pokemon 🔴,bikengatai,bikengatai,YES,YES,/zh-cn/worlds/pokemon-48wa,/zh-cn/worlds/pokemon-48wa
INTERSECTION,/worlds/pokemon-59df,1083,1083,Pokemon 🔴 Copy,Pokemon 🔴 Copy,Coquiyo,Coquiyo,YES,YES,/zh-cn/worlds/pokemon-59df,/zh-cn/worlds/pokemon-59df
INTERSECTION,/worlds/pokemon-8ofx,441,441,Pokemon 🔴 Copy,Pokemon 🔴 Copy,Coquiyo,Coquiyo,YES,YES,/zh-cn/worlds/pokemon-8ofx,/zh-cn/worlds/pokemon-8ofx
INTERSECTION,/worlds/pokemon-hjk6,8,8,宝可梦 🔴,宝可梦 🔴,Sunnie,Sunnie,YES,YES,/zh-cn/worlds/pokemon-hjk6,/zh-cn/worlds/pokemon-hjk6
INTERSECTION,/worlds/pokemon-jr8l,46,46,宝可梦 🔴 副本,宝可梦 🔴 副本,Coquiyo,Coquiyo,YES,YES,/zh-cn/worlds/pokemon-jr8l,/zh-cn/worlds/pokemon-jr8l
INTERSECTION,/worlds/pokemon-v0qz,87,87,宝可梦 🔴,宝可梦 🔴,Coquiyo,Coquiyo,YES,YES,/zh-cn/worlds/pokemon-v0qz,/zh-cn/worlds/pokemon-v0qz
INTERSECTION,/worlds/prehistoric-tribe-simulator-v4tn,362,362,史前部落模拟器,史前部落模拟器,Yoko Gatai,Yoko Gatai,NO,NO,/zh-cn/worlds/prehistoric-tribe-simulator-v4tn,/zh-cn/worlds/prehistoric-tribe-simulator-v4tn
INTERSECTION,/worlds/punto-blanco-n15t,106,106,Punto Blanco (no entrar por favor),Punto Blanco (no entrar por favor),レイナ・フェノメノ,レイナ・フェノメノ,YES,YES,/zh-cn/worlds/punto-blanco-n15t,/zh-cn/worlds/punto-blanco-n15t
ONLY_ALL,/worlds/pure-youth-simulator-high-school-2018-lder,,1118,,纯真青年模拟器 (高中 2018),,mob,,YES,,/zh-cn/worlds/pure-youth-simulator-high-school-2018-lder
INTERSECTION,/worlds/qu-w76o,290,290,muzan simulator,muzan simulator,3.Nguyễn Mạnh Đức,3.Nguyễn Mạnh Đức,YES,YES,/zh-cn/worlds/qu-w76o,/zh-cn/worlds/qu-w76o
INTERSECTION,/worlds/quan-li-de-you-xi-mo-ni-qi-bing-yu-huo-z-a4bt,1004,1004,权力的游戏模拟器(冰与火之歌),权力的游戏模拟器(冰与火之歌),qq1971961314,qq1971961314,YES,YES,/zh-cn/worlds/quan-li-de-you-xi-mo-ni-qi-bing-yu-huo-z-a4bt,/zh-cn/worlds/quan-li-de-you-xi-mo-ni-qi-bing-yu-huo-z-a4bt
INTERSECTION,/worlds/quan-qiu-di-yuan-ba-zhu-yan-chu-fa-sui-981bf32e214d,573,573,全球地缘霸主：言出法随,全球地缘霸主：言出法随,a1824699,a1824699,YES,YES,/zh-cn/worlds/quan-qiu-di-yuan-ba-zhu-yan-chu-fa-sui-981bf32e214d,/zh-cn/worlds/quan-qiu-di-yuan-ba-zhu-yan-chu-fa-sui-981bf32e214d
INTERSECTION,/worlds/qui-n-invit-al-gato-8t5r,86,86,HOK: Who invited the cat?,HOK: Who invited the cat?,Joan Dayanara,Joan Dayanara,YES,YES,/zh-cn/worlds/qui-n-invit-al-gato-8t5r,/zh-cn/worlds/qui-n-invit-al-gato-8t5r
INTERSECTION,/worlds/rolplay-sw8w,198,198,角色扮演,角色扮演,Ludmi Fernández,Ludmi Fernández,YES,YES,/zh-cn/worlds/rolplay-sw8w,/zh-cn/worlds/rolplay-sw8w
ONLY_ALL,/worlds/roses-story,,1105,,侦探模拟器:玫瑰的故事,,World101,,YES,,/zh-cn/worlds/roses-story
INTERSECTION,/worlds/ruina-temporal-simulador-cv2u,80,80,时空废墟：魔法少女小圆（测试版）,时空废墟：魔法少女小圆（测试版）,alalcon 001,alalcon 001,YES,YES,/zh-cn/worlds/ruina-temporal-simulador-cv2u,/zh-cn/worlds/ruina-temporal-simulador-cv2u
INTERSECTION,/worlds/rusia-1sn5,302,302,俄罗斯沙皇国,俄罗斯沙皇国,Alessio Lemos,Alessio Lemos,YES,YES,/zh-cn/worlds/rusia-1sn5,/zh-cn/worlds/rusia-1sn5
INTERSECTION,/worlds/rusia-eika,133,133,Rusia,Rusia,Wendy Orrego,Wendy Orrego,YES,YES,/zh-cn/worlds/rusia-eika,/zh-cn/worlds/rusia-eika
INTERSECTION,/worlds/rusia-jpet,361,361,俄罗斯,俄罗斯,Laliii,Laliii,YES,YES,/zh-cn/worlds/rusia-jpet,/zh-cn/worlds/rusia-jpet
INTERSECTION,/worlds/s-i2fi,978,978,S,S,Constanza Correa-de2f7a,Constanza Correa-de2f7a,YES,YES,/zh-cn/worlds/s-i2fi,/zh-cn/worlds/s-i2fi
INTERSECTION,/worlds/san-guo-fu-sheng-lu-lie-n-chuan-0r7i,71,71,三国浮生录,三国浮生录,pansharemm,pansharemm,YES,YES,/zh-cn/worlds/san-guo-fu-sheng-lu-lie-n-chuan-0r7i,/zh-cn/worlds/san-guo-fu-sheng-lu-lie-n-chuan-0r7i
INTERSECTION,/worlds/san-guo-mo-ni-qi-7i9g,222,222,三国模拟器,三国模拟器,1336465784,1336465784,YES,YES,/zh-cn/worlds/san-guo-mo-ni-qi-7i9g,/zh-cn/worlds/san-guo-mo-ni-qi-7i9g
INTERSECTION,/worlds/san-guo-mo-ni-qi-axx9,730,730,三国模拟器,三国模拟器,Ray Mo,Ray Mo,YES,YES,/zh-cn/worlds/san-guo-mo-ni-qi-axx9,/zh-cn/worlds/san-guo-mo-ni-qi-axx9
INTERSECTION,/worlds/san-guo-mo-ni-qi-bncu,982,982,三国模拟器,三国模拟器,蘇鈞Jim,蘇鈞Jim,YES,YES,/zh-cn/worlds/san-guo-mo-ni-qi-bncu,/zh-cn/worlds/san-guo-mo-ni-qi-bncu
INTERSECTION,/worlds/san-guo-mo-ni-qi-g292,927,927,三国模拟器,三国模拟器,896347062,896347062,YES,YES,/zh-cn/worlds/san-guo-mo-ni-qi-g292,/zh-cn/worlds/san-guo-mo-ni-qi-g292
INTERSECTION,/worlds/san-guo-mo-ni-qi-su55,197,197,三国模拟器,三国模拟器,2156459534,2156459534,YES,YES,/zh-cn/worlds/san-guo-mo-ni-qi-su55,/zh-cn/worlds/san-guo-mo-ni-qi-su55
INTERSECTION,/worlds/sangre-de-santo-s4uw,252,252,SANGRE DE SANTO,SANGRE DE SANTO,KERO,KERO,YES,YES,/zh-cn/worlds/sangre-de-santo-s4uw,/zh-cn/worlds/sangre-de-santo-s4uw
INTERSECTION,/worlds/sanguo-58bc,722,722,三国浮生录·列女传,三国浮生录·列女传,3042475886,3042475886,YES,YES,/zh-cn/worlds/sanguo-58bc,/zh-cn/worlds/sanguo-58bc
INTERSECTION,/worlds/sanguo-warlords,3,3,三国模拟器,三国模拟器,World101,World101,YES,YES,/zh-cn/worlds/sanguo-warlords,/zh-cn/worlds/sanguo-warlords
INTERSECTION,/worlds/sanguo-warlords-00jl,581,581,三国模拟器,三国模拟器,Quackity,Quackity,YES,YES,/zh-cn/worlds/sanguo-warlords-00jl,/zh-cn/worlds/sanguo-warlords-00jl
INTERSECTION,/worlds/sanguo-warlords-05yh,311,311,三国模拟器,三国模拟器,1990686165,1990686165,YES,YES,/zh-cn/worlds/sanguo-warlords-05yh,/zh-cn/worlds/sanguo-warlords-05yh
INTERSECTION,/worlds/sanguo-warlords-0rc4,592,592,三国模拟器 副本,三国模拟器 副本,1303536430,1303536430,YES,YES,/zh-cn/worlds/sanguo-warlords-0rc4,/zh-cn/worlds/sanguo-warlords-0rc4
INTERSECTION,/worlds/sanguo-warlords-17qr,499,499,三国模拟器,三国模拟器,2231981489,2231981489,YES,YES,/zh-cn/worlds/sanguo-warlords-17qr,/zh-cn/worlds/sanguo-warlords-17qr
INTERSECTION,/worlds/sanguo-warlords-1j5p,670,670,三国模拟器,三国模拟器,2916784700,2916784700,YES,YES,/zh-cn/worlds/sanguo-warlords-1j5p,/zh-cn/worlds/sanguo-warlords-1j5p
INTERSECTION,/worlds/sanguo-warlords-2mx4,663,663,三国模拟器,三国模拟器,874166278,874166278,YES,YES,/zh-cn/worlds/sanguo-warlords-2mx4,/zh-cn/worlds/sanguo-warlords-2mx4
INTERSECTION,/worlds/sanguo-warlords-3bcb,687,687,三国模拟器 副本,三国模拟器 副本,4308343,4308343,YES,YES,/zh-cn/worlds/sanguo-warlords-3bcb,/zh-cn/worlds/sanguo-warlords-3bcb
INTERSECTION,/worlds/sanguo-warlords-49wu,468,468,三国模拟器 副本,三国模拟器 副本,38809656,38809656,YES,YES,/zh-cn/worlds/sanguo-warlords-49wu,/zh-cn/worlds/sanguo-warlords-49wu
INTERSECTION,/worlds/sanguo-warlords-4g21,711,711,三国模拟器 副本,三国模拟器 副本,4308343,4308343,YES,YES,/zh-cn/worlds/sanguo-warlords-4g21,/zh-cn/worlds/sanguo-warlords-4g21
INTERSECTION,/worlds/sanguo-warlords-4g24,568,568,三国模拟器,三国模拟器,Quackity,Quackity,YES,YES,/zh-cn/worlds/sanguo-warlords-4g24,/zh-cn/worlds/sanguo-warlords-4g24
INTERSECTION,/worlds/sanguo-warlords-4rnk,377,377,三国模拟器,三国模拟器,973075018,973075018,YES,YES,/zh-cn/worlds/sanguo-warlords-4rnk,/zh-cn/worlds/sanguo-warlords-4rnk
INTERSECTION,/worlds/sanguo-warlords-6k1n,707,707,三国模拟器,三国模拟器,504874700,504874700,YES,YES,/zh-cn/worlds/sanguo-warlords-6k1n,/zh-cn/worlds/sanguo-warlords-6k1n
INTERSECTION,/worlds/sanguo-warlords-78sf,587,587,三国模拟器,三国模拟器,2964004482,2964004482,YES,YES,/zh-cn/worlds/sanguo-warlords-78sf,/zh-cn/worlds/sanguo-warlords-78sf
INTERSECTION,/worlds/sanguo-warlords-8213,685,685,三国模拟器 副本,三国模拟器 副本,瓷瓶里都,瓷瓶里都,YES,YES,/zh-cn/worlds/sanguo-warlords-8213,/zh-cn/worlds/sanguo-warlords-8213
INTERSECTION,/worlds/sanguo-warlords-8akj,657,657,三国模拟器,三国模拟器,412347605,412347605,YES,YES,/zh-cn/worlds/sanguo-warlords-8akj,/zh-cn/worlds/sanguo-warlords-8akj
INTERSECTION,/worlds/sanguo-warlords-901k,655,655,三国模拟器,三国模拟器,罗云龙,罗云龙,YES,YES,/zh-cn/worlds/sanguo-warlords-901k,/zh-cn/worlds/sanguo-warlords-901k
INTERSECTION,/worlds/sanguo-warlords-9em4,909,909,三国模拟器,三国模拟器,班启超,班启超,YES,YES,/zh-cn/worlds/sanguo-warlords-9em4,/zh-cn/worlds/sanguo-warlords-9em4
INTERSECTION,/worlds/sanguo-warlords-a6id,653,653,三国模拟器,三国模拟器,3177075121,3177075121,YES,YES,/zh-cn/worlds/sanguo-warlords-a6id,/zh-cn/worlds/sanguo-warlords-a6id
INTERSECTION,/worlds/sanguo-warlords-ah12,204,204,三国模拟器,三国模拟器,2716402345,2716402345,YES,YES,/zh-cn/worlds/sanguo-warlords-ah12,/zh-cn/worlds/sanguo-warlords-ah12
INTERSECTION,/worlds/sanguo-warlords-bhrb,563,563,三国模拟器,三国模拟器,352041317,352041317,YES,YES,/zh-cn/worlds/sanguo-warlords-bhrb,/zh-cn/worlds/sanguo-warlords-bhrb
INTERSECTION,/worlds/sanguo-warlords-cd7p,365,365,三国模拟器 副本,三国模拟器 副本,1349464147,1349464147,YES,YES,/zh-cn/worlds/sanguo-warlords-cd7p,/zh-cn/worlds/sanguo-warlords-cd7p
INTERSECTION,/worlds/sanguo-warlords-cu5h,125,125,三国模拟器,三国模拟器,2459325529,2459325529,YES,YES,/zh-cn/worlds/sanguo-warlords-cu5h,/zh-cn/worlds/sanguo-warlords-cu5h
INTERSECTION,/worlds/sanguo-warlords-dbel,718,718,三国模拟器 副本,三国模拟器 副本,wsh200808252024,wsh200808252024,YES,YES,/zh-cn/worlds/sanguo-warlords-dbel,/zh-cn/worlds/sanguo-warlords-dbel
INTERSECTION,/worlds/sanguo-warlords-dstp,380,380,三国模拟器,三国模拟器,1774623194,1774623194,YES,YES,/zh-cn/worlds/sanguo-warlords-dstp,/zh-cn/worlds/sanguo-warlords-dstp
INTERSECTION,/worlds/sanguo-warlords-e0tb,671,671,三国模拟器,三国模拟器,657675065,657675065,YES,YES,/zh-cn/worlds/sanguo-warlords-e0tb,/zh-cn/worlds/sanguo-warlords-e0tb
INTERSECTION,/worlds/sanguo-warlords-ei6p,708,708,三国模拟器,三国模拟器,504874700,504874700,YES,YES,/zh-cn/worlds/sanguo-warlords-ei6p,/zh-cn/worlds/sanguo-warlords-ei6p
INTERSECTION,/worlds/sanguo-warlords-fswj,679,679,三国模拟器,三国模拟器,205784112,205784112,YES,YES,/zh-cn/worlds/sanguo-warlords-fswj,/zh-cn/worlds/sanguo-warlords-fswj
INTERSECTION,/worlds/sanguo-warlords-ghhe,678,678,三国模拟器 副本,三国模拟器 副本,2914875472,2914875472,YES,YES,/zh-cn/worlds/sanguo-warlords-ghhe,/zh-cn/worlds/sanguo-warlords-ghhe
INTERSECTION,/worlds/sanguo-warlords-hmlp,702,702,三国模拟器,三国模拟器,1469078400,1469078400,YES,YES,/zh-cn/worlds/sanguo-warlords-hmlp,/zh-cn/worlds/sanguo-warlords-hmlp
INTERSECTION,/worlds/sanguo-warlords-hr9p,637,637,三国模拟器,三国模拟器,1650859278,1650859278,YES,YES,/zh-cn/worlds/sanguo-warlords-hr9p,/zh-cn/worlds/sanguo-warlords-hr9p
INTERSECTION,/worlds/sanguo-warlords-hw4g,677,677,三国模拟器,三国模拟器,953947304,953947304,YES,YES,/zh-cn/worlds/sanguo-warlords-hw4g,/zh-cn/worlds/sanguo-warlords-hw4g
INTERSECTION,/worlds/sanguo-warlords-ie1b,696,696,三国模拟器,三国模拟器,1871629809,1871629809,YES,YES,/zh-cn/worlds/sanguo-warlords-ie1b,/zh-cn/worlds/sanguo-warlords-ie1b
INTERSECTION,/worlds/sanguo-warlords-iep3,688,688,三国模拟器,三国模拟器,2265035724,2265035724,YES,YES,/zh-cn/worlds/sanguo-warlords-iep3,/zh-cn/worlds/sanguo-warlords-iep3
INTERSECTION,/worlds/sanguo-warlords-jl2v,709,709,三国模拟器,三国模拟器,2591106058,2591106058,YES,YES,/zh-cn/worlds/sanguo-warlords-jl2v,/zh-cn/worlds/sanguo-warlords-jl2v
INTERSECTION,/worlds/sanguo-warlords-jqip,658,658,三国模拟器,三国模拟器,412347605,412347605,YES,YES,/zh-cn/worlds/sanguo-warlords-jqip,/zh-cn/worlds/sanguo-warlords-jqip
INTERSECTION,/worlds/sanguo-warlords-k2bm,949,949,三国模拟器,三国模拟器,2183158154,2183158154,YES,YES,/zh-cn/worlds/sanguo-warlords-k2bm,/zh-cn/worlds/sanguo-warlords-k2bm
INTERSECTION,/worlds/sanguo-warlords-kbab,624,624,三国模拟器,三国模拟器,cjm906060079,cjm906060079,YES,YES,/zh-cn/worlds/sanguo-warlords-kbab,/zh-cn/worlds/sanguo-warlords-kbab
INTERSECTION,/worlds/sanguo-warlords-kdr9,741,741,三国模拟器 副本,三国模拟器 副本,wsh200808252024,wsh200808252024,YES,YES,/zh-cn/worlds/sanguo-warlords-kdr9,/zh-cn/worlds/sanguo-warlords-kdr9
INTERSECTION,/worlds/sanguo-warlords-kg9h,586,586,三国模拟器 副本,三国模拟器 副本,2964004482,2964004482,YES,YES,/zh-cn/worlds/sanguo-warlords-kg9h,/zh-cn/worlds/sanguo-warlords-kg9h
INTERSECTION,/worlds/sanguo-warlords-kiil,840,840,三国模拟器 副本,三国模拟器 副本,wsh200808252024,wsh200808252024,YES,YES,/zh-cn/worlds/sanguo-warlords-kiil,/zh-cn/worlds/sanguo-warlords-kiil
INTERSECTION,/worlds/sanguo-warlords-m723,505,505,三国模拟器 副本,三国模拟器 副本,2054255884,2054255884,YES,YES,/zh-cn/worlds/sanguo-warlords-m723,/zh-cn/worlds/sanguo-warlords-m723
INTERSECTION,/worlds/sanguo-warlords-m7d0,989,989,三国模拟器,三国模拟器,CHOU I,CHOU I,YES,YES,/zh-cn/worlds/sanguo-warlords-m7d0,/zh-cn/worlds/sanguo-warlords-m7d0
INTERSECTION,/worlds/sanguo-warlords-mbxy,371,371,三国模拟器,三国模拟器,2586566438,2586566438,YES,YES,/zh-cn/worlds/sanguo-warlords-mbxy,/zh-cn/worlds/sanguo-warlords-mbxy
INTERSECTION,/worlds/sanguo-warlords-npgw,921,921,三国模拟器,三国模拟器,major,major,YES,YES,/zh-cn/worlds/sanguo-warlords-npgw,/zh-cn/worlds/sanguo-warlords-npgw
INTERSECTION,/worlds/sanguo-warlords-o3z8,172,172,三国模拟器,三国模拟器,340725389,340725389,YES,YES,/zh-cn/worlds/sanguo-warlords-o3z8,/zh-cn/worlds/sanguo-warlords-o3z8
INTERSECTION,/worlds/sanguo-warlords-owcj,91,91,三国模拟器,三国模拟器,发烧吃饺子,发烧吃饺子,YES,YES,/zh-cn/worlds/sanguo-warlords-owcj,/zh-cn/worlds/sanguo-warlords-owcj
INTERSECTION,/worlds/sanguo-warlords-p8ps,714,714,三国模拟器,三国模拟器,oho!,oho!,YES,YES,/zh-cn/worlds/sanguo-warlords-p8ps,/zh-cn/worlds/sanguo-warlords-p8ps
INTERSECTION,/worlds/sanguo-warlords-q0uy,370,370,三国模拟器,三国模拟器,973075018,973075018,YES,YES,/zh-cn/worlds/sanguo-warlords-q0uy,/zh-cn/worlds/sanguo-warlords-q0uy
INTERSECTION,/worlds/sanguo-warlords-q6e9,656,656,三国模拟器,三国模拟器,罗云龙,罗云龙,YES,YES,/zh-cn/worlds/sanguo-warlords-q6e9,/zh-cn/worlds/sanguo-warlords-q6e9
INTERSECTION,/worlds/sanguo-warlords-qmuj,402,402,三国模拟器,三国模拟器,1774623194,1774623194,YES,YES,/zh-cn/worlds/sanguo-warlords-qmuj,/zh-cn/worlds/sanguo-warlords-qmuj
INTERSECTION,/worlds/sanguo-warlords-r193,689,689,三国模拟器,三国模拟器,2265035724,2265035724,YES,YES,/zh-cn/worlds/sanguo-warlords-r193,/zh-cn/worlds/sanguo-warlords-r193
INTERSECTION,/worlds/sanguo-warlords-rem9,350,350,三国模拟器 副本,三国模拟器 副本,512146544,512146544,YES,YES,/zh-cn/worlds/sanguo-warlords-rem9,/zh-cn/worlds/sanguo-warlords-rem9
INTERSECTION,/worlds/sanguo-warlords-rxd6,532,532,三国模拟器,三国模拟器,cjm906060079,cjm906060079,YES,YES,/zh-cn/worlds/sanguo-warlords-rxd6,/zh-cn/worlds/sanguo-warlords-rxd6
INTERSECTION,/worlds/sanguo-warlords-t559,705,705,三国模拟器,三国模拟器,1475297473,1475297473,YES,YES,/zh-cn/worlds/sanguo-warlords-t559,/zh-cn/worlds/sanguo-warlords-t559
INTERSECTION,/worlds/sanguo-warlords-twlc,899,899,三国模拟器,三国模拟器,major,major,YES,YES,/zh-cn/worlds/sanguo-warlords-twlc,/zh-cn/worlds/sanguo-warlords-twlc
INTERSECTION,/worlds/sanguo-warlords-u3dr,639,639,三国模拟器,三国模拟器,2916784700,2916784700,YES,YES,/zh-cn/worlds/sanguo-warlords-u3dr,/zh-cn/worlds/sanguo-warlords-u3dr
INTERSECTION,/worlds/sanguo-warlords-u8rk,693,693,三国模拟器,三国模拟器,asipilin22,asipilin22,YES,YES,/zh-cn/worlds/sanguo-warlords-u8rk,/zh-cn/worlds/sanguo-warlords-u8rk
INTERSECTION,/worlds/sanguo-warlords-ub7c,472,472,三国模拟器,三国模拟器,zdxqrcmd,zdxqrcmd,YES,YES,/zh-cn/worlds/sanguo-warlords-ub7c,/zh-cn/worlds/sanguo-warlords-ub7c
INTERSECTION,/worlds/sanguo-warlords-usz8,651,651,三国模拟器,三国模拟器,973075018,973075018,YES,YES,/zh-cn/worlds/sanguo-warlords-usz8,/zh-cn/worlds/sanguo-warlords-usz8
INTERSECTION,/worlds/sanguo-warlords-vgre,630,630,三国模拟器,三国模拟器,2951595779,2951595779,YES,YES,/zh-cn/worlds/sanguo-warlords-vgre,/zh-cn/worlds/sanguo-warlords-vgre
INTERSECTION,/worlds/sanguo-warlords-vihw,674,674,三国模拟器,三国模拟器,706307943,706307943,YES,YES,/zh-cn/worlds/sanguo-warlords-vihw,/zh-cn/worlds/sanguo-warlords-vihw
INTERSECTION,/worlds/sanguo-warlords-wsro,712,712,三国模拟器,三国模拟器,2916784700,2916784700,YES,YES,/zh-cn/worlds/sanguo-warlords-wsro,/zh-cn/worlds/sanguo-warlords-wsro
INTERSECTION,/worlds/sanguo-warlords-xj6j,680,680,三国模拟器,三国模拟器,205784112,205784112,YES,YES,/zh-cn/worlds/sanguo-warlords-xj6j,/zh-cn/worlds/sanguo-warlords-xj6j
INTERSECTION,/worlds/sanguo-warlords-y2rp,710,710,三国模拟器,三国模拟器,2591106058,2591106058,YES,YES,/zh-cn/worlds/sanguo-warlords-y2rp,/zh-cn/worlds/sanguo-warlords-y2rp
INTERSECTION,/worlds/sanguo-warlords-ydiw,654,654,三国模拟器,三国模拟器,woshifjl,woshifjl,YES,YES,/zh-cn/worlds/sanguo-warlords-ydiw,/zh-cn/worlds/sanguo-warlords-ydiw
INTERSECTION,/worlds/sanguo-warlords-yxab,692,692,三国模拟器 副本,三国模拟器 副本,lumi bliss,lumi bliss,YES,YES,/zh-cn/worlds/sanguo-warlords-yxab,/zh-cn/worlds/sanguo-warlords-yxab
INTERSECTION,/worlds/sanguo-warlords-z86v,1048,1048,三国模拟器,三国模拟器,Keren Minkel,Keren Minkel,YES,YES,/zh-cn/worlds/sanguo-warlords-z86v,/zh-cn/worlds/sanguo-warlords-z86v
ONLY_ALL,/worlds/sanji-jpda,,1100,,Tokyo Revengers,,Pusheeny,,YES,,/zh-cn/worlds/sanji-jpda
INTERSECTION,/worlds/sans-au-s-11d6,78,78,Sans AUs,Sans AUs,Krist,Krist,YES,YES,/zh-cn/worlds/sans-au-s-11d6,/zh-cn/worlds/sans-au-s-11d6
INTERSECTION,/worlds/sans-au-s-h7fv,1021,1021,Sans AUs,Sans AUs,Krist,Krist,YES,YES,/zh-cn/worlds/sans-au-s-h7fv,/zh-cn/worlds/sans-au-s-h7fv
INTERSECTION,/worlds/sans-au-s-jhfu,284,284,Sans AUs,Sans AUs,Luli_67,Luli_67,YES,YES,/zh-cn/worlds/sans-au-s-jhfu,/zh-cn/worlds/sans-au-s-jhfu
INTERSECTION,/worlds/sans-au-s-noz7,897,897,Sans AU 多元宇宙,Sans AU 多元宇宙,Krist,Krist,YES,YES,/zh-cn/worlds/sans-au-s-noz7,/zh-cn/worlds/sans-au-s-noz7
INTERSECTION,/worlds/secretos-oscuros-uw56,156,156,Secretos oscuros,Secretos oscuros,rvendeep,rvendeep,YES,YES,/zh-cn/worlds/secretos-oscuros-uw56,/zh-cn/worlds/secretos-oscuros-uw56
INTERSECTION,/worlds/segunda-guerra-mundial-mundo-1935-2lz1,903,903,第二次世界大战：1935世界,第二次世界大战：1935世界,Tomas león Blanco Santiago,Tomas león Blanco Santiago,YES,YES,/zh-cn/worlds/segunda-guerra-mundial-mundo-1935-2lz1,/zh-cn/worlds/segunda-guerra-mundial-mundo-1935-2lz1
INTERSECTION,/worlds/segunda-guerra-mundial-mundo-1935-fz0r,965,965,第二次世界大战：1935世界,第二次世界大战：1935世界,Emba Rramela,Emba Rramela,YES,YES,/zh-cn/worlds/segunda-guerra-mundial-mundo-1935-fz0r,/zh-cn/worlds/segunda-guerra-mundial-mundo-1935-fz0r
INTERSECTION,/worlds/segunda-guerra-mundial-mundo-1935-hfhz,1025,1025,第二次世界大战：1935世界,第二次世界大战：1935世界,mary-a2754e,mary-a2754e,YES,YES,/zh-cn/worlds/segunda-guerra-mundial-mundo-1935-hfhz,/zh-cn/worlds/segunda-guerra-mundial-mundo-1935-hfhz
INTERSECTION,/worlds/segunda-guerra-mundial-mundo-1935-jj01,842,842,第二次世界大战：1935年世界,第二次世界大战：1935年世界,Luther,Luther,YES,YES,/zh-cn/worlds/segunda-guerra-mundial-mundo-1935-jj01,/zh-cn/worlds/segunda-guerra-mundial-mundo-1935-jj01
INTERSECTION,/worlds/segunda-guerra-mundial-mundo-1935-u7dh,758,758,第二次世界大战：1935年世界,第二次世界大战：1935年世界,a Parra,a Parra,YES,YES,/zh-cn/worlds/segunda-guerra-mundial-mundo-1935-u7dh,/zh-cn/worlds/segunda-guerra-mundial-mundo-1935-u7dh
INTERSECTION,/worlds/segunda-guerra-mundial-mundo-1935-ubu9,849,849,第二次世界大战：1935世界,第二次世界大战：1935世界,Sevendepan De perro,Sevendepan De perro,YES,YES,/zh-cn/worlds/segunda-guerra-mundial-mundo-1935-ubu9,/zh-cn/worlds/segunda-guerra-mundial-mundo-1935-ubu9
INTERSECTION,/worlds/segunda-guerra-mundial-mundo-1935-v1jk,934,934,第二次世界大战：1935世界,第二次世界大战：1935世界,Antonella-e68a0c,Antonella-e68a0c,YES,YES,/zh-cn/worlds/segunda-guerra-mundial-mundo-1935-v1jk,/zh-cn/worlds/segunda-guerra-mundial-mundo-1935-v1jk
INTERSECTION,/worlds/segunda-guerra-mundial-mundo-1935-wt3x,833,833,第二次世界大战：1935世界,第二次世界大战：1935世界,̸༘Nini౨ৎ,̸༘Nini౨ৎ,YES,YES,/zh-cn/worlds/segunda-guerra-mundial-mundo-1935-wt3x,/zh-cn/worlds/segunda-guerra-mundial-mundo-1935-wt3x
INTERSECTION,/worlds/segunda-guerra-mundial-mundo-1935-xamv,1003,1003,第二次世界大战：1935世界,第二次世界大战：1935世界,ono ono,ono ono,YES,YES,/zh-cn/worlds/segunda-guerra-mundial-mundo-1935-xamv,/zh-cn/worlds/segunda-guerra-mundial-mundo-1935-xamv
INTERSECTION,/worlds/seguro-4nse,845,845,确定,确定,Vicente Aravena,Vicente Aravena,YES,YES,/zh-cn/worlds/seguro-4nse,/zh-cn/worlds/seguro-4nse
INTERSECTION,/worlds/shen-hua-san-guo-jue-xing-ji-yuan-7868d4a8f702,306,306,神话三国：觉醒纪元,神话三国：觉醒纪元,Kakei,Kakei,YES,YES,/zh-cn/worlds/shen-hua-san-guo-jue-xing-ji-yuan-7868d4a8f702,/zh-cn/worlds/shen-hua-san-guo-jue-xing-ji-yuan-7868d4a8f702
INTERSECTION,/worlds/shi-zi-jun-zhi-wang-3-ohtm,391,391,十字军之王3,十字军之王3,hua zhao,hua zhao,YES,YES,/zh-cn/worlds/shi-zi-jun-zhi-wang-3-ohtm,/zh-cn/worlds/shi-zi-jun-zhi-wang-3-ohtm
INTERSECTION,/worlds/shi-zi-jun-zhi-wang-3-tapi,1068,1068,十字军之王3,十字军之王3,Era Li,Era Li,YES,YES,/zh-cn/worlds/shi-zi-jun-zhi-wang-3-tapi,/zh-cn/worlds/shi-zi-jun-zhi-wang-3-tapi
INTERSECTION,/worlds/shi-zi-jun-zhi-wang-fa-lan-xi-p904,1008,1008,十字军之王：法兰西,十字军之王：法兰西,385373405,385373405,YES,YES,/zh-cn/worlds/shi-zi-jun-zhi-wang-fa-lan-xi-p904,/zh-cn/worlds/shi-zi-jun-zhi-wang-fa-lan-xi-p904
INTERSECTION,/worlds/shogun-2mi6,421,421,将军,将军,Elieperson,Elieperson,YES,YES,/zh-cn/worlds/shogun-2mi6,/zh-cn/worlds/shogun-2mi6
INTERSECTION,/worlds/showbiz-s5l2,367,367,娱乐圈嫂子模拟器 副本,娱乐圈嫂子模拟器 副本,gg gg,gg gg,YES,YES,/zh-cn/worlds/showbiz-s5l2,/zh-cn/worlds/showbiz-s5l2
INTERSECTION,/worlds/shuo-fu-feng-kuang-ou-xiang-fang-ni-zou-w7sw,339,339,说服疯狂偶像放你走,说服疯狂偶像放你走,Culp Ruwe,Culp Ruwe,YES,YES,/zh-cn/worlds/shuo-fu-feng-kuang-ou-xiang-fang-ni-zou-w7sw,/zh-cn/worlds/shuo-fu-feng-kuang-ou-xiang-fang-ni-zou-w7sw
INTERSECTION,/worlds/si-2mek,725,725,死,死,Samantha García,Samantha García,YES,YES,/zh-cn/worlds/si-2mek,/zh-cn/worlds/si-2mek
ONLY_ALL,/worlds/silent-cuckoo,,1102,,侦探模拟器:沉默的布谷鸟,,World101,,YES,,/zh-cn/worlds/silent-cuckoo
INTERSECTION,/worlds/simulador-de-cantante-artista-musical-z1lo,161,161,Simulador de Cantante (artista musical),Simulador de Cantante (artista musical),alabin alaban alabin bon ban Mitsubishi eclipse gsx,alabin alaban alabin bon ban Mitsubishi eclipse gsx,YES,YES,/zh-cn/worlds/simulador-de-cantante-artista-musical-z1lo,/zh-cn/worlds/simulador-de-cantante-artista-musical-z1lo
INTERSECTION,/worlds/simulador-de-cazador-de-demonios-camino-gn9p,1014,1014,Simulador de Cazador de Demonios: Camino de Acero,Simulador de Cazador de Demonios: Camino de Acero,Agustina Salomon,Agustina Salomon,YES,YES,/zh-cn/worlds/simulador-de-cazador-de-demonios-camino-gn9p,/zh-cn/worlds/simulador-de-cazador-de-demonios-camino-gn9p
INTERSECTION,/worlds/simulador-de-cazador-de-demonios-destino-16807cfadaa0,694,694,Simulador de Cazador de Demonios: Destino de Nezuko,Simulador de Cazador de Demonios: Destino de Nezuko,Dibanhi León,Dibanhi León,YES,YES,/zh-cn/worlds/simulador-de-cazador-de-demonios-destino-16807cfadaa0,/zh-cn/worlds/simulador-de-cazador-de-demonios-destino-16807cfadaa0
INTERSECTION,/worlds/simulador-de-cazador-de-demonios-destino-8134fc40bdac,1070,1070,Simulador de Cazador de Demonios: Destino de Acero,Simulador de Cazador de Demonios: Destino de Acero,Floral Empresas,Floral Empresas,YES,YES,/zh-cn/worlds/simulador-de-cazador-de-demonios-destino-8134fc40bdac,/zh-cn/worlds/simulador-de-cazador-de-demonios-destino-8134fc40bdac
INTERSECTION,/worlds/simulador-de-cazadores-de-demonios-13a9b0c4f254,358,358,Simulador de Cazadores de Demonios,Simulador de Cazadores de Demonios,Adara Vera,Adara Vera,YES,YES,/zh-cn/worlds/simulador-de-cazadores-de-demonios-13a9b0c4f254,/zh-cn/worlds/simulador-de-cazadores-de-demonios-13a9b0c4f254
INTERSECTION,/worlds/simulador-de-cazadores-de-demonios-camin-79e70f0afbf8,375,375,Simulador de Cazadores de Demonios: Camino del Nichirin,Simulador de Cazadores de Demonios: Camino del Nichirin,Floral Empresas,Floral Empresas,YES,YES,/zh-cn/worlds/simulador-de-cazadores-de-demonios-camin-79e70f0afbf8,/zh-cn/worlds/simulador-de-cazadores-de-demonios-camin-79e70f0afbf8
INTERSECTION,/worlds/simulador-de-cazadores-de-demonios-el-le-2kwa,1023,1023,Simulador de Cazadores de Demonios: El Legado de la Luna,Simulador de Cazadores de Demonios: El Legado de la Luna,Arantxa Tafur,Arantxa Tafur,YES,YES,/zh-cn/worlds/simulador-de-cazadores-de-demonios-el-le-2kwa,/zh-cn/worlds/simulador-de-cazadores-de-demonios-el-le-2kwa
INTERSECTION,/worlds/simulador-de-cazadores-de-demonios-legad-6bdb4d0ed4b5,444,444,Simulador de Cazadores de Demonios: Legado de Yoriichi,Simulador de Cazadores de Demonios: Legado de Yoriichi,Nivia Medina,Nivia Medina,YES,YES,/zh-cn/worlds/simulador-de-cazadores-de-demonios-legad-6bdb4d0ed4b5,/zh-cn/worlds/simulador-de-cazadores-de-demonios-legad-6bdb4d0ed4b5
INTERSECTION,/worlds/simulador-de-fantas-a-medieval-2fm1,431,431,中世纪奇幻模拟器,中世纪奇幻模拟器,gekesey902,gekesey902,YES,YES,/zh-cn/worlds/simulador-de-fantas-a-medieval-2fm1,/zh-cn/worlds/simulador-de-fantas-a-medieval-2fm1
INTERSECTION,/worlds/simulador-de-fantas-a-medieval-2nmd,449,449,中世纪奇幻模拟器,中世纪奇幻模拟器,Hot_Dog_69,Hot_Dog_69,YES,YES,/zh-cn/worlds/simulador-de-fantas-a-medieval-2nmd,/zh-cn/worlds/simulador-de-fantas-a-medieval-2nmd
INTERSECTION,/worlds/simulador-de-fantas-a-medieval-8hvk,476,476,中世纪奇幻模拟器,中世纪奇幻模拟器,Ñeru,Ñeru,YES,YES,/zh-cn/worlds/simulador-de-fantas-a-medieval-8hvk,/zh-cn/worlds/simulador-de-fantas-a-medieval-8hvk
INTERSECTION,/worlds/simulador-de-fantas-a-medieval-cah4,609,609,中世纪奇幻模拟器,中世纪奇幻模拟器,2100360989,2100360989,YES,YES,/zh-cn/worlds/simulador-de-fantas-a-medieval-cah4,/zh-cn/worlds/simulador-de-fantas-a-medieval-cah4
INTERSECTION,/worlds/simulador-de-fantas-a-medieval-fk9p,690,690,中世纪奇幻模拟器,中世纪奇幻模拟器,Guadaña960,Guadaña960,YES,YES,/zh-cn/worlds/simulador-de-fantas-a-medieval-fk9p,/zh-cn/worlds/simulador-de-fantas-a-medieval-fk9p
INTERSECTION,/worlds/simulador-de-fantas-a-medieval-fkpo,174,174,中世纪奇幻模拟器,中世纪奇幻模拟器,Kiki adelei Amaya araya,Kiki adelei Amaya araya,YES,YES,/zh-cn/worlds/simulador-de-fantas-a-medieval-fkpo,/zh-cn/worlds/simulador-de-fantas-a-medieval-fkpo
INTERSECTION,/worlds/simulador-de-fantas-a-medieval-mhl5,11,11,中世纪奇幻模拟器,中世纪奇幻模拟器,Elías,Elías,YES,YES,/zh-cn/worlds/simulador-de-fantas-a-medieval-mhl5,/zh-cn/worlds/simulador-de-fantas-a-medieval-mhl5
INTERSECTION,/worlds/simulador-de-fantas-a-medieval-mohm,272,272,中世纪奇幻模拟器,中世纪奇幻模拟器,Zayn,Zayn,YES,YES,/zh-cn/worlds/simulador-de-fantas-a-medieval-mohm,/zh-cn/worlds/simulador-de-fantas-a-medieval-mohm
INTERSECTION,/worlds/simulador-de-fantas-a-medieval-nsyu,623,623,中世纪奇幻模拟器,中世纪奇幻模拟器,1035915102,1035915102,YES,YES,/zh-cn/worlds/simulador-de-fantas-a-medieval-nsyu,/zh-cn/worlds/simulador-de-fantas-a-medieval-nsyu
INTERSECTION,/worlds/simulador-de-fantas-a-medieval-qncr,299,299,中世纪奇幻模拟器,中世纪奇幻模拟器,Luz Svane,Luz Svane,YES,YES,/zh-cn/worlds/simulador-de-fantas-a-medieval-qncr,/zh-cn/worlds/simulador-de-fantas-a-medieval-qncr
INTERSECTION,/worlds/simulador-de-fantas-a-medieval-v09k,608,608,中世纪奇幻模拟器,中世纪奇幻模拟器,2100360989,2100360989,YES,YES,/zh-cn/worlds/simulador-de-fantas-a-medieval-v09k,/zh-cn/worlds/simulador-de-fantas-a-medieval-v09k
INTERSECTION,/worlds/simulador-de-fantas-a-medieval-vv8z,364,364,中世纪奇幻模拟器,中世纪奇幻模拟器,Elías,Elías,YES,YES,/zh-cn/worlds/simulador-de-fantas-a-medieval-vv8z,/zh-cn/worlds/simulador-de-fantas-a-medieval-vv8z
INTERSECTION,/worlds/simulador-de-fantas-a-medieval-wffd,514,514,中世纪奇幻模拟器,中世纪奇幻模拟器,Treasure Amadasun,Treasure Amadasun,YES,YES,/zh-cn/worlds/simulador-de-fantas-a-medieval-wffd,/zh-cn/worlds/simulador-de-fantas-a-medieval-wffd
INTERSECTION,/worlds/simulador-de-fantas-a-medieval-woic,247,247,中世纪奇幻模拟器,中世纪奇幻模拟器,2765810848,2765810848,YES,YES,/zh-cn/worlds/simulador-de-fantas-a-medieval-woic,/zh-cn/worlds/simulador-de-fantas-a-medieval-woic
INTERSECTION,/worlds/simulador-de-fantas-a-medieval-z5wj,493,493,中世纪奇幻模拟器,中世纪奇幻模拟器,Elías,Elías,YES,YES,/zh-cn/worlds/simulador-de-fantas-a-medieval-z5wj,/zh-cn/worlds/simulador-de-fantas-a-medieval-z5wj
INTERSECTION,/worlds/simulador-de-guerra-fr-a-h3c4,938,938,冷战模拟器,冷战模拟器,Palma Marroquín Messironaldo,Palma Marroquín Messironaldo,YES,YES,/zh-cn/worlds/simulador-de-guerra-fr-a-h3c4,/zh-cn/worlds/simulador-de-guerra-fr-a-h3c4
INTERSECTION,/worlds/simulador-de-guerra-fr-a-kgbe,1059,1059,Simulador de Guerra Fría,Simulador de Guerra Fría,Fabiana Pérez-ee2fb3,Fabiana Pérez-ee2fb3,YES,YES,/zh-cn/worlds/simulador-de-guerra-fr-a-kgbe,/zh-cn/worlds/simulador-de-guerra-fr-a-kgbe
INTERSECTION,/worlds/simulador-de-guerra-fr-a-zi27,797,797,冷战模拟器,冷战模拟器,Maricarmen Navarrete,Maricarmen Navarrete,YES,YES,/zh-cn/worlds/simulador-de-guerra-fr-a-zi27,/zh-cn/worlds/simulador-de-guerra-fr-a-zi27
INTERSECTION,/worlds/simulador-de-harry-potter-1n0b,245,245,Simulador de Harry Potter,Simulador de Harry Potter,Elisa Ormaza,Elisa Ormaza,YES,YES,/zh-cn/worlds/simulador-de-harry-potter-1n0b,/zh-cn/worlds/simulador-de-harry-potter-1n0b
INTERSECTION,/worlds/simulador-de-los-tres-reinos-2jxz,859,859,三国模拟器,三国模拟器,lely4358,lely4358,YES,YES,/zh-cn/worlds/simulador-de-los-tres-reinos-2jxz,/zh-cn/worlds/simulador-de-los-tres-reinos-2jxz
INTERSECTION,/worlds/simulador-de-los-tres-reinos-52ow,831,831,三国模拟器,三国模拟器,Neus Azule,Neus Azule,YES,YES,/zh-cn/worlds/simulador-de-los-tres-reinos-52ow,/zh-cn/worlds/simulador-de-los-tres-reinos-52ow
INTERSECTION,/worlds/simulador-de-los-tres-reinos-ww51,805,805,三国模拟器,三国模拟器,Emmanuel Peguero,Emmanuel Peguero,YES,YES,/zh-cn/worlds/simulador-de-los-tres-reinos-ww51,/zh-cn/worlds/simulador-de-los-tres-reinos-ww51
INTERSECTION,/worlds/simulador-de-mundos-de-fantas-a-medieval-3gz1,356,356,四大洲 (中世纪奇幻),四大洲 (中世纪奇幻),Raya roys,Raya roys,YES,YES,/zh-cn/worlds/simulador-de-mundos-de-fantas-a-medieval-3gz1,/zh-cn/worlds/simulador-de-mundos-de-fantas-a-medieval-3gz1
INTERSECTION,/worlds/simulador-de-piratas-y-sirenas-80b2071148f5,102,102,Piratas y Sirenas,Piratas y Sirenas,Nay_books,Nay_books,YES,YES,/zh-cn/worlds/simulador-de-piratas-y-sirenas-80b2071148f5,/zh-cn/worlds/simulador-de-piratas-y-sirenas-80b2071148f5
INTERSECTION,/worlds/simulador-de-presidente-de-m-xico-1ayx,422,422,Simulador de presidente de México,Simulador de presidente de México,atey,atey,YES,YES,/zh-cn/worlds/simulador-de-presidente-de-m-xico-1ayx,/zh-cn/worlds/simulador-de-presidente-de-m-xico-1ayx
INTERSECTION,/worlds/simulador-de-presidente-de-m-xico-ibx0,1031,1031,墨西哥总统模拟器,墨西哥总统模拟器,manguji8805927,manguji8805927,YES,YES,/zh-cn/worlds/simulador-de-presidente-de-m-xico-ibx0,/zh-cn/worlds/simulador-de-presidente-de-m-xico-ibx0
INTERSECTION,/worlds/simulador-de-presidente-de-m-xico-szsr,37,37,墨西哥总统模拟器,墨西哥总统模拟器,Smile1,Smile1,YES,YES,/zh-cn/worlds/simulador-de-presidente-de-m-xico-szsr,/zh-cn/worlds/simulador-de-presidente-de-m-xico-szsr
INTERSECTION,/worlds/simulador-de-presidente-de-m-xico-wf8l,1032,1032,墨西哥总统模拟器,墨西哥总统模拟器,manguji8805927,manguji8805927,YES,YES,/zh-cn/worlds/simulador-de-presidente-de-m-xico-wf8l,/zh-cn/worlds/simulador-de-presidente-de-m-xico-wf8l
INTERSECTION,/worlds/simulador-de-rpg-de-fantas-a-medieval-02wc,406,406,中世纪奇幻RPG世界,中世纪奇幻RPG世界,Kiki adelei Amaya araya,Kiki adelei Amaya araya,YES,YES,/zh-cn/worlds/simulador-de-rpg-de-fantas-a-medieval-02wc,/zh-cn/worlds/simulador-de-rpg-de-fantas-a-medieval-02wc
INTERSECTION,/worlds/simulador-de-rpg-de-fantas-a-medieval-2pu5,173,173,中世纪奇幻RPG世界,中世纪奇幻RPG世界,Kiki adelei Amaya araya,Kiki adelei Amaya araya,YES,YES,/zh-cn/worlds/simulador-de-rpg-de-fantas-a-medieval-2pu5,/zh-cn/worlds/simulador-de-rpg-de-fantas-a-medieval-2pu5
INTERSECTION,/worlds/simulador-de-rpg-de-fantas-a-medieval-69u5,404,404,中世纪奇幻RPG世界,中世纪奇幻RPG世界,Kiki adelei Amaya araya,Kiki adelei Amaya araya,YES,YES,/zh-cn/worlds/simulador-de-rpg-de-fantas-a-medieval-69u5,/zh-cn/worlds/simulador-de-rpg-de-fantas-a-medieval-69u5
INTERSECTION,/worlds/simulador-de-rpg-de-fantas-a-medieval-9dzg,440,440,中世纪奇幻RPG世界,中世纪奇幻RPG世界,Nayla,Nayla,YES,YES,/zh-cn/worlds/simulador-de-rpg-de-fantas-a-medieval-9dzg,/zh-cn/worlds/simulador-de-rpg-de-fantas-a-medieval-9dzg
INTERSECTION,/worlds/simulador-de-rpg-de-fantas-a-medieval-fsxa,208,208,中世纪奇幻RPG世界,中世纪奇幻RPG世界,Kiki adelei Amaya araya,Kiki adelei Amaya araya,YES,YES,/zh-cn/worlds/simulador-de-rpg-de-fantas-a-medieval-fsxa,/zh-cn/worlds/simulador-de-rpg-de-fantas-a-medieval-fsxa
INTERSECTION,/worlds/simulador-de-rpg-de-fantas-a-medieval-ozwr,267,267,Mundo de fantasía medieval RPG Copia,Mundo de fantasía medieval RPG Copia,8cho It's a better name,8cho It's a better name,YES,YES,/zh-cn/worlds/simulador-de-rpg-de-fantas-a-medieval-ozwr,/zh-cn/worlds/simulador-de-rpg-de-fantas-a-medieval-ozwr
INTERSECTION,/worlds/simulador-de-rpg-de-fantas-a-medieval-tyb4,21,21,中世纪奇幻RPG世界,中世纪奇幻RPG世界,saiss,saiss,YES,YES,/zh-cn/worlds/simulador-de-rpg-de-fantas-a-medieval-tyb4,/zh-cn/worlds/simulador-de-rpg-de-fantas-a-medieval-tyb4
INTERSECTION,/worlds/simulador-de-rpg-de-fantas-a-medieval-yy6j,288,288,中世纪奇幻RPG世界,中世纪奇幻RPG世界,Kiki adelei Amaya araya,Kiki adelei Amaya araya,YES,YES,/zh-cn/worlds/simulador-de-rpg-de-fantas-a-medieval-yy6j,/zh-cn/worlds/simulador-de-rpg-de-fantas-a-medieval-yy6j
INTERSECTION,/worlds/simulador-de-star-wars-o2oi,211,211,星球大战 绝地：陨落的武士团,星球大战 绝地：陨落的武士团,dayan,dayan,YES,YES,/zh-cn/worlds/simulador-de-star-wars-o2oi,/zh-cn/worlds/simulador-de-star-wars-o2oi
INTERSECTION,/worlds/sistema-de-caos-l5rb,318,318,混沌系统,混沌系统,Kevin Iskender,Kevin Iskender,YES,YES,/zh-cn/worlds/sistema-de-caos-l5rb,/zh-cn/worlds/sistema-de-caos-l5rb
INTERSECTION,/worlds/skins-2007-8cs7,808,808,皮囊 2007,皮囊 2007,Georgia Murphy,Georgia Murphy,YES,YES,/zh-cn/worlds/skins-2007-8cs7,/zh-cn/worlds/skins-2007-8cs7
INTERSECTION,/worlds/skins-2007-a8d9,101,101,皮囊 2007,皮囊 2007,Georgia Murphy,Georgia Murphy,YES,YES,/zh-cn/worlds/skins-2007-a8d9,/zh-cn/worlds/skins-2007-a8d9
INTERSECTION,/worlds/skyrim-the-fractured-fourth-era-2c1a70,81,81,上古卷轴：四纪元裂变,上古卷轴：四纪元裂变,Kate Lee,Kate Lee,YES,YES,/zh-cn/worlds/skyrim-the-fractured-fourth-era-2c1a70,/zh-cn/worlds/skyrim-the-fractured-fourth-era-2c1a70
INTERSECTION,/worlds/smiling-critters-church-au-svbl,928,928,Smiling Critters 教会设定集,Smiling Critters 教会设定集,Luna HibrydDragon,Luna HibrydDragon,YES,YES,/zh-cn/worlds/smiling-critters-church-au-svbl,/zh-cn/worlds/smiling-critters-church-au-svbl
INTERSECTION,/worlds/sobrevivir-al-apocalipsis-antifurry-xqnh,202,202,Sobrevivir al Apocalipsis Antifurry,Sobrevivir al Apocalipsis Antifurry,Cuenta temporal,Cuenta temporal,YES,YES,/zh-cn/worlds/sobrevivir-al-apocalipsis-antifurry-xqnh,/zh-cn/worlds/sobrevivir-al-apocalipsis-antifurry-xqnh
INTERSECTION,/worlds/sonic-world-p3xz,193,193,₊˚‧ 音速世界 ˚.,₊˚‧ 音速世界 ˚.,Melonycin,Melonycin,YES,YES,/zh-cn/worlds/sonic-world-p3xz,/zh-cn/worlds/sonic-world-p3xz
INTERSECTION,/worlds/sotto-voce-metal-family-vakb,233,233,Sotto Voce (金属家族),Sotto Voce (金属家族),rock hard,rock hard,YES,YES,/zh-cn/worlds/sotto-voce-metal-family-vakb,/zh-cn/worlds/sotto-voce-metal-family-vakb
INTERSECTION,/worlds/sotto-voce-pzh5,45,45,轻声呢喃 (Metal Family),轻声呢喃 (Metal Family),yumenushii,yumenushii,YES,YES,/zh-cn/worlds/sotto-voce-pzh5,/zh-cn/worlds/sotto-voce-pzh5
INTERSECTION,/worlds/stanford-vq5s,917,917,斯坦福,斯坦福,Lemy,Lemy,YES,YES,/zh-cn/worlds/stanford-vq5s,/zh-cn/worlds/stanford-vq5s
INTERSECTION,/worlds/star-wars-simulator,33,33,星球大战模拟器,星球大战模拟器,ztlllll,ztlllll,YES,YES,/zh-cn/worlds/star-wars-simulator,/zh-cn/worlds/star-wars-simulator
INTERSECTION,/worlds/starman-adventure-9irk,343,343,星际人历险记,星际人历险记,STARMAN,STARMAN,YES,YES,/zh-cn/worlds/starman-adventure-9irk,/zh-cn/worlds/starman-adventure-9irk
INTERSECTION,/worlds/starr-park-uzz7,104,104,🌟| BRAWL STARS [Simulator],🌟| BRAWL STARS [Simulator],Honeyhoneypie1001,Honeyhoneypie1001,YES,YES,/zh-cn/worlds/starr-park-uzz7,/zh-cn/worlds/starr-park-uzz7
INTERSECTION,/worlds/stranger-things-simulator-2vcu,475,475,怪奇物语模拟器 (2),怪奇物语模拟器 (2),Hasna hwan,Hasna hwan,YES,YES,/zh-cn/worlds/stranger-things-simulator-2vcu,/zh-cn/worlds/stranger-things-simulator-2vcu
INTERSECTION,/worlds/streamer-simulator-moao,959,959,主播模拟器,主播模拟器,Sentomaru,Sentomaru,YES,YES,/zh-cn/worlds/streamer-simulator-moao,/zh-cn/worlds/streamer-simulator-moao
INTERSECTION,/worlds/summertime-saga-0i75,90,90,Summertime Saga,Summertime Saga,Mega Ex,Mega Ex,YES,YES,/zh-cn/worlds/summertime-saga-0i75,/zh-cn/worlds/summertime-saga-0i75
INTERSECTION,/worlds/super-mario-bros-z55u,119,119,Super Mario Bros,Super Mario Bros,Rodul,Rodul,YES,YES,/zh-cn/worlds/super-mario-bros-z55u,/zh-cn/worlds/super-mario-bros-z55u
INTERSECTION,/worlds/sweet-amoris-instituto-coraz-n-de-mel-n-9otz,415,415,Sweet Amoris instituto (Corazón de Melón),Sweet Amoris instituto (Corazón de Melón),"superstarlol""","superstarlol""",YES,YES,/zh-cn/worlds/sweet-amoris-instituto-coraz-n-de-mel-n-9otz,/zh-cn/worlds/sweet-amoris-instituto-coraz-n-de-mel-n-9otz
INTERSECTION,/worlds/sweet-amoris-instituto-corazon-de-melon-dpe4,38,38,甜心校园 (Sweet Amoris),甜心校园 (Sweet Amoris),offfline,offfline,YES,YES,/zh-cn/worlds/sweet-amoris-instituto-corazon-de-melon-dpe4,/zh-cn/worlds/sweet-amoris-instituto-corazon-de-melon-dpe4
INTERSECTION,/worlds/sweet-amoris-instituto-corazon-de-melon-mme9,439,439,甜心校园 (Sweet Amoris),甜心校园 (Sweet Amoris),Gyokko,Gyokko,YES,YES,/zh-cn/worlds/sweet-amoris-instituto-corazon-de-melon-mme9,/zh-cn/worlds/sweet-amoris-instituto-corazon-de-melon-mme9
INTERSECTION,/worlds/t-vida-bb-7eiw,330,330,亲爱的，你的生活,亲爱的，你的生活,Anaa,Anaa,YES,YES,/zh-cn/worlds/t-vida-bb-7eiw,/zh-cn/worlds/t-vida-bb-7eiw
INTERSECTION,/worlds/teen-titans-iwp4,98,98,少年泰坦,少年泰坦,Keshi123,Keshi123,YES,YES,/zh-cn/worlds/teen-titans-iwp4,/zh-cn/worlds/teen-titans-iwp4
INTERSECTION,/worlds/teen-titans-pm99,255,255,少年泰坦,少年泰坦,Kiara../:,Kiara../:,YES,YES,/zh-cn/worlds/teen-titans-pm99,/zh-cn/worlds/teen-titans-pm99
INTERSECTION,/worlds/test-map-world-001-ft9r,699,699,测试应用升级世界 001,测试应用升级世界 001,nixonelton9954,nixonelton9954,YES,YES,/zh-cn/worlds/test-map-world-001-ft9r,/zh-cn/worlds/test-map-world-001-ft9r
INTERSECTION,/worlds/test-map-world-001-gytp,103,103,测试应用升级世界 001,测试应用升级世界 001,x161880,x161880,YES,YES,/zh-cn/worlds/test-map-world-001-gytp,/zh-cn/worlds/test-map-world-001-gytp
INTERSECTION,/worlds/test-map-world-001-k4do,743,743,测试应用升级世界 001,测试应用升级世界 001,x161880,x161880,YES,YES,/zh-cn/worlds/test-map-world-001-k4do,/zh-cn/worlds/test-map-world-001-k4do
INTERSECTION,/worlds/test-map-world-001-ouue,721,721,测试应用升级世界 001,测试应用升级世界 001,nixonelton9954,nixonelton9954,YES,YES,/zh-cn/worlds/test-map-world-001-ouue,/zh-cn/worlds/test-map-world-001-ouue
INTERSECTION,/worlds/test-map-world-001-rev0,912,912,测试应用升级世界 001,测试应用升级世界 001,mehraxbobaid78,mehraxbobaid78,YES,YES,/zh-cn/worlds/test-map-world-001-rev0,/zh-cn/worlds/test-map-world-001-rev0
INTERSECTION,/worlds/test-map-world-001-rxwf,152,152,测试地图世界 001,测试地图世界 001,x161880,x161880,YES,YES,/zh-cn/worlds/test-map-world-001-rxwf,/zh-cn/worlds/test-map-world-001-rxwf
INTERSECTION,/worlds/test-map-world-001-s098,559,559,测试应用升级世界 001,测试应用升级世界 001,nixonelton9954,nixonelton9954,YES,YES,/zh-cn/worlds/test-map-world-001-s098,/zh-cn/worlds/test-map-world-001-s098
INTERSECTION,/worlds/test-map-world-001-ukb1,536,536,测试应用升级世界 001,测试应用升级世界 001,mehraxbobaid78,mehraxbobaid78,YES,YES,/zh-cn/worlds/test-map-world-001-ukb1,/zh-cn/worlds/test-map-world-001-ukb1
INTERSECTION,/worlds/test-map-world-001-xxt9,925,925,测试应用升级世界 001,测试应用升级世界 001,mehraxbobaid78,mehraxbobaid78,YES,YES,/zh-cn/worlds/test-map-world-001-xxt9,/zh-cn/worlds/test-map-world-001-xxt9
INTERSECTION,/worlds/test-template-world-001-fv99,130,130,TEST Template World 001,TEST Template World 001,x161880,x161880,YES,YES,/zh-cn/worlds/test-template-world-001-fv99,/zh-cn/worlds/test-template-world-001-fv99
INTERSECTION,/worlds/the-city-project-moon-w68x,54,54,都市 (Project Moon),都市 (Project Moon),facha sipo,facha sipo,YES,YES,/zh-cn/worlds/the-city-project-moon-w68x,/zh-cn/worlds/the-city-project-moon-w68x
INTERSECTION,/worlds/the-elder-scrolls-v-skyrim-h1n2,29,29,上古卷轴：龙裔,上古卷轴：龙裔,nibrubil,nibrubil,YES,YES,/zh-cn/worlds/the-elder-scrolls-v-skyrim-h1n2,/zh-cn/worlds/the-elder-scrolls-v-skyrim-h1n2
INTERSECTION,/worlds/the-fantasy-of-marriage-by-contract-bax7,325,325,契约婚姻的幻想,契约婚姻的幻想,Luisa Rodriguez,Luisa Rodriguez,YES,YES,/zh-cn/worlds/the-fantasy-of-marriage-by-contract-bax7,/zh-cn/worlds/the-fantasy-of-marriage-by-contract-bax7
INTERSECTION,/worlds/the-legend-of-zelda-aoc-ambiented-91fg,53,53,塞尔达传说：灾厄启示录背景篇,塞尔达传说：灾厄启示录背景篇,Abi Wayne,Abi Wayne,YES,YES,/zh-cn/worlds/the-legend-of-zelda-aoc-ambiented-91fg,/zh-cn/worlds/the-legend-of-zelda-aoc-ambiented-91fg
INTERSECTION,/worlds/the-legend-of-zelda-aoc-ambiented-mo98,201,201,塞尔达传说,塞尔达传说,Bebexhita 10,Bebexhita 10,YES,YES,/zh-cn/worlds/the-legend-of-zelda-aoc-ambiented-mo98,/zh-cn/worlds/the-legend-of-zelda-aoc-ambiented-mo98
INTERSECTION,/worlds/the-summer-i-turned-pretty-1pf0,117,117,美丽夏天,美丽夏天,Maylen Ciampo,Maylen Ciampo,YES,YES,/zh-cn/worlds/the-summer-i-turned-pretty-1pf0,/zh-cn/worlds/the-summer-i-turned-pretty-1pf0
INTERSECTION,/worlds/three-kingdoms-a-lady-s-tale-mpto,254,254,三国：女将传,三国：女将传,yasac yasac,yasac yasac,YES,YES,/zh-cn/worlds/three-kingdoms-a-lady-s-tale-mpto,/zh-cn/worlds/three-kingdoms-a-lady-s-tale-mpto
INTERSECTION,/worlds/three-kingdoms-a-lady-s-tale-uym5,180,180,三国：佳人传,三国：佳人传,Naiara Diaz,Naiara Diaz,YES,YES,/zh-cn/worlds/three-kingdoms-a-lady-s-tale-uym5,/zh-cn/worlds/three-kingdoms-a-lady-s-tale-uym5
INTERSECTION,/worlds/three-kingdoms-otome,32,32,三国浮生录·列女传,三国浮生录·列女传,World101,World101,YES,YES,/zh-cn/worlds/three-kingdoms-otome,/zh-cn/worlds/three-kingdoms-otome
INTERSECTION,/worlds/three-kingdoms-sh3f,1034,1034,三国浮生录·列女传,三国浮生录·列女传,1289786877,1289786877,YES,YES,/zh-cn/worlds/three-kingdoms-sh3f,/zh-cn/worlds/three-kingdoms-sh3f
INTERSECTION,/worlds/universo-dc-qcf0,973,973,DC宇宙,DC宇宙,Carloticakal,Carloticakal,YES,YES,/zh-cn/worlds/universo-dc-qcf0,/zh-cn/worlds/universo-dc-qcf0
INTERSECTION,/worlds/verano-en-san-aurelio-1fim,424,424,Verano en San Aurelio,Verano en San Aurelio,atey,atey,YES,YES,/zh-cn/worlds/verano-en-san-aurelio-1fim,/zh-cn/worlds/verano-en-san-aurelio-1fim
INTERSECTION,/worlds/verano-en-san-aurelio-am2g,132,132,圣奥雷利奥之夏,圣奥雷利奥之夏,AlukH,AlukH,YES,YES,/zh-cn/worlds/verano-en-san-aurelio-am2g,/zh-cn/worlds/verano-en-san-aurelio-am2g
INTERSECTION,/worlds/vida-medieval-2ty2,195,195,⚔️ 中世纪生活 ⚔️,⚔️ 中世纪生活 ⚔️,Emiko Matsumoto,Emiko Matsumoto,YES,YES,/zh-cn/worlds/vida-medieval-2ty2,/zh-cn/worlds/vida-medieval-2ty2
INTERSECTION,/worlds/vida-medieval-4z7y,9,9,⚔️ 中世纪生活 ⚔️,⚔️ 中世纪生活 ⚔️,JT,JT,YES,YES,/zh-cn/worlds/vida-medieval-4z7y,/zh-cn/worlds/vida-medieval-4z7y
INTERSECTION,/worlds/vida-medieval-540o,317,317,⚔️ 中世纪生活 ⚔️,⚔️ 中世纪生活 ⚔️,Manhwa Bls2025,Manhwa Bls2025,YES,YES,/zh-cn/worlds/vida-medieval-540o,/zh-cn/worlds/vida-medieval-540o
INTERSECTION,/worlds/vida-medieval-7ygs,1011,1011,⚔️ 中世纪生活 ⚔️,⚔️ 中世纪生活 ⚔️,Manhwa Bls2025,Manhwa Bls2025,YES,YES,/zh-cn/worlds/vida-medieval-7ygs,/zh-cn/worlds/vida-medieval-7ygs
INTERSECTION,/worlds/vida-medieval-82ew,582,582,⚔️ 中世纪生活 ⚔️,⚔️ 中世纪生活 ⚔️,Jolijule,Jolijule,YES,YES,/zh-cn/worlds/vida-medieval-82ew,/zh-cn/worlds/vida-medieval-82ew
INTERSECTION,/worlds/vida-medieval-8ov9,1076,1076,⚔️ 中世纪生活 ⚔️,⚔️ 中世纪生活 ⚔️,•Imagina Moon•,•Imagina Moon•,YES,YES,/zh-cn/worlds/vida-medieval-8ov9,/zh-cn/worlds/vida-medieval-8ov9
INTERSECTION,/worlds/vida-medieval-baiq,286,286,⚔️ 中世纪生活 ⚔️,⚔️ 中世纪生活 ⚔️,❀𝓝𝓾𝓫𝓮,❀𝓝𝓾𝓫𝓮,YES,YES,/zh-cn/worlds/vida-medieval-baiq,/zh-cn/worlds/vida-medieval-baiq
INTERSECTION,/worlds/vida-medieval-bd4e,471,471,⚔️ 中世纪生活 ⚔️,⚔️ 中世纪生活 ⚔️,ˑ 𓈒 𐔌  🄽𝕦𝚋ꫀׁׅܻ݊  ͡꒱,ˑ 𓈒 𐔌  🄽𝕦𝚋ꫀׁׅܻ݊  ͡꒱,YES,YES,/zh-cn/worlds/vida-medieval-bd4e,/zh-cn/worlds/vida-medieval-bd4e
INTERSECTION,/worlds/vida-medieval-br3p,220,220,⚔️ 中世纪生活 ⚔️,⚔️ 中世纪生活 ⚔️,Felix-0dad65,Felix-0dad65,YES,YES,/zh-cn/worlds/vida-medieval-br3p,/zh-cn/worlds/vida-medieval-br3p
INTERSECTION,/worlds/vida-medieval-cdgq,258,258,⚔️ 中世纪生活 ⚔️,⚔️ 中世纪生活 ⚔️,Manhwa Bls2025,Manhwa Bls2025,YES,YES,/zh-cn/worlds/vida-medieval-cdgq,/zh-cn/worlds/vida-medieval-cdgq
INTERSECTION,/worlds/vida-medieval-e0km,92,92,⚔️ 中世纪生活 ⚔️,⚔️ 中世纪生活 ⚔️,Maia Medina,Maia Medina,YES,YES,/zh-cn/worlds/vida-medieval-e0km,/zh-cn/worlds/vida-medieval-e0km
INTERSECTION,/worlds/vida-medieval-eefx,140,140,⚔️ 中世纪生活 ⚔️,⚔️ 中世纪生活 ⚔️,Kiki adelei Amaya araya,Kiki adelei Amaya araya,YES,YES,/zh-cn/worlds/vida-medieval-eefx,/zh-cn/worlds/vida-medieval-eefx
INTERSECTION,/worlds/vida-medieval-f1z0,508,508,⚔️ 中世纪生活 ⚔️,⚔️ 中世纪生活 ⚔️,Lena ཀ,Lena ཀ,YES,YES,/zh-cn/worlds/vida-medieval-f1z0,/zh-cn/worlds/vida-medieval-f1z0
INTERSECTION,/worlds/vida-medieval-gywx,298,298,⚔️ 中世纪生活 ⚔️,⚔️ 中世纪生活 ⚔️,matosantonet09,matosantonet09,YES,YES,/zh-cn/worlds/vida-medieval-gywx,/zh-cn/worlds/vida-medieval-gywx
INTERSECTION,/worlds/vida-medieval-hul0,416,416,⚔️ Vida Medieval ⚔️,⚔️ Vida Medieval ⚔️,Sofia R,Sofia R,YES,YES,/zh-cn/worlds/vida-medieval-hul0,/zh-cn/worlds/vida-medieval-hul0
INTERSECTION,/worlds/vida-medieval-iwmc,595,595,⚔️ 中世纪生活 ⚔️,⚔️ 中世纪生活 ⚔️,1757497488,1757497488,YES,YES,/zh-cn/worlds/vida-medieval-iwmc,/zh-cn/worlds/vida-medieval-iwmc
INTERSECTION,/worlds/vida-medieval-tj52,1075,1075,⚔️ 中世纪生活 ⚔️,⚔️ 中世纪生活 ⚔️,•Imagina Moon•,•Imagina Moon•,YES,YES,/zh-cn/worlds/vida-medieval-tj52,/zh-cn/worlds/vida-medieval-tj52
INTERSECTION,/worlds/vida-medieval-vede,379,379,⚔️ Vida Medieval ⚔️,⚔️ Vida Medieval ⚔️,Ana Martinez-ec9124,Ana Martinez-ec9124,YES,YES,/zh-cn/worlds/vida-medieval-vede,/zh-cn/worlds/vida-medieval-vede
INTERSECTION,/worlds/vida-medieval-w5rd,1077,1077,⚔️ 中世纪生活 ⚔️,⚔️ 中世纪生活 ⚔️,•Imagina Moon•,•Imagina Moon•,YES,YES,/zh-cn/worlds/vida-medieval-w5rd,/zh-cn/worlds/vida-medieval-w5rd
INTERSECTION,/worlds/vida-medieval-zvyd,886,886,⚔️ 中世纪生活 ⚔️,⚔️ 中世纪生活 ⚔️,Paulina Carrizo Otero,Paulina Carrizo Otero,YES,YES,/zh-cn/worlds/vida-medieval-zvyd,/zh-cn/worlds/vida-medieval-zvyd
INTERSECTION,/worlds/wan-yu-jie-xiu-xian-shou-zha-yun-xing-xi-8a22bd,199,199,诸世问道：修仙模拟器,诸世问道：修仙模拟器,KKKKKASD,KKKKKASD,YES,YES,/zh-cn/worlds/wan-yu-jie-xiu-xian-shou-zha-yun-xing-xi-8a22bd,/zh-cn/worlds/wan-yu-jie-xiu-xian-shou-zha-yun-xing-xi-8a22bd
INTERSECTION,/worlds/wang-zhe-rong-yao-mo-ni-qi-f3d118d1cc0d,312,312,王者世界模拟器,王者世界模拟器,985530482,985530482,NO,NO,/zh-cn/worlds/wang-zhe-rong-yao-mo-ni-qi-f3d118d1cc0d,/zh-cn/worlds/wang-zhe-rong-yao-mo-ni-qi-f3d118d1cc0d
INTERSECTION,/worlds/warring-6518,184,184,战国模拟器,战国模拟器,354064526,354064526,YES,YES,/zh-cn/worlds/warring-6518,/zh-cn/worlds/warring-6518
INTERSECTION,/worlds/warring-68tm,947,947,战国模拟器,战国模拟器,1057958425,1057958425,YES,YES,/zh-cn/worlds/warring-68tm,/zh-cn/worlds/warring-68tm
INTERSECTION,/worlds/warring-73j4,583,583,战国模拟器,战国模拟器,3348449093,3348449093,YES,YES,/zh-cn/worlds/warring-73j4,/zh-cn/worlds/warring-73j4
INTERSECTION,/worlds/warring-94yd,910,910,战国模拟器,战国模拟器,1057958425,1057958425,YES,YES,/zh-cn/worlds/warring-94yd,/zh-cn/worlds/warring-94yd
INTERSECTION,/worlds/warring-states,26,26,战国模拟器,战国模拟器,World101,World101,YES,YES,/zh-cn/worlds/warring-states,/zh-cn/worlds/warring-states
ONLY_ALL,/worlds/wasteland-shelter,,1096,,末日生存庇护所,,World101,,YES,,/zh-cn/worlds/wasteland-shelter
ONLY_ALL,/worlds/wasteland-shelter-6rnp,,1126,,末日生存庇护所,,林五杀,,YES,,/zh-cn/worlds/wasteland-shelter-6rnp
ONLY_ALL,/worlds/wasteland-shelter-s278,,1179,,末日生存庇护所,,Fuego Sangre,,YES,,/zh-cn/worlds/wasteland-shelter-s278
INTERSECTION,/worlds/welcome-to-the-mega-pizzaplex-au-zqrr,79,79,Welcome to the Mega Pizzaplex! (AU),Welcome to the Mega Pizzaplex! (AU),YeviTheCat,YeviTheCat,YES,YES,/zh-cn/worlds/welcome-to-the-mega-pizzaplex-au-zqrr,/zh-cn/worlds/welcome-to-the-mega-pizzaplex-au-zqrr
INTERSECTION,/worlds/wen-ming-mo-ni-qi-ar4w,715,715,文明模拟器,文明模拟器,Culp Ruwe,Culp Ruwe,NO,NO,/zh-cn/worlds/wen-ming-mo-ni-qi-ar4w,/zh-cn/worlds/wen-ming-mo-ni-qi-ar4w
INTERSECTION,/worlds/westeros,4,4,权力的游戏模拟器(冰与火之歌),权力的游戏模拟器(冰与火之歌),World101,World101,YES,YES,/zh-cn/worlds/westeros,/zh-cn/worlds/westeros
INTERSECTION,/worlds/westeros-0m04,549,549,权力的游戏模拟器(冰与火之歌),权力的游戏模拟器(冰与火之歌),Matilde Machado,Matilde Machado,YES,YES,/zh-cn/worlds/westeros-0m04,/zh-cn/worlds/westeros-0m04
INTERSECTION,/worlds/westeros-0zp8,131,131,权力的游戏：游戏,权力的游戏：游戏,Matilde Machado,Matilde Machado,YES,YES,/zh-cn/worlds/westeros-0zp8,/zh-cn/worlds/westeros-0zp8
INTERSECTION,/worlds/westeros-2jmh,829,829,权力的游戏模拟器(冰与火之歌),权力的游戏模拟器(冰与火之歌),Aismar aquino,Aismar aquino,YES,YES,/zh-cn/worlds/westeros-2jmh,/zh-cn/worlds/westeros-2jmh
INTERSECTION,/worlds/westeros-2k0j,892,892,龙之舞（火与血）,龙之舞（火与血）,made33,made33,YES,YES,/zh-cn/worlds/westeros-2k0j,/zh-cn/worlds/westeros-2k0j
INTERSECTION,/worlds/westeros-2rt4,99,99,权力的游戏模拟器(冰与火之歌),权力的游戏模拟器(冰与火之歌),Julieta Sanchez-760f9e,Julieta Sanchez-760f9e,YES,YES,/zh-cn/worlds/westeros-2rt4,/zh-cn/worlds/westeros-2rt4
INTERSECTION,/worlds/westeros-4maf,474,474,Juego de Tronos (Canción de Hielo y Fuego) Copia,Juego de Tronos (Canción de Hielo y Fuego) Copia,Avril Barreiros,Avril Barreiros,YES,YES,/zh-cn/worlds/westeros-4maf,/zh-cn/worlds/westeros-4maf
INTERSECTION,/worlds/westeros-4mbe,1022,1022,权力的游戏模拟器(冰与火之歌),权力的游戏模拟器(冰与火之歌),Алекс TV,Алекс TV,YES,YES,/zh-cn/worlds/westeros-4mbe,/zh-cn/worlds/westeros-4mbe
INTERSECTION,/worlds/westeros-6zto,916,916,权力的游戏模拟器(冰与火之歌),权力的游戏模拟器(冰与火之歌),valentina badell,valentina badell,YES,YES,/zh-cn/worlds/westeros-6zto,/zh-cn/worlds/westeros-6zto
INTERSECTION,/worlds/westeros-85if,585,585,权力的游戏模拟器(冰与火之歌),权力的游戏模拟器(冰与火之歌),176110447,176110447,YES,YES,/zh-cn/worlds/westeros-85if,/zh-cn/worlds/westeros-85if
INTERSECTION,/worlds/westeros-8aor,891,891,权力的游戏模拟器(冰与火之歌),权力的游戏模拟器(冰与火之歌),made33,made33,YES,YES,/zh-cn/worlds/westeros-8aor,/zh-cn/worlds/westeros-8aor
INTERSECTION,/worlds/westeros-8mlt,305,305,Juego de Tronos (Canción de Hielo y Fuego) Copia,Juego de Tronos (Canción de Hielo y Fuego) Copia,Daneilys Mejías,Daneilys Mejías,YES,YES,/zh-cn/worlds/westeros-8mlt,/zh-cn/worlds/westeros-8mlt
INTERSECTION,/worlds/westeros-8nm9,964,964,权力的游戏模拟器(冰与火之歌),权力的游戏模拟器(冰与火之歌),Mikita187 Que,Mikita187 Que,YES,YES,/zh-cn/worlds/westeros-8nm9,/zh-cn/worlds/westeros-8nm9
INTERSECTION,/worlds/westeros-9j0d,957,957,权力的游戏模拟器(冰与火之歌),权力的游戏模拟器(冰与火之歌),Lola Fernandes,Lola Fernandes,YES,YES,/zh-cn/worlds/westeros-9j0d,/zh-cn/worlds/westeros-9j0d
INTERSECTION,/worlds/westeros-a3nu,907,907,权力的游戏模拟器(冰与火之歌),权力的游戏模拟器(冰与火之歌),Rochigame,Rochigame,YES,YES,/zh-cn/worlds/westeros-a3nu,/zh-cn/worlds/westeros-a3nu
INTERSECTION,/worlds/westeros-a5c2,941,941,权力的游戏模拟器(冰与火之歌),权力的游戏模拟器(冰与火之歌),Javiera Miranda,Javiera Miranda,YES,YES,/zh-cn/worlds/westeros-a5c2,/zh-cn/worlds/westeros-a5c2
INTERSECTION,/worlds/westeros-d1x9,1013,1013,权力的游戏模拟器(冰与火之歌),权力的游戏模拟器(冰与火之歌),gaoxinran_521,gaoxinran_521,YES,YES,/zh-cn/worlds/westeros-d1x9,/zh-cn/worlds/westeros-d1x9
INTERSECTION,/worlds/westeros-d6pj,551,551,权力的游戏模拟器(冰与火之歌),权力的游戏模拟器(冰与火之歌),Matilde Machado,Matilde Machado,YES,YES,/zh-cn/worlds/westeros-d6pj,/zh-cn/worlds/westeros-d6pj
INTERSECTION,/worlds/westeros-dezb,374,374,Danza de Dragones (Fuego y Sangre) Copia,Danza de Dragones (Fuego y Sangre) Copia,Tilin,Tilin,YES,YES,/zh-cn/worlds/westeros-dezb,/zh-cn/worlds/westeros-dezb
INTERSECTION,/worlds/westeros-e5de,521,521,Juego de Tronos (Canción de Hielo y Fuego) Copia,Juego de Tronos (Canción de Hielo y Fuego) Copia,Nyuu_,Nyuu_,YES,YES,/zh-cn/worlds/westeros-e5de,/zh-cn/worlds/westeros-e5de
INTERSECTION,/worlds/westeros-ee88,552,552,权力的游戏模拟器(冰与火之歌),权力的游戏模拟器(冰与火之歌),Matilde Machado,Matilde Machado,YES,YES,/zh-cn/worlds/westeros-ee88,/zh-cn/worlds/westeros-ee88
INTERSECTION,/worlds/westeros-jbh1,1060,1060,Juego de Tronos (Canción de Hielo y Fuego) Copia,Juego de Tronos (Canción de Hielo y Fuego) Copia,Amanda Gut,Amanda Gut,YES,YES,/zh-cn/worlds/westeros-jbh1,/zh-cn/worlds/westeros-jbh1
INTERSECTION,/worlds/westeros-jm1y,942,942,权力的游戏模拟器(冰与火之歌),权力的游戏模拟器(冰与火之歌),Alfonso Rodríguez,Alfonso Rodríguez,YES,YES,/zh-cn/worlds/westeros-jm1y,/zh-cn/worlds/westeros-jm1y
INTERSECTION,/worlds/westeros-jpnd,35,35,龙之舞（火与血）,龙之舞（火与血）,made33,made33,YES,YES,/zh-cn/worlds/westeros-jpnd,/zh-cn/worlds/westeros-jpnd
INTERSECTION,/worlds/westeros-lcmu,517,517,权力的游戏模拟器(冰与火之歌),权力的游戏模拟器(冰与火之歌),Sleep Tight,Sleep Tight,YES,YES,/zh-cn/worlds/westeros-lcmu,/zh-cn/worlds/westeros-lcmu
INTERSECTION,/worlds/westeros-leek,901,901,龙之舞（火与血）,龙之舞（火与血）,made33,made33,YES,YES,/zh-cn/worlds/westeros-leek,/zh-cn/worlds/westeros-leek
INTERSECTION,/worlds/westeros-lrpd,1039,1039,权力的游戏模拟器(冰与火之歌),权力的游戏模拟器(冰与火之歌),Evans Dania Deschamps Marmolejos,Evans Dania Deschamps Marmolejos,YES,YES,/zh-cn/worlds/westeros-lrpd,/zh-cn/worlds/westeros-lrpd
INTERSECTION,/worlds/westeros-nhzo,807,807,权力的游戏模拟器(冰与火之歌),权力的游戏模拟器(冰与火之歌),Ary2,Ary2,YES,YES,/zh-cn/worlds/westeros-nhzo,/zh-cn/worlds/westeros-nhzo
INTERSECTION,/worlds/westeros-niu1,804,804,权力的游戏模拟器(冰与火之歌),权力的游戏模拟器(冰与火之歌),danaevargasc999,danaevargasc999,YES,YES,/zh-cn/worlds/westeros-niu1,/zh-cn/worlds/westeros-niu1
INTERSECTION,/worlds/westeros-nqmt,550,550,权力的游戏模拟器(冰与火之歌),权力的游戏模拟器(冰与火之歌),Matilde Machado,Matilde Machado,YES,YES,/zh-cn/worlds/westeros-nqmt,/zh-cn/worlds/westeros-nqmt
INTERSECTION,/worlds/westeros-o6yp,271,271,权力的游戏模拟器(冰与火之歌),权力的游戏模拟器(冰与火之歌),Nicol,Nicol,YES,YES,/zh-cn/worlds/westeros-o6yp,/zh-cn/worlds/westeros-o6yp
INTERSECTION,/worlds/westeros-p3wo,850,850,权力的游戏模拟器(冰与火之歌),权力的游戏模拟器(冰与火之歌),Valentina Rodriguez,Valentina Rodriguez,YES,YES,/zh-cn/worlds/westeros-p3wo,/zh-cn/worlds/westeros-p3wo
INTERSECTION,/worlds/westeros-pdxq,792,792,权力的游戏模拟器(冰与火之歌),权力的游戏模拟器(冰与火之歌),Debanhi flores,Debanhi flores,YES,YES,/zh-cn/worlds/westeros-pdxq,/zh-cn/worlds/westeros-pdxq
INTERSECTION,/worlds/westeros-ri15,77,77,权力的游戏：冰与火之歌（同人版）,权力的游戏：冰与火之歌（同人版）,Aismar aquino,Aismar aquino,YES,YES,/zh-cn/worlds/westeros-ri15,/zh-cn/worlds/westeros-ri15
INTERSECTION,/worlds/westeros-rows,276,276,权力的游戏模拟器(冰与火之歌),权力的游戏模拟器(冰与火之歌),made33,made33,YES,YES,/zh-cn/worlds/westeros-rows,/zh-cn/worlds/westeros-rows
INTERSECTION,/worlds/westeros-rsxg,470,470,Juego de Tronos (Canción de Hielo y Fuego) Copia,Juego de Tronos (Canción de Hielo y Fuego) Copia,Daneilys Mejías,Daneilys Mejías,YES,YES,/zh-cn/worlds/westeros-rsxg,/zh-cn/worlds/westeros-rsxg
INTERSECTION,/worlds/westeros-uzxs,469,469,Juego de Tronos (Canción de Hielo y Fuego) Copia,Juego de Tronos (Canción de Hielo y Fuego) Copia,Daneilys Mejías,Daneilys Mejías,YES,YES,/zh-cn/worlds/westeros-uzxs,/zh-cn/worlds/westeros-uzxs
INTERSECTION,/worlds/westeros-vhgq,881,881,权力的游戏模拟器(冰与火之歌),权力的游戏模拟器(冰与火之歌),espupi,espupi,YES,YES,/zh-cn/worlds/westeros-vhgq,/zh-cn/worlds/westeros-vhgq
INTERSECTION,/worlds/westeros-wor6,781,781,权力的游戏模拟器(冰与火之歌),权力的游戏模拟器(冰与火之歌),Sana Minatozaki-ceb231,Sana Minatozaki-ceb231,YES,YES,/zh-cn/worlds/westeros-wor6,/zh-cn/worlds/westeros-wor6
INTERSECTION,/worlds/westeros-x7wu,525,525,权力的游戏：游戏,权力的游戏：游戏,Adriana Dia,Adriana Dia,YES,YES,/zh-cn/worlds/westeros-x7wu,/zh-cn/worlds/westeros-x7wu
INTERSECTION,/worlds/westeros-xe8x,802,802,权力的游戏模拟器(冰与火之歌),权力的游戏模拟器(冰与火之歌),espupi,espupi,YES,YES,/zh-cn/worlds/westeros-xe8x,/zh-cn/worlds/westeros-xe8x
INTERSECTION,/worlds/westeros-xsxl,556,556,权力的游戏：冰与火之歌,权力的游戏：冰与火之歌,fatmanenorme,fatmanenorme,YES,YES,/zh-cn/worlds/westeros-xsxl,/zh-cn/worlds/westeros-xsxl
INTERSECTION,/worlds/westeros-y0uw,824,824,权力的游戏模拟器(冰与火之歌),权力的游戏模拟器(冰与火之歌),made33,made33,YES,YES,/zh-cn/worlds/westeros-y0uw,/zh-cn/worlds/westeros-y0uw
INTERSECTION,/worlds/westeros-y58h,307,307,权力的游戏模拟器(冰与火之歌),权力的游戏模拟器(冰与火之歌),Joaquina nerea Stabile,Joaquina nerea Stabile,YES,YES,/zh-cn/worlds/westeros-y58h,/zh-cn/worlds/westeros-y58h
INTERSECTION,/worlds/westeros-yt6y,960,960,权力的游戏模拟器(冰与火之歌),权力的游戏模拟器(冰与火之歌),Mikita187 Que,Mikita187 Que,YES,YES,/zh-cn/worlds/westeros-yt6y,/zh-cn/worlds/westeros-yt6y
INTERSECTION,/worlds/westeros-znja,412,412,权力的游戏模拟器(冰与火之歌),权力的游戏模拟器(冰与火之歌),弾好きすぎ。,弾好きすぎ。,YES,YES,/zh-cn/worlds/westeros-znja,/zh-cn/worlds/westeros-znja
ONLY_ALL,/worlds/wind-breaker-el-simulador-de-delincuente-gz0k,,1158,,Wind Breaker: El Simulador de Delincuentes de Furin,,Mel-20235e,,YES,,/zh-cn/worlds/wind-breaker-el-simulador-de-delincuente-gz0k
ONLY_ALL,/worlds/wind-breaker-simulator-delincuentes-de-f-32e9,,1127,,风之破风者模拟器：风铃叛逆者,,Mel-20235e,,YES,,/zh-cn/worlds/wind-breaker-simulator-delincuentes-de-f-32e9
INTERSECTION,/worlds/world-bzrm,948,948,.,.,Tati Rodriguez,Tati Rodriguez,YES,YES,/zh-cn/worlds/world-bzrm,/zh-cn/worlds/world-bzrm
INTERSECTION,/worlds/wotld-zlnf,717,717,Wotld,Wotld,Jenny Ramos,Jenny Ramos,YES,YES,/zh-cn/worlds/wotld-zlnf,/zh-cn/worlds/wotld-zlnf
INTERSECTION,/worlds/wu-shi-zai-huo-yi-shi-lie-mo-ren-zhi-lu-28a10d,144,144,巫师：再活一世｜十种人生,巫师：再活一世｜十种人生,KKKKKASD,KKKKKASD,YES,YES,/zh-cn/worlds/wu-shi-zai-huo-yi-shi-lie-mo-ren-zhi-lu-28a10d,/zh-cn/worlds/wu-shi-zai-huo-yi-shi-lie-mo-ren-zhi-lu-28a10d
INTERSECTION,/worlds/ww1-1914,23,23,一战模拟器,一战模拟器,World101,World101,YES,YES,/zh-cn/worlds/ww1-1914,/zh-cn/worlds/ww1-1914
INTERSECTION,/worlds/ww1-amyq,614,614,World War I Game Copy,World War I Game Copy,Виктор Коротков,Виктор Коротков,YES,YES,/zh-cn/worlds/ww1-amyq,/zh-cn/worlds/ww1-amyq
INTERSECTION,/worlds/ww1-euz1,526,526,World War I Game Copy,World War I Game Copy,Irsyad Lubis,Irsyad Lubis,YES,YES,/zh-cn/worlds/ww1-euz1,/zh-cn/worlds/ww1-euz1
INTERSECTION,/worlds/ww1-iss9,615,615,World War I Game Copy,World War I Game Copy,Виктор Коротков,Виктор Коротков,YES,YES,/zh-cn/worlds/ww1-iss9,/zh-cn/worlds/ww1-iss9
INTERSECTION,/worlds/ww1-u1wf,369,369,一战模拟器,一战模拟器,gaoyijian001,gaoyijian001,YES,YES,/zh-cn/worlds/ww1-u1wf,/zh-cn/worlds/ww1-u1wf
INTERSECTION,/worlds/ww2-012f,723,723,二战模拟器,二战模拟器,刘爱,刘爱,YES,YES,/zh-cn/worlds/ww2-012f,/zh-cn/worlds/ww2-012f
INTERSECTION,/worlds/ww2-1935,2,2,二战模拟器,二战模拟器,World101,World101,YES,YES,/zh-cn/worlds/ww2-1935,/zh-cn/worlds/ww2-1935
INTERSECTION,/worlds/ww2-1a06,417,417,二战模拟器,二战模拟器,luisana guaymas,luisana guaymas,YES,YES,/zh-cn/worlds/ww2-1a06,/zh-cn/worlds/ww2-1a06
INTERSECTION,/worlds/ww2-1bdy,724,724,二战模拟器,二战模拟器,陈RH,陈RH,YES,YES,/zh-cn/worlds/ww2-1bdy,/zh-cn/worlds/ww2-1bdy
INTERSECTION,/worlds/ww2-1nre,565,565,二战模拟器,二战模拟器,504567928,504567928,YES,YES,/zh-cn/worlds/ww2-1nre,/zh-cn/worlds/ww2-1nre
INTERSECTION,/worlds/ww2-1q8s,745,745,二战模拟器,二战模拟器,371301897,371301897,YES,YES,/zh-cn/worlds/ww2-1q8s,/zh-cn/worlds/ww2-1q8s
INTERSECTION,/worlds/ww2-2mha,596,596,二战模拟器,二战模拟器,2693985354,2693985354,YES,YES,/zh-cn/worlds/ww2-2mha,/zh-cn/worlds/ww2-2mha
INTERSECTION,/worlds/ww2-38yo,848,848,二战模拟器,二战模拟器,Camila Torres,Camila Torres,YES,YES,/zh-cn/worlds/ww2-38yo,/zh-cn/worlds/ww2-38yo
INTERSECTION,/worlds/ww2-3w0s,463,463,二战模拟器,二战模拟器,Nose me gusta Pierrot,Nose me gusta Pierrot,YES,YES,/zh-cn/worlds/ww2-3w0s,/zh-cn/worlds/ww2-3w0s
INTERSECTION,/worlds/ww2-4k9j,74,74,WW2: World 1935 Copy,WW2: World 1935 Copy,Vincent Chambers,Vincent Chambers,YES,YES,/zh-cn/worlds/ww2-4k9j,/zh-cn/worlds/ww2-4k9j
INTERSECTION,/worlds/ww2-5bbk,524,524,WW2 Game Copy,WW2 Game Copy,Joel Willits,Joel Willits,YES,YES,/zh-cn/worlds/ww2-5bbk,/zh-cn/worlds/ww2-5bbk
INTERSECTION,/worlds/ww2-5k8a,383,383,Segunda Guerra Mundial: Mundo 1935 Copia,Segunda Guerra Mundial: Mundo 1935 Copia,Advocatus Rios,Advocatus Rios,YES,YES,/zh-cn/worlds/ww2-5k8a,/zh-cn/worlds/ww2-5k8a
INTERSECTION,/worlds/ww2-6p99,322,322,二战模拟器,二战模拟器,Ow_0m9,Ow_0m9,YES,YES,/zh-cn/worlds/ww2-6p99,/zh-cn/worlds/ww2-6p99
INTERSECTION,/worlds/ww2-6vmp,686,686,二战模拟器,二战模拟器,zhoufei00123,zhoufei00123,YES,YES,/zh-cn/worlds/ww2-6vmp,/zh-cn/worlds/ww2-6vmp
INTERSECTION,/worlds/ww2-7237,1027,1027,二战模拟器 副本,二战模拟器 副本,KKKKKASD,KKKKKASD,YES,YES,/zh-cn/worlds/ww2-7237,/zh-cn/worlds/ww2-7237
INTERSECTION,/worlds/ww2-8jje,742,742,二战模拟器,二战模拟器,Dolce Tina,Dolce Tina,YES,YES,/zh-cn/worlds/ww2-8jje,/zh-cn/worlds/ww2-8jje
INTERSECTION,/worlds/ww2-8r9t,732,732,二战模拟器 副本,二战模拟器 副本,吴伟铭,吴伟铭,YES,YES,/zh-cn/worlds/ww2-8r9t,/zh-cn/worlds/ww2-8r9t
INTERSECTION,/worlds/ww2-cbsb,890,890,二战模拟器,二战模拟器,ep312418,ep312418,YES,YES,/zh-cn/worlds/ww2-cbsb,/zh-cn/worlds/ww2-cbsb
INTERSECTION,/worlds/ww2-creh,292,292,二战模拟器,二战模拟器,Paul Zhang,Paul Zhang,YES,YES,/zh-cn/worlds/ww2-creh,/zh-cn/worlds/ww2-creh
INTERSECTION,/worlds/ww2-d7j5,966,966,二战模拟器,二战模拟器,NIUrni,NIUrni,YES,YES,/zh-cn/worlds/ww2-d7j5,/zh-cn/worlds/ww2-d7j5
INTERSECTION,/worlds/ww2-e4db,1030,1030,二战模拟器,二战模拟器,陈伟明,陈伟明,YES,YES,/zh-cn/worlds/ww2-e4db,/zh-cn/worlds/ww2-e4db
INTERSECTION,/worlds/ww2-eslj,420,420,二战模拟器,二战模拟器,luisana guaymas,luisana guaymas,YES,YES,/zh-cn/worlds/ww2-eslj,/zh-cn/worlds/ww2-eslj
INTERSECTION,/worlds/ww2-ga22,731,731,二战模拟器 副本,二战模拟器 副本,吴伟铭,吴伟铭,YES,YES,/zh-cn/worlds/ww2-ga22,/zh-cn/worlds/ww2-ga22
INTERSECTION,/worlds/ww2-game-1fgb,360,360,WW2 Game,WW2 Game,Cocoa Gorilla Baseball,Cocoa Gorilla Baseball,YES,YES,/zh-cn/worlds/ww2-game-1fgb,/zh-cn/worlds/ww2-game-1fgb
INTERSECTION,/worlds/ww2-game-ccuj,459,459,WW2 Game,WW2 Game,seba,seba,YES,YES,/zh-cn/worlds/ww2-game-ccuj,/zh-cn/worlds/ww2-game-ccuj
INTERSECTION,/worlds/ww2-gh7l,143,143,二战模拟器,二战模拟器,Ahaha,Ahaha,YES,YES,/zh-cn/worlds/ww2-gh7l,/zh-cn/worlds/ww2-gh7l
INTERSECTION,/worlds/ww2-gnm3,735,735,二战模拟器,二战模拟器,Minghao Liu,Minghao Liu,YES,YES,/zh-cn/worlds/ww2-gnm3,/zh-cn/worlds/ww2-gnm3
INTERSECTION,/worlds/ww2-gu2n,906,906,二战模拟器,二战模拟器,Alex-b13285,Alex-b13285,YES,YES,/zh-cn/worlds/ww2-gu2n,/zh-cn/worlds/ww2-gu2n
INTERSECTION,/worlds/ww2-gzft,548,548,二战模拟器 副本,二战模拟器 副本,likyliky0504,likyliky0504,YES,YES,/zh-cn/worlds/ww2-gzft,/zh-cn/worlds/ww2-gzft
INTERSECTION,/worlds/ww2-h2ax,337,337,二战模拟器,二战模拟器,鸮卡瓦,鸮卡瓦,YES,YES,/zh-cn/worlds/ww2-h2ax,/zh-cn/worlds/ww2-h2ax
INTERSECTION,/worlds/ww2-h68w,243,243,二战模拟器,二战模拟器,Claudia Hernandez Hernandez,Claudia Hernandez Hernandez,YES,YES,/zh-cn/worlds/ww2-h68w,/zh-cn/worlds/ww2-h68w
INTERSECTION,/worlds/ww2-i0t4,611,611,二战模拟器,二战模拟器,Marlon Vasquez,Marlon Vasquez,YES,YES,/zh-cn/worlds/ww2-i0t4,/zh-cn/worlds/ww2-i0t4
INTERSECTION,/worlds/ww2-ica9,632,632,二战模拟器,二战模拟器,2662196219,2662196219,YES,YES,/zh-cn/worlds/ww2-ica9,/zh-cn/worlds/ww2-ica9
INTERSECTION,/worlds/ww2-ivn7,963,963,二战模拟器,二战模拟器,MADAME,MADAME,YES,YES,/zh-cn/worlds/ww2-ivn7,/zh-cn/worlds/ww2-ivn7
INTERSECTION,/worlds/ww2-j1aw,728,728,二战模拟器,二战模拟器,652106134,652106134,YES,YES,/zh-cn/worlds/ww2-j1aw,/zh-cn/worlds/ww2-j1aw
INTERSECTION,/worlds/ww2-j5h2,303,303,二战模拟器,二战模拟器,472224365,472224365,YES,YES,/zh-cn/worlds/ww2-j5h2,/zh-cn/worlds/ww2-j5h2
INTERSECTION,/worlds/ww2-jls6,334,334,二战模拟器,二战模拟器,KeAir,KeAir,YES,YES,/zh-cn/worlds/ww2-jls6,/zh-cn/worlds/ww2-jls6
INTERSECTION,/worlds/ww2-jsyv,540,540,WW2 Game Copy,WW2 Game Copy,Benjamin Erickson,Benjamin Erickson,YES,YES,/zh-cn/worlds/ww2-jsyv,/zh-cn/worlds/ww2-jsyv
INTERSECTION,/worlds/ww2-k2oo,1007,1007,二战模拟器,二战模拟器,3248565115,3248565115,YES,YES,/zh-cn/worlds/ww2-k2oo,/zh-cn/worlds/ww2-k2oo
INTERSECTION,/worlds/ww2-k696,789,789,二战模拟器,二战模拟器,D Marrokuan,D Marrokuan,YES,YES,/zh-cn/worlds/ww2-k696,/zh-cn/worlds/ww2-k696
INTERSECTION,/worlds/ww2-k8yh,950,950,二战模拟器,二战模拟器,626057893,626057893,YES,YES,/zh-cn/worlds/ww2-k8yh,/zh-cn/worlds/ww2-k8yh
INTERSECTION,/worlds/ww2-kgs6,985,985,二战模拟器,二战模拟器,Karla 4,Karla 4,YES,YES,/zh-cn/worlds/ww2-kgs6,/zh-cn/worlds/ww2-kgs6
INTERSECTION,/worlds/ww2-kh2u,737,737,二战模拟器,二战模拟器,yazuibi,yazuibi,YES,YES,/zh-cn/worlds/ww2-kh2u,/zh-cn/worlds/ww2-kh2u
INTERSECTION,/worlds/ww2-khqx,301,301,二战模拟器,二战模拟器,Sntiago Ruiz,Sntiago Ruiz,YES,YES,/zh-cn/worlds/ww2-khqx,/zh-cn/worlds/ww2-khqx
INTERSECTION,/worlds/ww2-ks1m,541,541,二战模拟器,二战模拟器,Alexander Soriano,Alexander Soriano,YES,YES,/zh-cn/worlds/ww2-ks1m,/zh-cn/worlds/ww2-ks1m
INTERSECTION,/worlds/ww2-l4ju,1054,1054,二战模拟器 副本,二战模拟器 副本,200bb495,200bb495,YES,YES,/zh-cn/worlds/ww2-l4ju,/zh-cn/worlds/ww2-l4ju
INTERSECTION,/worlds/ww2-m0bg,419,419,二战模拟器,二战模拟器,luisana guaymas,luisana guaymas,YES,YES,/zh-cn/worlds/ww2-m0bg,/zh-cn/worlds/ww2-m0bg
INTERSECTION,/worlds/ww2-oeb0,342,342,二战模拟器,二战模拟器,maiazairot,maiazairot,YES,YES,/zh-cn/worlds/ww2-oeb0,/zh-cn/worlds/ww2-oeb0
INTERSECTION,/worlds/ww2-qaik,838,838,二战模拟器,二战模拟器,Mr.chisme,Mr.chisme,YES,YES,/zh-cn/worlds/ww2-qaik,/zh-cn/worlds/ww2-qaik
INTERSECTION,/worlds/ww2-r0x3,739,739,二战模拟器 副本,二战模拟器 副本,404 NOT FOUND,404 NOT FOUND,YES,YES,/zh-cn/worlds/ww2-r0x3,/zh-cn/worlds/ww2-r0x3
INTERSECTION,/worlds/ww2-rj82,1071,1071,二战模拟器,二战模拟器,3625762226,3625762226,YES,YES,/zh-cn/worlds/ww2-rj82,/zh-cn/worlds/ww2-rj82
INTERSECTION,/worlds/ww2-rjl6,527,527,WW2 Game Copy,WW2 Game Copy,Ross Herrington,Ross Herrington,YES,YES,/zh-cn/worlds/ww2-rjl6,/zh-cn/worlds/ww2-rjl6
INTERSECTION,/worlds/ww2-rpo9,230,230,二战模拟器,二战模拟器,504567928,504567928,YES,YES,/zh-cn/worlds/ww2-rpo9,/zh-cn/worlds/ww2-rpo9
INTERSECTION,/worlds/ww2-rzo5,750,750,二战模拟器,二战模拟器,Lourdes Medina,Lourdes Medina,YES,YES,/zh-cn/worlds/ww2-rzo5,/zh-cn/worlds/ww2-rzo5
INTERSECTION,/worlds/ww2-s3hj,384,384,二战模拟器 副本,二战模拟器 副本,asdasdfgh_2024,asdasdfgh_2024,YES,YES,/zh-cn/worlds/ww2-s3hj,/zh-cn/worlds/ww2-s3hj
INTERSECTION,/worlds/ww2-s8jh,644,644,二战模拟器,二战模拟器,l2662196229,l2662196229,YES,YES,/zh-cn/worlds/ww2-s8jh,/zh-cn/worlds/ww2-s8jh
INTERSECTION,/worlds/ww2-tsy9,956,956,二战模拟器,二战模拟器,SHUGAAA,SHUGAAA,YES,YES,/zh-cn/worlds/ww2-tsy9,/zh-cn/worlds/ww2-tsy9
INTERSECTION,/worlds/ww2-u3pu,633,633,二战模拟器,二战模拟器,2662196219,2662196219,YES,YES,/zh-cn/worlds/ww2-u3pu,/zh-cn/worlds/ww2-u3pu
INTERSECTION,/worlds/ww2-u3ye,249,249,二战：1935世界,二战：1935世界,NIUrni,NIUrni,YES,YES,/zh-cn/worlds/ww2-u3ye,/zh-cn/worlds/ww2-u3ye
INTERSECTION,/worlds/ww2-u7ng,1072,1072,二战模拟器 副本,二战模拟器 副本,3625762226,3625762226,YES,YES,/zh-cn/worlds/ww2-u7ng,/zh-cn/worlds/ww2-u7ng
INTERSECTION,/worlds/ww2-uelg,878,878,二战模拟器,二战模拟器,Paloma Manzanero,Paloma Manzanero,YES,YES,/zh-cn/worlds/ww2-uelg,/zh-cn/worlds/ww2-uelg
INTERSECTION,/worlds/ww2-vesn,482,482,二战模拟器 副本,二战模拟器 副本,1968771911,1968771911,YES,YES,/zh-cn/worlds/ww2-vesn,/zh-cn/worlds/ww2-vesn
INTERSECTION,/worlds/ww2-world-1935-bd2n,810,810,二战：1935世界,二战：1935世界,Georgia Murphy,Georgia Murphy,YES,YES,/zh-cn/worlds/ww2-world-1935-bd2n,/zh-cn/worlds/ww2-world-1935-bd2n
INTERSECTION,/worlds/ww2-world-1935-itl7,873,873,二战：1935世界,二战：1935世界,Ria,Ria,YES,YES,/zh-cn/worlds/ww2-world-1935-itl7,/zh-cn/worlds/ww2-world-1935-itl7
INTERSECTION,/worlds/ww2-world-1935-kme5,855,855,二战：1935世界,二战：1935世界,Cassiel Arlette,Cassiel Arlette,YES,YES,/zh-cn/worlds/ww2-world-1935-kme5,/zh-cn/worlds/ww2-world-1935-kme5
INTERSECTION,/worlds/ww2-world-1935-tu3y,145,145,二战：1935世界,二战：1935世界,Robert,Robert,YES,YES,/zh-cn/worlds/ww2-world-1935-tu3y,/zh-cn/worlds/ww2-world-1935-tu3y
INTERSECTION,/worlds/ww2-woye,447,447,二战模拟器,二战模拟器,913914826,913914826,YES,YES,/zh-cn/worlds/ww2-woye,/zh-cn/worlds/ww2-woye
INTERSECTION,/worlds/ww2-wqrx,47,47,二战模拟器,二战模拟器,Chupapimuñaño M.G.,Chupapimuñaño M.G.,YES,YES,/zh-cn/worlds/ww2-wqrx,/zh-cn/worlds/ww2-wqrx
INTERSECTION,/worlds/ww2-x3d1,640,640,二战模拟器 副本,二战模拟器 副本,Doris Zhang,Doris Zhang,YES,YES,/zh-cn/worlds/ww2-x3d1,/zh-cn/worlds/ww2-x3d1
INTERSECTION,/worlds/ww2-x6ni,376,376,二战模拟器 副本,二战模拟器 副本,Test2,Test2,YES,YES,/zh-cn/worlds/ww2-x6ni,/zh-cn/worlds/ww2-x6ni
INTERSECTION,/worlds/ww2-xnxi,458,458,ww2,ww2,Unknown Moser,Unknown Moser,YES,YES,/zh-cn/worlds/ww2-xnxi,/zh-cn/worlds/ww2-xnxi
INTERSECTION,/worlds/ww2-xq7x,363,363,二战模拟器,二战模拟器,Tiktok,Tiktok,YES,YES,/zh-cn/worlds/ww2-xq7x,/zh-cn/worlds/ww2-xq7x
INTERSECTION,/worlds/ww2-xwo2,182,182,二战模拟器 副本,二战模拟器 副本,Li Alan,Li Alan,YES,YES,/zh-cn/worlds/ww2-xwo2,/zh-cn/worlds/ww2-xwo2
INTERSECTION,/worlds/ww2-ycqw,747,747,二战模拟器,二战模拟器,Oriana Salina,Oriana Salina,YES,YES,/zh-cn/worlds/ww2-ycqw,/zh-cn/worlds/ww2-ycqw
INTERSECTION,/worlds/ww2-yu2l,487,487,Segunda Guerra Mundial: Mundo 1935 Copia,Segunda Guerra Mundial: Mundo 1935 Copia,Olivia prescott,Olivia prescott,YES,YES,/zh-cn/worlds/ww2-yu2l,/zh-cn/worlds/ww2-yu2l
INTERSECTION,/worlds/ww2-yzph,733,733,二战模拟器,二战模拟器,1695452957,1695452957,YES,YES,/zh-cn/worlds/ww2-yzph,/zh-cn/worlds/ww2-yzph
INTERSECTION,/worlds/ww2-z1ly,676,676,二战模拟器,二战模拟器,zhoufei00123,zhoufei00123,YES,YES,/zh-cn/worlds/ww2-z1ly,/zh-cn/worlds/ww2-z1ly
INTERSECTION,/worlds/ww2-zngk,344,344,二战模拟器,二战模拟器,q201116201116,q201116201116,YES,YES,/zh-cn/worlds/ww2-zngk,/zh-cn/worlds/ww2-zngk
INTERSECTION,/worlds/xian-dai-da-zhan-l-e-2026-93fa2b5e4bf1,618,618,现代大战略：2026,现代大战略：2026,3410395417,3410395417,YES,YES,/zh-cn/worlds/xian-dai-da-zhan-l-e-2026-93fa2b5e4bf1,/zh-cn/worlds/xian-dai-da-zhan-l-e-2026-93fa2b5e4bf1
INTERSECTION,/worlds/xian-dai-shi-jie-2026-0bhd,970,970,现代世界 2026,现代世界 2026,啊啊啊,啊啊啊,YES,YES,/zh-cn/worlds/xian-dai-shi-jie-2026-0bhd,/zh-cn/worlds/xian-dai-shi-jie-2026-0bhd
INTERSECTION,/worlds/xian-dai-shi-jie-2026-3kn1,1033,1033,现代世界 2026,现代世界 2026,2849867627,2849867627,YES,YES,/zh-cn/worlds/xian-dai-shi-jie-2026-3kn1,/zh-cn/worlds/xian-dai-shi-jie-2026-3kn1
INTERSECTION,/worlds/xian-dai-shi-jie-2026-cr99,943,943,现代世界 2026,现代世界 2026,2660027705,2660027705,YES,YES,/zh-cn/worlds/xian-dai-shi-jie-2026-cr99,/zh-cn/worlds/xian-dai-shi-jie-2026-cr99
INTERSECTION,/worlds/xian-dai-shi-jie-2026-fx6u,729,729,现代世界 2026,现代世界 2026,yun ma,yun ma,YES,YES,/zh-cn/worlds/xian-dai-shi-jie-2026-fx6u,/zh-cn/worlds/xian-dai-shi-jie-2026-fx6u
INTERSECTION,/worlds/xian-dai-shi-jie-2026-hxb6,1047,1047,现代世界 2026,现代世界 2026,3607326920,3607326920,YES,YES,/zh-cn/worlds/xian-dai-shi-jie-2026-hxb6,/zh-cn/worlds/xian-dai-shi-jie-2026-hxb6
INTERSECTION,/worlds/xian-dai-shi-jie-2026-t4w5,945,945,现代世界 2026,现代世界 2026,lkf13833546066,lkf13833546066,YES,YES,/zh-cn/worlds/xian-dai-shi-jie-2026-t4w5,/zh-cn/worlds/xian-dai-shi-jie-2026-t4w5
INTERSECTION,/worlds/xian-dai-shi-jie-2026-wytq,935,935,现代世界 2026,现代世界 2026,822209482,822209482,YES,YES,/zh-cn/worlds/xian-dai-shi-jie-2026-wytq,/zh-cn/worlds/xian-dai-shi-jie-2026-wytq
INTERSECTION,/worlds/xin-leng-zhan-2026-mo-ni-qi-yqi4,149,149,新冷战 2026 模拟器,新冷战 2026 模拟器,Jia Guo,Jia Guo,YES,YES,/zh-cn/worlds/xin-leng-zhan-2026-mo-ni-qi-yqi4,/zh-cn/worlds/xin-leng-zhan-2026-mo-ni-qi-yqi4
INTERSECTION,/worlds/yandere-simulador-boys-rivals-8897,75,75,Yandere Simulador—Boys Rivals,Yandere Simulador—Boys Rivals,blues,blues,YES,YES,/zh-cn/worlds/yandere-simulador-boys-rivals-8897,/zh-cn/worlds/yandere-simulador-boys-rivals-8897
INTERSECTION,/worlds/yi-ge-cun-dang-95ot,51,51,神启异世界版,神启异世界版,和,和,YES,YES,/zh-cn/worlds/yi-ge-cun-dang-95ot,/zh-cn/worlds/yi-ge-cun-dang-95ot
ONLY_ALL,/worlds/yi-se-lie-zong-li-mo-ni-qi-1cax,,1163,,以色列总理模拟器,,buranenergiya,,YES,,/zh-cn/worlds/yi-se-lie-zong-li-mo-ni-qi-1cax
ONLY_ALL,/worlds/yi-se-lie-zong-li-mo-ni-qi-wnck,,1095,,以色列总理模拟器,,buranenergiya,,YES,,/zh-cn/worlds/yi-se-lie-zong-li-mo-ni-qi-wnck
INTERSECTION,/worlds/yi-zhan-mo-ni-qi-vm94,324,324,一战模拟器,一战模拟器,3460599857,3460599857,YES,YES,/zh-cn/worlds/yi-zhan-mo-ni-qi-vm94,/zh-cn/worlds/yi-zhan-mo-ni-qi-vm94
ONLY_ALL,/worlds/ying-hua-gao-xiao-zhi-pei-yu-fu-cong-e4nt,,1123,,樱花高校：支配与服从,,2736534500,,YES,,/zh-cn/worlds/ying-hua-gao-xiao-zhi-pei-yu-fu-cong-e4nt
INTERSECTION,/worlds/yoliieew-8wus,791,791,Yoliieew,Yoliieew,Yollie,Yollie,YES,YES,/zh-cn/worlds/yoliieew-8wus,/zh-cn/worlds/yoliieew-8wus
INTERSECTION,/worlds/yong-bing-tuan-zhang-mo-ni-qi-a082d4a177d3,163,163,佣兵团长模拟器,佣兵团长模拟器,luoyixiang1994,luoyixiang1994,YES,YES,/zh-cn/worlds/yong-bing-tuan-zhang-mo-ni-qi-a082d4a177d3,/zh-cn/worlds/yong-bing-tuan-zhang-mo-ni-qi-a082d4a177d3
ONLY_ALL,/worlds/yong-gan-xin-shi-jie-2020-37cj,,1104,,勇敢新世界：2020,,星河鹭起,,YES,,/zh-cn/worlds/yong-gan-xin-shi-jie-2020-37cj
INTERSECTION,/worlds/yong-gan-xin-shi-jie-2020-5e1fb9,25,25,勇敢新世界：2020,勇敢新世界：2020,Kate Lee,Kate Lee,YES,YES,/zh-cn/worlds/yong-gan-xin-shi-jie-2020-5e1fb9,/zh-cn/worlds/yong-gan-xin-shi-jie-2020-5e1fb9
INTERSECTION,/worlds/young-justice-simulator-m4z3,100,100,少年正义联盟模拟器 S1,少年正义联盟模拟器 S1,Chisaki Kiri,Chisaki Kiri,YES,YES,/zh-cn/worlds/young-justice-simulator-m4z3,/zh-cn/worlds/young-justice-simulator-m4z3
INTERSECTION,/worlds/zhi-fang-zi-yu-ting-yi-hou-3c65f2,95,95,纸房子：雨停以后,纸房子：雨停以后,Kate Lee,Kate Lee,YES,YES,/zh-cn/worlds/zhi-fang-zi-yu-ting-yi-hou-3c65f2,/zh-cn/worlds/zhi-fang-zi-yu-ting-yi-hou-3c65f2
INTERSECTION,/worlds/zhong-shi-ji-qi-huan-rpg-shi-jie-xjjw,261,261,西方奇幻世界测试版,西方奇幻世界测试版,溫溫,溫溫,YES,YES,/zh-cn/worlds/zhong-shi-ji-qi-huan-rpg-shi-jie-xjjw,/zh-cn/worlds/zhong-shi-ji-qi-huan-rpg-shi-jie-xjjw
INTERSECTION,/worlds/zhong-shi-ji-sheng-huo-pf6a,983,983,⚔️ 中世纪生活 ⚔️,⚔️ 中世纪生活 ⚔️,qsd90,qsd90,YES,YES,/zh-cn/worlds/zhong-shi-ji-sheng-huo-pf6a,/zh-cn/worlds/zhong-shi-ji-sheng-huo-pf6a
INTERSECTION,/worlds/zhong-shi-ji-sheng-huo-smvf,442,442,⚔️ 中世纪生活 ⚔️,⚔️ 中世纪生活 ⚔️,3300840854,3300840854,YES,YES,/zh-cn/worlds/zhong-shi-ji-sheng-huo-smvf,/zh-cn/worlds/zhong-shi-ji-sheng-huo-smvf
INTERSECTION,/worlds/zhong-shi-ji-sheng-huo-ueqa,1050,1050,⚔️ 中世纪生活 ⚔️,⚔️ 中世纪生活 ⚔️,3322964978,3322964978,YES,YES,/zh-cn/worlds/zhong-shi-ji-sheng-huo-ueqa,/zh-cn/worlds/zhong-shi-ji-sheng-huo-ueqa
INTERSECTION,/worlds/zhong-zhou-zai-huo-yi-shi-mo-jie-zhi-zha-094de2,58,58,中土——魔戒之战,中土——魔戒之战,Kate Lee,Kate Lee,YES,YES,/zh-cn/worlds/zhong-zhou-zai-huo-yi-shi-mo-jie-zhi-zha-094de2,/zh-cn/worlds/zhong-zhou-zai-huo-yi-shi-mo-jie-zhi-zha-094de2
INTERSECTION,/worlds/zhu-bo-n-hai-zhong-du-yi-lai-needy-strea-3bb5,438,438,主播女孩重度依赖 (Needy Streamer Overload),主播女孩重度依赖 (Needy Streamer Overload),bjq20081220,bjq20081220,YES,YES,/zh-cn/worlds/zhu-bo-n-hai-zhong-du-yi-lai-needy-strea-3bb5,/zh-cn/worlds/zhu-bo-n-hai-zhong-du-yi-lai-needy-strea-3bb5
INTERSECTION,/worlds/zhu-bo-n-hai-zhong-du-yi-lai-p61f,968,968,主播女孩重度依赖,主播女孩重度依赖,3226452974,3226452974,YES,YES,/zh-cn/worlds/zhu-bo-n-hai-zhong-du-yi-lai-p61f,/zh-cn/worlds/zhu-bo-n-hai-zhong-du-yi-lai-p61f
ONLY_ALL,/worlds/zhu-yuan-zhang-zhen-de-xin-cheng-wei-wei-d39a5c,,1109,,我穿越到大明当县令,,Kate Lee,,YES,,/zh-cn/worlds/zhu-yuan-zhang-zhen-de-xin-cheng-wei-wei-d39a5c
