scope,rendered_order,title,creator,observed_world_href,canonical_world_href,preview_image_present,preview_image_src,preview_button_visible,world_detail_visible,use_this_map_visible,visible_genre_tag,other_card_visible_text,source_html
全部,1,鬼灭之刃模拟器,World101,/zh-cn/worlds/demon-slayer-simulator,/worlds/demon-slayer-simulator,YES,/maps/demon-slayer-japan.webp,YES,YES,YES,NOT_DISPLAYED,,/home/ubuntu/browser_html/worldos_cc_maps_1787653893171.html
全部,2,二战模拟器,World101,/zh-cn/worlds/ww2-1935,/worlds/ww2-1935,YES,https://qunsyxsdbqpinxyjqrqp.supabase.co/storage/v1/object/public/covers/6d0cdd49-7cbe-49b0-8d87-c4d248360881/map-previews/22222222-2222-2222-2222-222222222222.webp?v=23294,YES,YES,YES,NOT_DISPLAYED,,/home/ubuntu/browser_html/worldos_cc_maps_1787653893171.html
全部,3,三国模拟器,World101,/zh-cn/worlds/sanguo-warlords,/worlds/sanguo-warlords,YES,https://qunsyxsdbqpinxyjqrqp.supabase.co/storage/v1/object/public/covers/6d0cdd49-7cbe-49b0-8d87-c4d248360881/map-previews/f4a7d133-0a17-4000-8b00-000000000004.webp?v=48286,YES,YES,YES,NOT_DISPLAYED,,/home/ubuntu/browser_html/worldos_cc_maps_1787653893171.html
全部,4,权力的游戏模拟器(冰与火之歌),World101,/zh-cn/worlds/westeros,/worlds/westeros,YES,https://qunsyxsdbqpinxyjqrqp.supabase.co/storage/v1/object/public/covers/6d0cdd49-7cbe-49b0-8d87-c4d248360881/map-previews/a50f1c33-0a17-4000-8b00-000000000003.webp?v=5130,YES,YES,YES,NOT_DISPLAYED,,/home/ubuntu/browser_html/worldos_cc_maps_1787653893171.html
全部,5,《精灵宝可梦·万象旅途》,我好想爆,/zh-cn/worlds/jing-ling-bao-ke-meng-wan-xiang-l-tu-6abd61eb3a56,/worlds/jing-ling-bao-ke-meng-wan-xiang-l-tu-6abd61eb3a56,YES,https://qunsyxsdbqpinxyjqrqp.supabase.co/storage/v1/object/public/covers/ec732486-17ec-428a-9d22-0d7da8a01ee6/map-previews/1279b462-3e0c-48c6-9986-e647dbbc40c4.webp?v=36624,YES,YES,YES,NOT_DISPLAYED,,/home/ubuntu/browser_html/worldos_cc_maps_1787653893171.html
全部,6,现代世界 2026,World101,/zh-cn/worlds/modern-day-2026,/worlds/modern-day-2026,YES,https://qunsyxsdbqpinxyjqrqp.supabase.co/storage/v1/object/public/covers/6d0cdd49-7cbe-49b0-8d87-c4d248360881/map-previews/2026aaaa-0000-4000-8000-000000000001.webp?v=19310,YES,YES,YES,NOT_DISPLAYED,,/home/ubuntu/browser_html/worldos_cc_maps_1787653893171.html
全部,7,咒术回战世界-更多人物，更高自由！,123456,/zh-cn/worlds/jujutsu-350x,/worlds/jujutsu-350x,YES,https://qunsyxsdbqpinxyjqrqp.supabase.co/storage/v1/object/public/covers/e3899c58-3a5e-4a74-a18b-88e3caf9901f/map-previews/4d4d7273-b5cf-4a5f-879f-afd464ddefe5.webp?v=8034,YES,YES,YES,NOT_DISPLAYED,,/home/ubuntu/browser_html/worldos_cc_maps_1787653893171.html
全部,8,宝可梦 🔴,Sunnie,/zh-cn/worlds/pokemon-hjk6,/worlds/pokemon-hjk6,YES,https://qunsyxsdbqpinxyjqrqp.supabase.co/storage/v1/object/public/covers/ec732486-17ec-428a-9d22-0d7da8a01ee6/map-previews/1279b462-3e0c-48c6-9986-e647dbbc40c4.webp?v=36624,YES,YES,YES,NOT_DISPLAYED,,/home/ubuntu/browser_html/worldos_cc_maps_1787653893171.html
全部,9,⚔️ 中世纪生活 ⚔️,JT,/zh-cn/worlds/vida-medieval-4z7y,/worlds/vida-medieval-4z7y,YES,https://qunsyxsdbqpinxyjqrqp.supabase.co/storage/v1/object/public/covers/fbb3c935-209f-442b-982c-93e0e82b3fa9/map-previews/c191fa27-b6e3-4eef-9d40-e12a09244c6d.webp?v=70106,YES,YES,YES,NOT_DISPLAYED,,/home/ubuntu/browser_html/worldos_cc_maps_1787653893171.html
全部,10,DC宇宙,Guss,/zh-cn/worlds/dc-universe-u3g7,/worlds/dc-universe-u3g7,YES,https://qunsyxsdbqpinxyjqrqp.supabase.co/storage/v1/object/public/covers/fb282042-b921-4489-9f13-e699ec7bd34f/map-previews/770c4509-fea2-4df8-8e17-7e7861376bb1.webp?v=27998,YES,YES,YES,NOT_DISPLAYED,,/home/ubuntu/browser_html/worldos_cc_maps_1787653893171.html
全部,11,中世纪奇幻模拟器,Elías,/zh-cn/worlds/simulador-de-fantas-a-medieval-mhl5,/worlds/simulador-de-fantas-a-medieval-mhl5,YES,https://qunsyxsdbqpinxyjqrqp.supabase.co/storage/v1/object/public/covers/366d0e5e-fcac-4207-bb67-5fe29416c894/map-previews/6415e926-9c75-426f-9fd7-bb5ba3637c8f.webp?v=21292,YES,YES,YES,NOT_DISPLAYED,,/home/ubuntu/browser_html/worldos_cc_maps_1787653893171.html
全部,12,冷战模拟器,World101,/zh-cn/worlds/cold-war-1947,/worlds/cold-war-1947,YES,https://qunsyxsdbqpinxyjqrqp.supabase.co/storage/v1/object/public/covers/6d0cdd49-7cbe-49b0-8d87-c4d248360881/map-previews/c01d1947-0000-4000-8000-000000000001.webp?v=29408,YES,YES,YES,NOT_DISPLAYED,,/home/ubuntu/browser_html/worldos_cc_maps_1787653893171.html
全部,13,十字军之王3,World101,/zh-cn/worlds/crusader-kings-3,/worlds/crusader-kings-3,YES,https://qunsyxsdbqpinxyjqrqp.supabase.co/storage/v1/object/public/covers/6d0cdd49-7cbe-49b0-8d87-c4d248360881/map-previews/c5300000-0000-4000-8000-000000000001.webp?v=21704,YES,YES,YES,NOT_DISPLAYED,,/home/ubuntu/browser_html/worldos_cc_maps_1787653893171.html
全部,14,主播女孩重度依赖 (Needy Streamer Overload),World101,/zh-cn/worlds/needy-streamer-overload,/worlds/needy-streamer-overload,YES,https://qunsyxsdbqpinxyjqrqp.supabase.co/storage/v1/object/public/covers/6d0cdd49-7cbe-49b0-8d87-c4d248360881/map-previews/57a1da00-0000-4000-8b00-000000000001.webp?v=33316,YES,YES,YES,NOT_DISPLAYED,,/home/ubuntu/browser_html/worldos_cc_maps_1787653893171.html
全部,15,历史模拟器：崇祯,World101,/zh-cn/worlds/chongzhen,/worlds/chongzhen,YES,https://qunsyxsdbqpinxyjqrqp.supabase.co/storage/v1/object/public/covers/6d0cdd49-7cbe-49b0-8d87-c4d248360881/map-previews/c4302300-0000-4000-8000-000000000001.webp?v=45420,YES,YES,YES,NOT_DISPLAYED,,/home/ubuntu/browser_html/worldos_cc_maps_1787653893171.html
全部,16,鬼灭模拟器：鬼之视角,Val_,/zh-cn/worlds/demon-slayer-simulator-mj3t,/worlds/demon-slayer-simulator-mj3t,YES,https://qunsyxsdbqpinxyjqrqp.supabase.co/storage/v1/object/public/covers/6833fbfc-4fce-41ec-8ac1-f79c29fe4de3/map-previews/ba44dcdb-fbe0-44c6-899a-da178b8f0ee7.webp?v=8350,YES,YES,YES,NOT_DISPLAYED,,/home/ubuntu/browser_html/worldos_cc_maps_1787653893171.html
全部,17,1985：苏维埃危机,PinkyLatin,/zh-cn/worlds/1985-su-lian-wei-ji-mo-ni-vcuw,/worlds/1985-su-lian-wei-ji-mo-ni-vcuw,YES,https://qunsyxsdbqpinxyjqrqp.supabase.co/storage/v1/object/public/covers/19bd40ab-1219-4a57-84de-6a9541623146/map-previews/1ffaeae7-8af6-48a5-8b43-235500fcdb90.webp?v=23962,YES,YES,YES,NOT_DISPLAYED,,/home/ubuntu/browser_html/worldos_cc_maps_1787653893171.html
全部,18,₊˚‧ 索尼克世界 ˚.,ναʟ,/zh-cn/worlds/o-i-o-0rpv,/worlds/o-i-o-0rpv,YES,https://qunsyxsdbqpinxyjqrqp.supabase.co/storage/v1/object/public/covers/4fd2a52d-1b40-44d5-b9af-cc5e2c743340/map-previews/83d3ce0f-2d8f-499f-8bc8-c937fffa2c23.webp?v=42184,YES,YES,YES,NOT_DISPLAYED,,/home/ubuntu/browser_html/worldos_cc_maps_1787653893171.html
全部,19,鬼灭之刃,Nikkiiiii,/zh-cn/worlds/demon-slayer-kimetsu-no-yaiba-0mis,/worlds/demon-slayer-kimetsu-no-yaiba-0mis,YES,https://qunsyxsdbqpinxyjqrqp.supabase.co/storage/v1/object/public/covers/7fd0ecc4-f44a-4231-a7cc-753210434ca6/map-previews/0c396a8e-f51a-4717-a736-d8c9ab7acadb.webp?v=8350,YES,YES,YES,NOT_DISPLAYED,,/home/ubuntu/browser_html/worldos_cc_maps_1787653893171.html
全部,20,吻，吻，留堂,Patxina,/zh-cn/worlds/kiss-kiss-detention-xpwq,/worlds/kiss-kiss-detention-xpwq,YES,https://qunsyxsdbqpinxyjqrqp.supabase.co/storage/v1/object/public/covers/012ce406-7e6f-48a0-baf4-165ab2f0f1af/map-previews/c8561458-6299-4b37-8bcd-918fa537eb2b.webp?v=75170,YES,YES,YES,NOT_DISPLAYED,,/home/ubuntu/browser_html/worldos_cc_maps_1787653893171.html
全部,21,中世纪奇幻RPG世界,saiss,/zh-cn/worlds/simulador-de-rpg-de-fantas-a-medieval-tyb4,/worlds/simulador-de-rpg-de-fantas-a-medieval-tyb4,YES,https://qunsyxsdbqpinxyjqrqp.supabase.co/storage/v1/object/public/covers/a8219094-719f-40a5-8049-b9b3198b7d59/map-previews/b0d4ca9f-4444-4274-8e28-26810d7b1ff3.webp?v=101186,YES,YES,YES,NOT_DISPLAYED,,/home/ubuntu/browser_html/worldos_cc_maps_1787653893171.html
全部,22,恋上救生员,Patxina,/zh-cn/worlds/falling-for-the-lifeguard-h4y5,/worlds/falling-for-the-lifeguard-h4y5,YES,https://qunsyxsdbqpinxyjqrqp.supabase.co/storage/v1/object/public/covers/012ce406-7e6f-48a0-baf4-165ab2f0f1af/map-previews/4120bc16-b736-4e8f-a690-fcc270b9c92a.webp?v=112210,YES,YES,YES,NOT_DISPLAYED,,/home/ubuntu/browser_html/worldos_cc_maps_1787653893171.html
全部,23,一战模拟器,World101,/zh-cn/worlds/ww1-1914,/worlds/ww1-1914,YES,https://qunsyxsdbqpinxyjqrqp.supabase.co/storage/v1/object/public/covers/6d0cdd49-7cbe-49b0-8d87-c4d248360881/map-previews/19140000-0000-4000-8000-000000000001.webp?v=26972,YES,YES,YES,NOT_DISPLAYED,,/home/ubuntu/browser_html/worldos_cc_maps_1787653893171.html
全部,24,侦探之心,Patxina,/zh-cn/worlds/a-detective-s-heart-a7mf,/worlds/a-detective-s-heart-a7mf,YES,https://qunsyxsdbqpinxyjqrqp.supabase.co/storage/v1/object/public/covers/012ce406-7e6f-48a0-baf4-165ab2f0f1af/map-previews/4f6df855-4071-47bf-b07d-81981342b0b5.webp?v=43428,YES,YES,YES,NOT_DISPLAYED,,/home/ubuntu/browser_html/worldos_cc_maps_1787653893171.html
全部,25,勇敢新世界：2020,Kate Lee,/zh-cn/worlds/yong-gan-xin-shi-jie-2020-5e1fb9,/worlds/yong-gan-xin-shi-jie-2020-5e1fb9,YES,https://qunsyxsdbqpinxyjqrqp.supabase.co/storage/v1/object/public/covers/6d6ac739-b0e5-4a7b-ac15-b07c0b149a9d/map-previews/f729a58f-a7c1-4042-bca9-5e8f6c4749c8.webp?v=20364,YES,YES,YES,NOT_DISPLAYED,,/home/ubuntu/browser_html/worldos_cc_maps_1787653893171.html
全部,26,战国模拟器,World101,/zh-cn/worlds/warring-states,/worlds/warring-states,YES,https://qunsyxsdbqpinxyjqrqp.supabase.co/storage/v1/object/public/covers/6d0cdd49-7cbe-49b0-8d87-c4d248360881/warring-states/map.webp,YES,YES,YES,NOT_DISPLAYED,,/home/ubuntu/browser_html/worldos_cc_maps_1787653893171.html
全部,27,十字军之王：法兰西,World101,/zh-cn/worlds/crusader-kings,/worlds/crusader-kings,YES,https://qunsyxsdbqpinxyjqrqp.supabase.co/storage/v1/object/public/covers/6d0cdd49-7cbe-49b0-8d87-c4d248360881/map-previews/c5300000-0000-4000-8000-000000000001.webp?v=21704,YES,YES,YES,NOT_DISPLAYED,,/home/ubuntu/browser_html/worldos_cc_maps_1787653893171.html
全部,28,权力的游戏：血龙狂舞,Naiara Diaz,/zh-cn/worlds/a-game-of-thrones-dance-of-the-dragons-bqve,/worlds/a-game-of-thrones-dance-of-the-dragons-bqve,YES,https://qunsyxsdbqpinxyjqrqp.supabase.co/storage/v1/object/public/covers/6d0cdd49-7cbe-49b0-8d87-c4d248360881/map-previews/a50f1c33-0a17-4000-8b00-000000000003.webp?v=5130,YES,YES,YES,NOT_DISPLAYED,,/home/ubuntu/browser_html/worldos_cc_maps_1787653893171.html
全部,29,上古卷轴：龙裔,nibrubil,/zh-cn/worlds/the-elder-scrolls-v-skyrim-h1n2,/worlds/the-elder-scrolls-v-skyrim-h1n2,YES,https://qunsyxsdbqpinxyjqrqp.supabase.co/storage/v1/object/public/covers/2611f361-605e-46b0-99f5-66f4d8a7a77d/map-previews/7921aced-811a-4673-b320-cefa528202a5.webp?v=63318,YES,YES,YES,NOT_DISPLAYED,,/home/ubuntu/browser_html/worldos_cc_maps_1787653893171.html
全部,30,降世神通：最后的气宗,vicarrero0207,/zh-cn/worlds/avatar-la-leyenda-de-aang-0eet,/worlds/avatar-la-leyenda-de-aang-0eet,YES,https://qunsyxsdbqpinxyjqrqp.supabase.co/storage/v1/object/public/covers/2ae24dc5-6fae-4b80-b733-61228ced3275/map-previews/33ffc0d5-68de-4bbf-93e6-25dfdff90172.webp?v=81004,YES,YES,YES,NOT_DISPLAYED,,/home/ubuntu/browser_html/worldos_cc_maps_1787653893171.html
全部,31,蝙蝠家族大冒险,YeviTheCat,/zh-cn/worlds/batfamily-adventures-1j9v,/worlds/batfamily-adventures-1j9v,YES,https://qunsyxsdbqpinxyjqrqp.supabase.co/storage/v1/object/public/covers/896ef9fe-7ab0-46d8-8da5-2f9d5af1413a/map-previews/f5d5aa5a-0c9d-43d9-97d5-47656d69a265.webp?v=83596,YES,YES,YES,NOT_DISPLAYED,,/home/ubuntu/browser_html/worldos_cc_maps_1787653893171.html
全部,32,三国浮生录·列女传,World101,/zh-cn/worlds/three-kingdoms-otome,/worlds/three-kingdoms-otome,YES,https://qunsyxsdbqpinxyjqrqp.supabase.co/storage/v1/object/public/covers/6d0cdd49-7cbe-49b0-8d87-c4d248360881/map-previews/b2c3d4e5-0a17-4000-8b00-000000000052.webp?v=48294,YES,YES,YES,NOT_DISPLAYED,,/home/ubuntu/browser_html/worldos_cc_maps_1787653893171.html
全部,33,星球大战模拟器,ztlllll,/zh-cn/worlds/star-wars-simulator,/worlds/star-wars-simulator,YES,https://qunsyxsdbqpinxyjqrqp.supabase.co/storage/v1/object/public/covers/6d0cdd49-7cbe-49b0-8d87-c4d248360881/map-previews/c3a0f2d4-8b1e-4e5a-9c6d-1a2b3c4d5e6f.webp?v=8352,YES,YES,YES,NOT_DISPLAYED,,/home/ubuntu/browser_html/worldos_cc_maps_1787653893171.html
全部,34,南北战争模拟器,World101,/zh-cn/worlds/american-civil-war,/worlds/american-civil-war,YES,https://qunsyxsdbqpinxyjqrqp.supabase.co/storage/v1/object/public/covers/6d0cdd49-7cbe-49b0-8d87-c4d248360881/map-previews/c1710000-0000-4000-8000-000000000001.webp?v=25546,YES,YES,YES,NOT_DISPLAYED,,/home/ubuntu/browser_html/worldos_cc_maps_1787653893171.html
全部,35,龙之舞（火与血）,made33,/zh-cn/worlds/westeros-jpnd,/worlds/westeros-jpnd,YES,https://qunsyxsdbqpinxyjqrqp.supabase.co/storage/v1/object/public/covers/2dec12a0-2db5-4ae3-9f53-73e9c5f1f8a1/map-previews/7914f7d9-3b55-448c-81be-9a4d61953319.webp?v=5142,YES,YES,YES,NOT_DISPLAYED,,/home/ubuntu/browser_html/worldos_cc_maps_1787653893171.html
全部,36,饥饿游戏模拟器,kelstrack10,/zh-cn/worlds/hunger-games-simulator-hasl,/worlds/hunger-games-simulator-hasl,YES,https://qunsyxsdbqpinxyjqrqp.supabase.co/storage/v1/object/public/covers/74740b8a-b33e-4979-81e6-518573fd4b37/map-previews/fee5c69e-8611-4c47-8987-52ad8267e773.webp?v=32482,YES,YES,YES,NOT_DISPLAYED,,/home/ubuntu/browser_html/worldos_cc_maps_1787653893171.html
全部,37,墨西哥总统模拟器,Smile1,/zh-cn/worlds/simulador-de-presidente-de-m-xico-szsr,/worlds/simulador-de-presidente-de-m-xico-szsr,YES,https://qunsyxsdbqpinxyjqrqp.supabase.co/storage/v1/object/public/covers/27cc37b9-779c-4bd1-b51b-73fd6f8bf34a/map-previews/cf4f30a3-c82e-4de7-9ac3-51c27457c863.webp?v=24906,YES,YES,YES,NOT_DISPLAYED,,/home/ubuntu/browser_html/worldos_cc_maps_1787653893171.html
全部,38,甜心校园 (Sweet Amoris),offfline,/zh-cn/worlds/sweet-amoris-instituto-corazon-de-melon-dpe4,/worlds/sweet-amoris-instituto-corazon-de-melon-dpe4,YES,https://qunsyxsdbqpinxyjqrqp.supabase.co/storage/v1/object/public/covers/b664f0a5-7b1c-4372-a2ab-789a96835754/map-previews/f834e575-5167-4b8f-9db9-639d50dce25f.webp?v=46384,YES,YES,YES,NOT_DISPLAYED,,/home/ubuntu/browser_html/worldos_cc_maps_1787653893171.html
全部,39,文明模拟器,World101,/zh-cn/worlds/civilization-simulator,/worlds/civilization-simulator,NO,,YES,YES,YES,NOT_DISPLAYED,,/home/ubuntu/browser_html/worldos_cc_maps_1787653893171.html
全部,40,潘多拉,Tobias Torres,/zh-cn/worlds/pandora-smjz,/worlds/pandora-smjz,YES,https://qunsyxsdbqpinxyjqrqp.supabase.co/storage/v1/object/public/covers/6ccfc3fe-7124-4772-a1de-b7dec348e62b/map-previews/8387aa4a-e660-431d-9b9a-4e0b691368dc.webp?v=72414,YES,YES,YES,NOT_DISPLAYED,,/home/ubuntu/browser_html/worldos_cc_maps_1787653893171.html
全部,41,原神,eva duran,/zh-cn/worlds/genshin-impact-md6n,/worlds/genshin-impact-md6n,YES,https://qunsyxsdbqpinxyjqrqp.supabase.co/storage/v1/object/public/covers/8c0df451-dce6-4d3e-b482-fcf0933a7f85/map-previews/0141b035-b18b-400f-8d7d-7b931f3de853.webp?v=26846,YES,YES,YES,NOT_DISPLAYED,,/home/ubuntu/browser_html/worldos_cc_maps_1787653893171.html
全部,42,Crusader Kings 3_gpt 5.6 优化,wwwwwwen,/zh-cn/worlds/crusader-kings-3-sj9t,/worlds/crusader-kings-3-sj9t,YES,https://qunsyxsdbqpinxyjqrqp.supabase.co/storage/v1/object/public/covers/b4303060-0a4d-4f44-b9af-a71ed8bd45dc/map-previews/acd060f0-529c-4d65-900c-64abbd196f8f.webp?v=21704,YES,YES,YES,NOT_DISPLAYED,,/home/ubuntu/browser_html/worldos_cc_maps_1787653893171.html
全部,43,说服疯狂偶像放你走,ShellRhyme89163,/zh-cn/worlds/convince-the-crazy-idol-to-let-you-out-whqr,/worlds/convince-the-crazy-idol-to-let-you-out-whqr,YES,https://qunsyxsdbqpinxyjqrqp.supabase.co/storage/v1/object/public/covers/882e3ac5-ee67-406e-b528-2cf8c055221f/map-previews/91f1b37d-23dd-49d7-abe4-ba7c4b87f4c4.webp?v=17008,YES,YES,YES,NOT_DISPLAYED,,/home/ubuntu/browser_html/worldos_cc_maps_1787653893171.html
全部,44,Mobile Legend,D:,/zh-cn/worlds/mobile-legend-6rde,/worlds/mobile-legend-6rde,YES,https://qunsyxsdbqpinxyjqrqp.supabase.co/storage/v1/object/public/covers/00094867-6dc3-4e56-9fdd-159be998c5de/map-previews/0178e177-f8dd-4d40-885a-bb5c30824456.webp?v=21668,YES,YES,YES,NOT_DISPLAYED,,/home/ubuntu/browser_html/worldos_cc_maps_1787653893171.html
全部,45,轻声呢喃 (Metal Family),yumenushii,/zh-cn/worlds/sotto-voce-pzh5,/worlds/sotto-voce-pzh5,YES,https://qunsyxsdbqpinxyjqrqp.supabase.co/storage/v1/object/public/covers/02521fb9-bc2b-4455-8e51-0c9072328188/map-previews/b6f3f7bc-2326-4c04-86c6-8bde8a4a8c4e.webp?v=74248,YES,YES,YES,NOT_DISPLAYED,,/home/ubuntu/browser_html/worldos_cc_maps_1787653893171.html
全部,46,宝可梦 🔴 副本,Coquiyo,/zh-cn/worlds/pokemon-jr8l,/worlds/pokemon-jr8l,YES,https://qunsyxsdbqpinxyjqrqp.supabase.co/storage/v1/object/public/covers/ec732486-17ec-428a-9d22-0d7da8a01ee6/map-previews/1279b462-3e0c-48c6-9986-e647dbbc40c4.webp?v=36624,YES,YES,YES,NOT_DISPLAYED,,/home/ubuntu/browser_html/worldos_cc_maps_1787653893171.html
全部,47,二战模拟器,Chupapimuñaño M.G.,/zh-cn/worlds/ww2-wqrx,/worlds/ww2-wqrx,YES,https://qunsyxsdbqpinxyjqrqp.supabase.co/storage/v1/object/public/covers/41419ef9-206f-4e66-9916-2a59517f5b60/map-previews/db23eec8-747f-4048-b11a-64c3fe964fab.webp?v=23238,YES,YES,YES,NOT_DISPLAYED,,/home/ubuntu/browser_html/worldos_cc_maps_1787653893171.html
全部,48,Los Juegos del Hambre,MAR_grld,/zh-cn/worlds/los-juegos-del-hambre-lbgd,/worlds/los-juegos-del-hambre-lbgd,YES,https://qunsyxsdbqpinxyjqrqp.supabase.co/storage/v1/object/public/covers/80af65e4-1023-4752-8953-8f3faece08cf/map-previews/6db36e55-e64e-4cf2-9065-d3e06e53ace0.webp?v=28408,YES,YES,YES,NOT_DISPLAYED,,/home/ubuntu/browser_html/worldos_cc_maps_1787653893171.html
全部,49,无敌：平民之路,Kate Lee,/zh-cn/worlds/invincible-ordinary-life-impossible-powe-737265,/worlds/invincible-ordinary-life-impossible-powe-737265,YES,https://qunsyxsdbqpinxyjqrqp.supabase.co/storage/v1/object/public/covers/6d6ac739-b0e5-4a7b-ac15-b07c0b149a9d/map-previews/66e1ba1c-e74a-4ece-b0c8-f2166ed27e2b.webp?v=17312,YES,YES,YES,NOT_DISPLAYED,,/home/ubuntu/browser_html/worldos_cc_maps_1787653893171.html
全部,50,鬼灭之刃模拟器,Ka roji,/zh-cn/worlds/demon-slayer-simulator-2p89,/worlds/demon-slayer-simulator-2p89,YES,https://qunsyxsdbqpinxyjqrqp.supabase.co/storage/v1/object/public/covers/43ffe5ac-bc14-4f16-9586-c23ebe66c285/map-previews/a28e4c97-0fc3-4226-812d-c1bd523661f0.webp?v=8350,YES,YES,YES,NOT_DISPLAYED,,/home/ubuntu/browser_html/worldos_cc_maps_1787653893171.html
全部,51,神启异世界版,和,/zh-cn/worlds/yi-ge-cun-dang-95ot,/worlds/yi-ge-cun-dang-95ot,YES,https://qunsyxsdbqpinxyjqrqp.supabase.co/storage/v1/object/public/covers/2e4e4656-68a3-4c31-91fd-6ecc0ba1d89e/map-previews/41b48a6c-7c68-485e-b49a-e922d1c298e0.webp?v=26012,YES,YES,YES,NOT_DISPLAYED,,/home/ubuntu/browser_html/worldos_cc_maps_1787653893171.html
全部,52,《精灵宝可梦》·万象旅途,琉璃月,/zh-cn/worlds/jing-ling-bao-ke-meng-wan-xiang-l-tu-6ab-4bzo,/worlds/jing-ling-bao-ke-meng-wan-xiang-l-tu-6ab-4bzo,YES,https://qunsyxsdbqpinxyjqrqp.supabase.co/storage/v1/object/public/covers/ec732486-17ec-428a-9d22-0d7da8a01ee6/map-previews/1279b462-3e0c-48c6-9986-e647dbbc40c4.webp?v=36624,YES,YES,YES,NOT_DISPLAYED,,/home/ubuntu/browser_html/worldos_cc_maps_1787653893171.html
全部,53,塞尔达传说：灾厄启示录背景篇,Abi Wayne,/zh-cn/worlds/the-legend-of-zelda-aoc-ambiented-91fg,/worlds/the-legend-of-zelda-aoc-ambiented-91fg,YES,https://qunsyxsdbqpinxyjqrqp.supabase.co/storage/v1/object/public/covers/cb43f624-dd2c-4f67-b1e4-4e34e2e0f31a/map-previews/1345f648-cea7-45d5-8f16-88f91f89d625.webp?v=32362,YES,YES,YES,NOT_DISPLAYED,,/home/ubuntu/browser_html/worldos_cc_maps_1787653893171.html
全部,54,都市 (Project Moon),facha sipo,/zh-cn/worlds/the-city-project-moon-w68x,/worlds/the-city-project-moon-w68x,YES,https://qunsyxsdbqpinxyjqrqp.supabase.co/storage/v1/object/public/covers/faab4a31-327e-4cff-a57a-e66729523f70/map-previews/330a3693-9a4e-466e-b5ef-f038b3eea507.webp?v=30400,YES,YES,YES,NOT_DISPLAYED,,/home/ubuntu/browser_html/worldos_cc_maps_1787653893171.html
全部,55,1946与冷战,Kate Lee,/zh-cn/worlds/1946-and-cold-war-21cb31,/worlds/1946-and-cold-war-21cb31,YES,https://qunsyxsdbqpinxyjqrqp.supabase.co/storage/v1/object/public/covers/6d6ac739-b0e5-4a7b-ac15-b07c0b149a9d/map-previews/82b5abbd-4889-433b-a2e3-e196eae05d6b.webp?v=15366,YES,YES,YES,NOT_DISPLAYED,,/home/ubuntu/browser_html/worldos_cc_maps_1787653893171.html
全部,56,恋与深空：蟑螂大作战,Sakura,/zh-cn/worlds/chong-sheng-zhi-wo-bian-cheng-nan-you-ji-j1nj,/worlds/chong-sheng-zhi-wo-bian-cheng-nan-you-ji-j1nj,YES,https://qunsyxsdbqpinxyjqrqp.supabase.co/storage/v1/object/public/covers/b299952d-32af-48e8-8eaa-850e3640308d/map-previews/c4445efe-ede0-4f33-bed5-2f48de213e63.webp?v=834,YES,YES,YES,NOT_DISPLAYED,,/home/ubuntu/browser_html/worldos_cc_maps_1787653893171.html
全部,57,Simulador de Demon Slayer (Versión español y mejorada),GISELLE,/zh-cn/worlds/demon-slayer-simulator-szed,/worlds/demon-slayer-simulator-szed,YES,https://qunsyxsdbqpinxyjqrqp.supabase.co/storage/v1/object/public/covers/9eb10afd-16b6-4c92-9621-873c90a660f3/map-previews/efb1914a-f410-47bf-a4b1-e50c5ae9fa01.webp?v=8350,YES,YES,YES,NOT_DISPLAYED,,/home/ubuntu/browser_html/worldos_cc_maps_1787653893171.html
全部,58,中土——魔戒之战,Kate Lee,/zh-cn/worlds/zhong-zhou-zai-huo-yi-shi-mo-jie-zhi-zha-094de2,/worlds/zhong-zhou-zai-huo-yi-shi-mo-jie-zhi-zha-094de2,YES,https://qunsyxsdbqpinxyjqrqp.supabase.co/storage/v1/object/public/covers/6d6ac739-b0e5-4a7b-ac15-b07c0b149a9d/map-previews/c6f6361f-d3c6-42ba-ad11-1f991604abcd.webp?v=49600,YES,YES,YES,NOT_DISPLAYED,,/home/ubuntu/browser_html/worldos_cc_maps_1787653893171.html
全部,59,布尔沃斯学院,Eskabiado,/zh-cn/worlds/bullworth-academy-simulator-vlb6,/worlds/bullworth-academy-simulator-vlb6,YES,https://qunsyxsdbqpinxyjqrqp.supabase.co/storage/v1/object/public/covers/131dd90b-f867-41a5-949e-86fc1b827253/map-previews/d921eb9e-a1f8-46b4-ae5a-69e1a0bf0c1c.webp?v=44978,YES,YES,YES,NOT_DISPLAYED,,/home/ubuntu/browser_html/worldos_cc_maps_1787653893171.html
全部,60,Gotham City,Guss,/zh-cn/worlds/gotham-city-uax4,/worlds/gotham-city-uax4,YES,https://qunsyxsdbqpinxyjqrqp.supabase.co/storage/v1/object/public/covers/fb282042-b921-4489-9f13-e699ec7bd34f/map-previews/a815dc36-5fa6-4e7f-91eb-57ead75083c2.webp?v=83712,YES,YES,YES,NOT_DISPLAYED,,/home/ubuntu/browser_html/worldos_cc_maps_1787653893171.html
全部,61,DC宇宙,Bunyy,/zh-cn/worlds/dc-universe-l30a,/worlds/dc-universe-l30a,YES,https://qunsyxsdbqpinxyjqrqp.supabase.co/storage/v1/object/public/covers/fb282042-b921-4489-9f13-e699ec7bd34f/map-previews/770c4509-fea2-4df8-8e17-7e7861376bb1.webp?v=27998,YES,YES,YES,NOT_DISPLAYED,,/home/ubuntu/browser_html/worldos_cc_maps_1787653893171.html
全部,62,华夏历史纪元模拟器,365105779,/zh-cn/worlds/hua-xia-li-shi-ji-yuan-mo-ni-qi-6718b4724853,/worlds/hua-xia-li-shi-ji-yuan-mo-ni-qi-6718b4724853,YES,https://qunsyxsdbqpinxyjqrqp.supabase.co/storage/v1/object/public/covers/6d0cdd49-7cbe-49b0-8d87-c4d248360881/map-previews/c4302300-0000-4000-8000-000000000001.webp?v=45420,YES,YES,YES,NOT_DISPLAYED,,/home/ubuntu/browser_html/worldos_cc_maps_1787653893171.html
全部,63,Demon Slayer Simulator Copy,Amanda-313d77,/zh-cn/worlds/demon-slayer-simulator-wvc1,/worlds/demon-slayer-simulator-wvc1,YES,/maps/demon-slayer-japan.webp,YES,YES,YES,NOT_DISPLAYED,,/home/ubuntu/browser_html/worldos_cc_maps_1787653893171.html
全部,64,龙之屋,Juegos,/zh-cn/worlds/house-of-the-dragons-vx13,/worlds/house-of-the-dragons-vx13,YES,https://qunsyxsdbqpinxyjqrqp.supabase.co/storage/v1/object/public/covers/6d0cdd49-7cbe-49b0-8d87-c4d248360881/map-previews/a50f1c33-0a17-4000-8b00-000000000003.webp?v=5130,YES,YES,YES,NOT_DISPLAYED,,/home/ubuntu/browser_html/worldos_cc_maps_1787653893171.html
全部,65,Academia Elysium,Hedatte,/zh-cn/worlds/instituto-de-chicos-s8s5,/worlds/instituto-de-chicos-s8s5,YES,https://qunsyxsdbqpinxyjqrqp.supabase.co/storage/v1/object/public/covers/83c9157a-123c-426a-bf7f-93653d4b2c67/map-previews/4ce8f1cd-59d4-4cfd-b872-b4cbde87eb60.webp?v=83766,YES,YES,YES,NOT_DISPLAYED,,/home/ubuntu/browser_html/worldos_cc_maps_1787653893171.html
全部,66,现代世界 2026,buranenergiya,/zh-cn/worlds/modern-day-8cge,/worlds/modern-day-8cge,YES,https://qunsyxsdbqpinxyjqrqp.supabase.co/storage/v1/object/public/covers/e007fee4-bc9a-4758-84fc-e1d3049a3cf6/map-previews/540fe692-1a13-405e-9000-2f1a4fa97e66.webp?v=19364,YES,YES,YES,NOT_DISPLAYED,,/home/ubuntu/browser_html/worldos_cc_maps_1787653893171.html
全部,67,Demon Slayer: El Latido de la Serpiente (+18),LEGACY,/zh-cn/worlds/demon-slayer-el-latido-de-la-serpiente-1-mlrx,/worlds/demon-slayer-el-latido-de-la-serpiente-1-mlrx,YES,https://qunsyxsdbqpinxyjqrqp.supabase.co/storage/v1/object/public/covers/61d836eb-36f0-432d-97b2-0fb15c3179c8/map-previews/00c8a46e-008e-4f95-9462-932bc33950ec.webp?v=8350,YES,YES,YES,NOT_DISPLAYED,,/home/ubuntu/browser_html/worldos_cc_maps_1787653893171.html
全部,68,学兰学院,Faku Candia,/zh-cn/worlds/instituto-gakuran-0e7d,/worlds/instituto-gakuran-0e7d,YES,https://qunsyxsdbqpinxyjqrqp.supabase.co/storage/v1/object/public/covers/78ca0087-ea2d-4ddd-b764-b6097b5a29ac/map-previews/326b75db-15ad-4d6e-a743-5a1747ff045c.webp?v=144736,YES,YES,YES,NOT_DISPLAYED,,/home/ubuntu/browser_html/worldos_cc_maps_1787653893171.html
全部,69,以太王国 (Kingdom Aetherius),samm.,/zh-cn/worlds/kingdom-aetherius-2mow,/worlds/kingdom-aetherius-2mow,YES,https://qunsyxsdbqpinxyjqrqp.supabase.co/storage/v1/object/public/covers/e9fe5645-3376-4849-a029-77f0c6b5838d/map-previews/91d5d374-a922-43c5-9ec4-ba1ac7104f12.webp?v=70268,YES,YES,YES,NOT_DISPLAYED,,/home/ubuntu/browser_html/worldos_cc_maps_1787653893171.html
全部,70,阿凡达：潘多拉边境模拟器,P_pax,/zh-cn/worlds/avatar-fronteras-de-pandora-simulator-bdd489b0e6aa,/worlds/avatar-fronteras-de-pandora-simulator-bdd489b0e6aa,YES,https://qunsyxsdbqpinxyjqrqp.supabase.co/storage/v1/object/public/covers/b0aa8964-64ff-4253-b09c-addee02e8cd8/map-previews/83f056a3-ea3f-4ef5-877b-6044be12a9f0.webp?v=69640,YES,YES,YES,NOT_DISPLAYED,,/home/ubuntu/browser_html/worldos_cc_maps_1787653893171.html
全部,71,三国浮生录,pansharemm,/zh-cn/worlds/san-guo-fu-sheng-lu-lie-n-chuan-0r7i,/worlds/san-guo-fu-sheng-lu-lie-n-chuan-0r7i,YES,https://qunsyxsdbqpinxyjqrqp.supabase.co/storage/v1/object/public/covers/6d0cdd49-7cbe-49b0-8d87-c4d248360881/map-previews/c852e433-b015-4650-9482-ad5728b5935b.webp?v=48286,YES,YES,YES,NOT_DISPLAYED,,/home/ubuntu/browser_html/worldos_cc_maps_1787653893171.html
全部,72,大明 寒门举人,oho!,/zh-cn/worlds/da-ming-han-men-ju-ren-z0pq,/worlds/da-ming-han-men-ju-ren-z0pq,YES,https://qunsyxsdbqpinxyjqrqp.supabase.co/storage/v1/object/public/covers/6d0cdd49-7cbe-49b0-8d87-c4d248360881/map-previews/c4302300-0000-4000-8000-000000000001.webp?v=45420,YES,YES,YES,NOT_DISPLAYED,,/home/ubuntu/browser_html/worldos_cc_maps_1787653893171.html
全部,73,鬼灭之刃模拟器,World101,/zh-cn/worlds/demon-slayer-simulator-yb0s,/worlds/demon-slayer-simulator-yb0s,YES,/maps/demon-slayer-japan.webp,YES,YES,YES,NOT_DISPLAYED,,/home/ubuntu/browser_html/worldos_cc_maps_1787653893171.html
全部,74,WW2: World 1935 Copy,Vincent Chambers,/zh-cn/worlds/ww2-4k9j,/worlds/ww2-4k9j,YES,https://qunsyxsdbqpinxyjqrqp.supabase.co/storage/v1/object/public/covers/41419ef9-206f-4e66-9916-2a59517f5b60/map-previews/db23eec8-747f-4048-b11a-64c3fe964fab.webp?v=23238,YES,YES,YES,NOT_DISPLAYED,,/home/ubuntu/browser_html/worldos_cc_maps_1787653893171.html
全部,75,Yandere Simulador—Boys Rivals,blues,/zh-cn/worlds/yandere-simulador-boys-rivals-8897,/worlds/yandere-simulador-boys-rivals-8897,YES,https://qunsyxsdbqpinxyjqrqp.supabase.co/storage/v1/object/public/covers/fd9084dc-74f7-45a5-879d-6fd2e1ba86d8/map-previews/17c99c9d-92a6-4740-9bf1-c3420165c2b5.webp?v=48554,YES,YES,YES,NOT_DISPLAYED,,/home/ubuntu/browser_html/worldos_cc_maps_1787653893171.html
全部,76,《精灵宝可梦》·万象旅途,512094737,/zh-cn/worlds/jing-ling-bao-ke-meng-wan-xiang-l-tu-6ab-ks53,/worlds/jing-ling-bao-ke-meng-wan-xiang-l-tu-6ab-ks53,YES,https://qunsyxsdbqpinxyjqrqp.supabase.co/storage/v1/object/public/covers/ec732486-17ec-428a-9d22-0d7da8a01ee6/map-previews/1279b462-3e0c-48c6-9986-e647dbbc40c4.webp?v=36624,YES,YES,YES,NOT_DISPLAYED,,/home/ubuntu/browser_html/worldos_cc_maps_1787653893171.html
全部,77,权力的游戏：冰与火之歌（同人版）,Aismar aquino,/zh-cn/worlds/westeros-ri15,/worlds/westeros-ri15,YES,https://qunsyxsdbqpinxyjqrqp.supabase.co/storage/v1/object/public/covers/efbf709d-c76d-43a1-a98c-1589627cc84d/map-previews/881c9442-a027-4df8-8fed-bf1594cf19b4.webp?v=5142,YES,YES,YES,NOT_DISPLAYED,,/home/ubuntu/browser_html/worldos_cc_maps_1787653893171.html
全部,78,Sans AUs,Krist,/zh-cn/worlds/sans-au-s-11d6,/worlds/sans-au-s-11d6,YES,https://qunsyxsdbqpinxyjqrqp.supabase.co/storage/v1/object/public/covers/d7a1416a-397f-4ad6-b2f2-b153346e047c/map-previews/e0e4232f-4142-4bf5-990e-35ef793559d0.webp?v=33740,YES,YES,YES,NOT_DISPLAYED,,/home/ubuntu/browser_html/worldos_cc_maps_1787653893171.html
全部,79,Welcome to the Mega Pizzaplex! (AU),YeviTheCat,/zh-cn/worlds/welcome-to-the-mega-pizzaplex-au-zqrr,/worlds/welcome-to-the-mega-pizzaplex-au-zqrr,YES,https://qunsyxsdbqpinxyjqrqp.supabase.co/storage/v1/object/public/covers/896ef9fe-7ab0-46d8-8da5-2f9d5af1413a/map-previews/ed189d15-0f6c-49a6-abbc-bf0ce5676ba2.webp?v=54460,YES,YES,YES,NOT_DISPLAYED,,/home/ubuntu/browser_html/worldos_cc_maps_1787653893171.html
全部,80,时空废墟：魔法少女小圆（测试版）,alalcon 001,/zh-cn/worlds/ruina-temporal-simulador-cv2u,/worlds/ruina-temporal-simulador-cv2u,YES,https://qunsyxsdbqpinxyjqrqp.supabase.co/storage/v1/object/public/covers/1e127032-183b-450b-bbcb-e94f681e5cd0/map-previews/3a80fcb1-193f-4247-9f5e-f25bf37b46da.webp?v=82022,YES,YES,YES,NOT_DISPLAYED,,/home/ubuntu/browser_html/worldos_cc_maps_1787653893171.html
全部,81,上古卷轴：四纪元裂变,Kate Lee,/zh-cn/worlds/skyrim-the-fractured-fourth-era-2c1a70,/worlds/skyrim-the-fractured-fourth-era-2c1a70,YES,https://qunsyxsdbqpinxyjqrqp.supabase.co/storage/v1/object/public/covers/6d6ac739-b0e5-4a7b-ac15-b07c0b149a9d/map-previews/10405977-4753-4205-af25-1560d4b556b7.webp?v=69446,YES,YES,YES,NOT_DISPLAYED,,/home/ubuntu/browser_html/worldos_cc_maps_1787653893171.html
全部,82,进化,Yokito Gatai,/zh-cn/worlds/evolution-qlnc,/worlds/evolution-qlnc,YES,https://qunsyxsdbqpinxyjqrqp.supabase.co/storage/v1/object/public/covers/c2b0f4b2-3291-437a-9231-a15fc82e6793/map-previews/f065b788-e0f7-4179-9f8c-1dfc1f176d0f.webp?v=19364,YES,YES,YES,NOT_DISPLAYED,,/home/ubuntu/browser_html/worldos_cc_maps_1787653893171.html
全部,83,学园默示录,Dian Zayemien,/zh-cn/worlds/hotd-rqat,/worlds/hotd-rqat,YES,https://qunsyxsdbqpinxyjqrqp.supabase.co/storage/v1/object/public/covers/e50861f1-4098-4e30-ae64-4ba96f792566/map-previews/16cc4087-10ba-48b9-aaa6-5ab45f0c96c2.webp?v=40896,YES,YES,YES,NOT_DISPLAYED,,/home/ubuntu/browser_html/worldos_cc_maps_1787653893171.html
全部,84,Fap Nights at Frennis,Agusxd,/zh-cn/worlds/fap-nights-at-frennis-cntu,/worlds/fap-nights-at-frennis-cntu,YES,https://qunsyxsdbqpinxyjqrqp.supabase.co/storage/v1/object/public/covers/8d407333-7c9b-43fa-9c94-1f2ea39e423e/map-previews/7a660539-6d16-4b55-b6c8-6b26ce292f48.webp?v=8242,YES,YES,YES,NOT_DISPLAYED,,/home/ubuntu/browser_html/worldos_cc_maps_1787653893171.html
全部,85,爱丽丝梦游仙境：被遗忘的女孩,Patxina,/zh-cn/worlds/alice-in-wonderland-the-forgotten-girl-kaep,/worlds/alice-in-wonderland-the-forgotten-girl-kaep,YES,https://qunsyxsdbqpinxyjqrqp.supabase.co/storage/v1/object/public/covers/012ce406-7e6f-48a0-baf4-165ab2f0f1af/map-previews/0b8415c7-a6c7-4e03-91b8-ecb66f1cf1e1.webp?v=86646,YES,YES,YES,NOT_DISPLAYED,,/home/ubuntu/browser_html/worldos_cc_maps_1787653893171.html
全部,86,HOK: Who invited the cat?,Joan Dayanara,/zh-cn/worlds/qui-n-invit-al-gato-8t5r,/worlds/qui-n-invit-al-gato-8t5r,YES,https://qunsyxsdbqpinxyjqrqp.supabase.co/storage/v1/object/public/covers/6faea0dd-04ed-448f-8224-bccf43a6dc4a/map-previews/e47b9e62-2d64-448a-a2ba-3181aa18d159.webp?v=47300,YES,YES,YES,NOT_DISPLAYED,,/home/ubuntu/browser_html/worldos_cc_maps_1787653893171.html
全部,87,宝可梦 🔴,Coquiyo,/zh-cn/worlds/pokemon-v0qz,/worlds/pokemon-v0qz,YES,https://qunsyxsdbqpinxyjqrqp.supabase.co/storage/v1/object/public/covers/ec732486-17ec-428a-9d22-0d7da8a01ee6/map-previews/1279b462-3e0c-48c6-9986-e647dbbc40c4.webp?v=36624,YES,YES,YES,NOT_DISPLAYED,,/home/ubuntu/browser_html/worldos_cc_maps_1787653893171.html
全部,88,Cumbres Borrascosas,marcoantoniohernandezestrada0,/zh-cn/worlds/cumbres-borrascosas-9zyy,/worlds/cumbres-borrascosas-9zyy,YES,https://qunsyxsdbqpinxyjqrqp.supabase.co/storage/v1/object/public/covers/8ddaab4e-b63b-4c72-87e6-ab1617648b64/map-previews/43b1cfe4-5df0-40e6-9477-8393258c865a.webp?v=76308,YES,YES,YES,NOT_DISPLAYED,,/home/ubuntu/browser_html/worldos_cc_maps_1787653893171.html
全部,89,DC宇宙,Gyokko,/zh-cn/worlds/dc-universe-zwf5,/worlds/dc-universe-zwf5,YES,https://qunsyxsdbqpinxyjqrqp.supabase.co/storage/v1/object/public/covers/fb282042-b921-4489-9f13-e699ec7bd34f/map-previews/770c4509-fea2-4df8-8e17-7e7861376bb1.webp?v=27998,YES,YES,YES,NOT_DISPLAYED,,/home/ubuntu/browser_html/worldos_cc_maps_1787653893171.html
全部,90,Summertime Saga,Mega Ex,/zh-cn/worlds/summertime-saga-0i75,/worlds/summertime-saga-0i75,YES,https://qunsyxsdbqpinxyjqrqp.supabase.co/storage/v1/object/public/covers/15e99ade-80c5-4874-a66e-b91c38ba155d/map-previews/a91196b4-754b-4710-b276-bc42d857f681.webp?v=57056,YES,YES,YES,NOT_DISPLAYED,,/home/ubuntu/browser_html/worldos_cc_maps_1787653893171.html
全部,91,三国模拟器,发烧吃饺子,/zh-cn/worlds/sanguo-warlords-owcj,/worlds/sanguo-warlords-owcj,YES,https://qunsyxsdbqpinxyjqrqp.supabase.co/storage/v1/object/public/covers/6d0cdd49-7cbe-49b0-8d87-c4d248360881/map-previews/f4a7d133-0a17-4000-8b00-000000000004.webp?v=48286,YES,YES,YES,NOT_DISPLAYED,,/home/ubuntu/browser_html/worldos_cc_maps_1787653893171.html
全部,92,⚔️ 中世纪生活 ⚔️,Maia Medina,/zh-cn/worlds/vida-medieval-e0km,/worlds/vida-medieval-e0km,YES,https://qunsyxsdbqpinxyjqrqp.supabase.co/storage/v1/object/public/covers/ab1f0b55-d978-415e-9a80-003807c7b9d2/map-previews/4af8dbb9-a6bf-4bd6-b4f4-546641b75d7b.webp?v=70106,YES,YES,YES,NOT_DISPLAYED,,/home/ubuntu/browser_html/worldos_cc_maps_1787653893171.html
全部,93,伯克岛 驯龙高手,Sam Samy,/zh-cn/worlds/berk-httyd-3tdg,/worlds/berk-httyd-3tdg,YES,https://qunsyxsdbqpinxyjqrqp.supabase.co/storage/v1/object/public/covers/13f08b1f-5dda-4079-b4f1-e2c28d1ef554/map-previews/c60eaca5-3302-4816-8684-bbd38c8de72c.webp?v=58328,YES,YES,YES,NOT_DISPLAYED,,/home/ubuntu/browser_html/worldos_cc_maps_1787653893171.html
全部,94,刺客信条：黑旗,duransofi199,/zh-cn/worlds/assasins-creed-black-flag-nvyf,/worlds/assasins-creed-black-flag-nvyf,YES,https://qunsyxsdbqpinxyjqrqp.supabase.co/storage/v1/object/public/covers/6e4e7380-b2a7-420e-84fe-cb54e5825d32/map-previews/c08695f2-e88e-44d6-99de-e3cfdff123b7.webp?v=43762,YES,YES,YES,NOT_DISPLAYED,,/home/ubuntu/browser_html/worldos_cc_maps_1787653893171.html
全部,95,纸房子：雨停以后,Kate Lee,/zh-cn/worlds/zhi-fang-zi-yu-ting-yi-hou-3c65f2,/worlds/zhi-fang-zi-yu-ting-yi-hou-3c65f2,YES,https://qunsyxsdbqpinxyjqrqp.supabase.co/storage/v1/object/public/covers/6d6ac739-b0e5-4a7b-ac15-b07c0b149a9d/map-previews/35890c50-f2ce-4954-983a-6d42a13b3718.webp?v=1092,YES,YES,YES,NOT_DISPLAYED,,/home/ubuntu/browser_html/worldos_cc_maps_1787653893171.html
全部,96,测试2,World101,/zh-cn/worlds/ce-shi-2-luwq,/worlds/ce-shi-2-luwq,YES,https://qunsyxsdbqpinxyjqrqp.supabase.co/storage/v1/object/public/covers/6d0cdd49-7cbe-49b0-8d87-c4d248360881/map-previews/4f657b6d-0bee-4fc1-9170-6d1869a5b36f.webp?v=48286,YES,YES,YES,NOT_DISPLAYED,,/home/ubuntu/browser_html/worldos_cc_maps_1787653893171.html
全部,97,恋与学院：Sweet Amoris高中,Penelope,/zh-cn/worlds/coraz-n-de-melon-istituto-sweet-amoris-441y,/worlds/coraz-n-de-melon-istituto-sweet-amoris-441y,YES,/maps/demon-slayer-japan.webp,YES,YES,YES,NOT_DISPLAYED,,/home/ubuntu/browser_html/worldos_cc_maps_1787653893171.html
全部,98,少年泰坦,Keshi123,/zh-cn/worlds/teen-titans-iwp4,/worlds/teen-titans-iwp4,YES,https://qunsyxsdbqpinxyjqrqp.supabase.co/storage/v1/object/public/covers/20cbabe7-0616-4820-ac88-434098164dbc/map-previews/83151076-6514-4b4b-be88-d272ec2fc43d.webp?v=76470,YES,YES,YES,NOT_DISPLAYED,,/home/ubuntu/browser_html/worldos_cc_maps_1787653893171.html
全部,99,权力的游戏模拟器(冰与火之歌),Julieta Sanchez-760f9e,/zh-cn/worlds/westeros-2rt4,/worlds/westeros-2rt4,YES,https://qunsyxsdbqpinxyjqrqp.supabase.co/storage/v1/object/public/covers/6d0cdd49-7cbe-49b0-8d87-c4d248360881/map-previews/a50f1c33-0a17-4000-8b00-000000000003.webp?v=5130,YES,YES,YES,NOT_DISPLAYED,,/home/ubuntu/browser_html/worldos_cc_maps_1787653893171.html
全部,100,少年正义联盟模拟器 S1,Chisaki Kiri,/zh-cn/worlds/young-justice-simulator-m4z3,/worlds/young-justice-simulator-m4z3,YES,https://qunsyxsdbqpinxyjqrqp.supabase.co/storage/v1/object/public/covers/b668b882-b01e-4bbf-a0f7-5fa958b52454/map-previews/d8722202-64c2-43c5-9830-8d5d0d4e060a.webp?v=27998,YES,YES,YES,NOT_DISPLAYED,,/home/ubuntu/browser_html/worldos_cc_maps_1787653893171.html
全部,101,皮囊 2007,Georgia Murphy,/zh-cn/worlds/skins-2007-a8d9,/worlds/skins-2007-a8d9,YES,https://qunsyxsdbqpinxyjqrqp.supabase.co/storage/v1/object/public/covers/6d0cdd49-7cbe-49b0-8d87-c4d248360881/map-previews/2026aaaa-0000-4000-8000-000000000001.webp?v=19310,YES,YES,YES,NOT_DISPLAYED,,/home/ubuntu/browser_html/worldos_cc_maps_1787653893171.html
全部,102,Piratas y Sirenas,Nay_books,/zh-cn/worlds/simulador-de-piratas-y-sirenas-80b2071148f5,/worlds/simulador-de-piratas-y-sirenas-80b2071148f5,YES,https://qunsyxsdbqpinxyjqrqp.supabase.co/storage/v1/object/public/covers/7d96f9f1-ca70-4a5a-a42b-2066ea30049b/map-previews/cb41b7a0-593f-49f7-8d61-91fcfc46b783.webp?v=77396,YES,YES,YES,NOT_DISPLAYED,,/home/ubuntu/browser_html/worldos_cc_maps_1787653893171.html
全部,103,测试应用升级世界 001,x161880,/zh-cn/worlds/test-map-world-001-gytp,/worlds/test-map-world-001-gytp,YES,/maps/demon-slayer-japan.webp,YES,YES,YES,NOT_DISPLAYED,,/home/ubuntu/browser_html/worldos_cc_maps_1787653893171.html
全部,104,🌟| BRAWL STARS [Simulator],Honeyhoneypie1001,/zh-cn/worlds/starr-park-uzz7,/worlds/starr-park-uzz7,YES,https://qunsyxsdbqpinxyjqrqp.supabase.co/storage/v1/object/public/covers/6ea53de2-5db4-428e-bfff-87b6576191e9/map-previews/91202833-899f-4335-910d-131c21c5ca96.webp?v=44610,YES,YES,YES,NOT_DISPLAYED,,/home/ubuntu/browser_html/worldos_cc_maps_1787653893171.html
全部,105,第三次世界大战：落魄皇帝的逆袭,fuqiang wei,/zh-cn/worlds/di-san-ci-shi-jie-da-zhan-luo-po-huang-d-r9zb,/worlds/di-san-ci-shi-jie-da-zhan-luo-po-huang-d-r9zb,YES,https://qunsyxsdbqpinxyjqrqp.supabase.co/storage/v1/object/public/covers/53235c40-04fe-4e78-83d0-435acb3a9912/map-previews/653bd7e2-7217-4bb0-b643-7e9f0852210a.webp?v=23238,YES,YES,YES,NOT_DISPLAYED,,/home/ubuntu/browser_html/worldos_cc_maps_1787653893171.html
全部,106,Punto Blanco (no entrar por favor),レイナ・フェノメノ,/zh-cn/worlds/punto-blanco-n15t,/worlds/punto-blanco-n15t,YES,https://qunsyxsdbqpinxyjqrqp.supabase.co/storage/v1/object/public/covers/500076e7-5933-411a-bd91-097854eb40a9/map-previews/4f3f997e-6c81-4cd0-8e5e-c235cfda3134.webp?v=54468,YES,YES,YES,NOT_DISPLAYED,,/home/ubuntu/browser_html/worldos_cc_maps_1787653893171.html
全部,107,原神,Black Dahlia,/zh-cn/worlds/genshin-impact-6kxd,/worlds/genshin-impact-6kxd,YES,https://qunsyxsdbqpinxyjqrqp.supabase.co/storage/v1/object/public/covers/b01364d9-6768-4b26-afdf-0dc58635294b/map-previews/00a73449-fef7-4716-ac50-10ba23a7bee5.webp?v=26846,YES,YES,YES,NOT_DISPLAYED,,/home/ubuntu/browser_html/worldos_cc_maps_1787653893171.html
全部,108,鬼灭之刃模拟器：无言的继子,Noely Lemus,/zh-cn/worlds/demon-slayer-simulator-the-silent-tsuguk-pl4z,/worlds/demon-slayer-simulator-the-silent-tsuguk-pl4z,YES,/maps/demon-slayer-japan.webp,YES,YES,YES,NOT_DISPLAYED,,/home/ubuntu/browser_html/worldos_cc_maps_1787653893171.html
全部,109,快递不保,Κατδαρόδ,/zh-cn/worlds/delivery-not-guaranteed-roblox-6z31,/worlds/delivery-not-guaranteed-roblox-6z31,YES,https://qunsyxsdbqpinxyjqrqp.supabase.co/storage/v1/object/public/covers/08e45f4a-6f07-4872-8027-f11adf638415/map-previews/66514291-a161-4352-9d6a-d5aa1d033cb9.webp?v=24078,YES,YES,YES,NOT_DISPLAYED,,/home/ubuntu/browser_html/worldos_cc_maps_1787653893171.html
全部,110,Demon Slayer: El Latido de la Serpiente (+18),Quackity,/zh-cn/worlds/demon-slayer-el-latido-de-la-serpiente-1-qh1v,/worlds/demon-slayer-el-latido-de-la-serpiente-1-qh1v,YES,https://qunsyxsdbqpinxyjqrqp.supabase.co/storage/v1/object/public/covers/9cc7bead-d1db-4632-8c74-35ff4efa51eb/map-previews/22303720-76eb-4df7-983d-a2c8f73a149b.webp?v=8350,YES,YES,YES,NOT_DISPLAYED,,/home/ubuntu/browser_html/worldos_cc_maps_1787653893171.html
全部,111,Last Shelter Hades-7,K4ze,/zh-cn/worlds/last-shelter-eden-7-iaqn,/worlds/last-shelter-eden-7-iaqn,YES,https://qunsyxsdbqpinxyjqrqp.supabase.co/storage/v1/object/public/covers/bc8b3cd9-7c4e-41fe-9098-42afdd4abaa6/map-previews/12046e98-ef9a-4787-aeee-43c17b307fa2.webp?v=80450,YES,YES,YES,NOT_DISPLAYED,,/home/ubuntu/browser_html/worldos_cc_maps_1787653893171.html
全部,112,龙之家族：血龙狂舞,Yokito Gatai,/zh-cn/worlds/house-of-the-dragon-dance-of-the-dragons-gepi,/worlds/house-of-the-dragon-dance-of-the-dragons-gepi,YES,https://qunsyxsdbqpinxyjqrqp.supabase.co/storage/v1/object/public/covers/c2b0f4b2-3291-437a-9231-a15fc82e6793/map-previews/12d42c56-144c-4125-a4ee-5de58de044b9.webp?v=5142,YES,YES,YES,NOT_DISPLAYED,,/home/ubuntu/browser_html/worldos_cc_maps_1787653893171.html
全部,113,说服疯狂偶像放你走,Adrien2,/zh-cn/worlds/convince-the-crazy-idol-to-let-you-out-kgi0,/worlds/convince-the-crazy-idol-to-let-you-out-kgi0,YES,https://qunsyxsdbqpinxyjqrqp.supabase.co/storage/v1/object/public/covers/882e3ac5-ee67-406e-b528-2cf8c055221f/map-previews/91f1b37d-23dd-49d7-abe4-ba7c4b87f4c4.webp?v=17008,YES,YES,YES,NOT_DISPLAYED,,/home/ubuntu/browser_html/worldos_cc_maps_1787653893171.html
全部,114,DC: Dark Multiverse,Guss,/zh-cn/worlds/dc-dark-multiverse-pxpu,/worlds/dc-dark-multiverse-pxpu,YES,https://qunsyxsdbqpinxyjqrqp.supabase.co/storage/v1/object/public/covers/fb282042-b921-4489-9f13-e699ec7bd34f/map-previews/0a814921-e332-4409-80da-8f4f2eec0ae4.webp?v=19204,YES,YES,YES,NOT_DISPLAYED,,/home/ubuntu/browser_html/worldos_cc_maps_1787653893171.html
全部,115,鬼灭之刃模拟器,wxizz_202507022,/zh-cn/worlds/demon-slayer-simulator-gxcu,/worlds/demon-slayer-simulator-gxcu,YES,/maps/demon-slayer-japan.webp,YES,YES,YES,NOT_DISPLAYED,,/home/ubuntu/browser_html/worldos_cc_maps_1787653893171.html
全部,116,二战模拟器,gg gg,/zh-cn/worlds/er-zhan-mo-ni-qi-fmbw,/worlds/er-zhan-mo-ni-qi-fmbw,YES,https://qunsyxsdbqpinxyjqrqp.supabase.co/storage/v1/object/public/covers/009abafa-9665-475b-a451-0db53940fd0e/map-previews/6cce62fa-7bd5-4283-b82a-a96ff60573e5.webp?v=23238,YES,YES,YES,NOT_DISPLAYED,,/home/ubuntu/browser_html/worldos_cc_maps_1787653893171.html
全部,117,美丽夏天,Maylen Ciampo,/zh-cn/worlds/the-summer-i-turned-pretty-1pf0,/worlds/the-summer-i-turned-pretty-1pf0,YES,https://qunsyxsdbqpinxyjqrqp.supabase.co/storage/v1/object/public/covers/6d0cdd49-7cbe-49b0-8d87-c4d248360881/map-previews/2026aaaa-0000-4000-8000-000000000001.webp?v=19310,YES,YES,YES,NOT_DISPLAYED,,/home/ubuntu/browser_html/worldos_cc_maps_1787653893171.html
全部,118,Simulador de Demon Slayer (Versión español y mejorada),Noewi,/zh-cn/worlds/demon-slayer-simulator-qtko,/worlds/demon-slayer-simulator-qtko,YES,https://qunsyxsdbqpinxyjqrqp.supabase.co/storage/v1/object/public/covers/9eb10afd-16b6-4c92-9621-873c90a660f3/map-previews/efb1914a-f410-47bf-a4b1-e50c5ae9fa01.webp?v=8350,YES,YES,YES,NOT_DISPLAYED,,/home/ubuntu/browser_html/worldos_cc_maps_1787653893171.html
全部,119,Super Mario Bros,Rodul,/zh-cn/worlds/super-mario-bros-z55u,/worlds/super-mario-bros-z55u,YES,https://qunsyxsdbqpinxyjqrqp.supabase.co/storage/v1/object/public/covers/c0f863af-a8f9-4cdb-91e0-e4058bb95684/map-previews/ea292bea-be99-4e7f-8f21-2ce5c4bf7ef4.webp?v=81304,YES,YES,YES,NOT_DISPLAYED,,/home/ubuntu/browser_html/worldos_cc_maps_1787653893171.html
全部,120,Alternative World,Yokito Gatai,/zh-cn/worlds/game-of-thrones-game-7xtl,/worlds/game-of-thrones-game-7xtl,YES,https://qunsyxsdbqpinxyjqrqp.supabase.co/storage/v1/object/public/covers/6d0cdd49-7cbe-49b0-8d87-c4d248360881/map-previews/a50f1c33-0a17-4000-8b00-000000000003.webp?v=5130,YES,YES,YES,NOT_DISPLAYED,,/home/ubuntu/browser_html/worldos_cc_maps_1787653893171.html
全部,121,鬼灭之刃模拟器,Dan-239d9d,/zh-cn/worlds/demon-slayer-simulator-w9fe,/worlds/demon-slayer-simulator-w9fe,YES,https://qunsyxsdbqpinxyjqrqp.supabase.co/storage/v1/object/public/covers/239d9da4-3f43-44a0-9738-6c2c633d5e32/map-previews/7ef3712b-adcc-49a1-81f5-e42ab8500da2.webp?v=8350,YES,YES,YES,NOT_DISPLAYED,,/home/ubuntu/browser_html/worldos_cc_maps_1787653893171.html
全部,122,龙之屋,elizabeth,/zh-cn/worlds/la-casa-de-los-dragones-dw1w,/worlds/la-casa-de-los-dragones-dw1w,YES,https://qunsyxsdbqpinxyjqrqp.supabase.co/storage/v1/object/public/covers/6d0cdd49-7cbe-49b0-8d87-c4d248360881/map-previews/a50f1c33-0a17-4000-8b00-000000000003.webp?v=5130,YES,YES,YES,NOT_DISPLAYED,,/home/ubuntu/browser_html/worldos_cc_maps_1787653893171.html
全部,123,JOJO校园物语！,Solarballs,/zh-cn/worlds/jojos-escolar-baxi,/worlds/jojos-escolar-baxi,YES,https://qunsyxsdbqpinxyjqrqp.supabase.co/storage/v1/object/public/covers/e3ba0d4b-a180-48a9-9864-edf509e7e6ab/map-previews/201357d8-35bc-44aa-ae04-9c501dbf5e41.webp?v=67102,YES,YES,YES,NOT_DISPLAYED,,/home/ubuntu/browser_html/worldos_cc_maps_1787653893171.html
全部,124,十字军之王3,3625762226,/zh-cn/worlds/crusader-kings-3-b92c,/worlds/crusader-kings-3-b92c,YES,https://qunsyxsdbqpinxyjqrqp.supabase.co/storage/v1/object/public/covers/6d0cdd49-7cbe-49b0-8d87-c4d248360881/map-previews/c5300000-0000-4000-8000-000000000001.webp?v=21704,YES,YES,YES,NOT_DISPLAYED,,/home/ubuntu/browser_html/worldos_cc_maps_1787653893171.html
全部,125,三国模拟器,2459325529,/zh-cn/worlds/sanguo-warlords-cu5h,/worlds/sanguo-warlords-cu5h,YES,https://qunsyxsdbqpinxyjqrqp.supabase.co/storage/v1/object/public/covers/6d0cdd49-7cbe-49b0-8d87-c4d248360881/map-previews/f4a7d133-0a17-4000-8b00-000000000004.webp?v=48286,YES,YES,YES,NOT_DISPLAYED,,/home/ubuntu/browser_html/worldos_cc_maps_1787653893171.html
全部,126,鬼灭之刃模拟器,Merisse,/zh-cn/worlds/demon-slayer-simulator-piax,/worlds/demon-slayer-simulator-piax,YES,/maps/demon-slayer-japan.webp,YES,YES,YES,NOT_DISPLAYED,,/home/ubuntu/browser_html/worldos_cc_maps_1787653893171.html
全部,127,Karmaland,Leandro Soria Ingratta,/zh-cn/worlds/karmaland-rx5x,/worlds/karmaland-rx5x,YES,https://qunsyxsdbqpinxyjqrqp.supabase.co/storage/v1/object/public/covers/33b99c3d-4454-455b-b557-8dcacebb7a87/map-previews/1d331762-615d-431d-9dfe-13f39680e5cf.webp?v=75640,YES,YES,YES,NOT_DISPLAYED,,/home/ubuntu/browser_html/worldos_cc_maps_1787653893171.html
全部,128,历史模拟器：崇祯,wwwwwwen,/zh-cn/worlds/chongzhen-eldg,/worlds/chongzhen-eldg,YES,https://qunsyxsdbqpinxyjqrqp.supabase.co/storage/v1/object/public/covers/b4303060-0a4d-4f44-b9af-a71ed8bd45dc/map-previews/7bab979e-be03-4187-a7e4-2d09088d4aba.webp?v=45428,YES,YES,YES,NOT_DISPLAYED,,/home/ubuntu/browser_html/worldos_cc_maps_1787653893171.html
全部,129,Mundo de Elaria !,Roschette,/zh-cn/worlds/mundo-de-elaria-mape,/worlds/mundo-de-elaria-mape,YES,https://qunsyxsdbqpinxyjqrqp.supabase.co/storage/v1/object/public/covers/6f53ed91-c178-407e-9f4e-576ebd2c9d03/map-previews/e2920a24-a4c2-44f8-b3b6-0b3af599a71c.webp?v=81978,YES,YES,YES,NOT_DISPLAYED,,/home/ubuntu/browser_html/worldos_cc_maps_1787653893171.html
全部,130,TEST Template World 001,x161880,/zh-cn/worlds/test-template-world-001-fv99,/worlds/test-template-world-001-fv99,YES,/maps/demon-slayer-japan.webp,YES,YES,YES,NOT_DISPLAYED,,/home/ubuntu/browser_html/worldos_cc_maps_1787653893171.html
全部,131,权力的游戏：游戏,Matilde Machado,/zh-cn/worlds/westeros-0zp8,/worlds/westeros-0zp8,YES,https://qunsyxsdbqpinxyjqrqp.supabase.co/storage/v1/object/public/covers/6d0cdd49-7cbe-49b0-8d87-c4d248360881/map-previews/a50f1c33-0a17-4000-8b00-000000000003.webp?v=5130,YES,YES,YES,NOT_DISPLAYED,,/home/ubuntu/browser_html/worldos_cc_maps_1787653893171.html
全部,132,圣奥雷利奥之夏,AlukH,/zh-cn/worlds/verano-en-san-aurelio-am2g,/worlds/verano-en-san-aurelio-am2g,YES,https://qunsyxsdbqpinxyjqrqp.supabase.co/storage/v1/object/public/covers/f5d70fb3-6e38-447a-af34-d2f1228e4104/map-previews/379bfbb5-cddd-4765-8f43-b38af11f23b6.webp?v=79468,YES,YES,YES,NOT_DISPLAYED,,/home/ubuntu/browser_html/worldos_cc_maps_1787653893171.html
全部,133,Rusia,Wendy Orrego,/zh-cn/worlds/rusia-eika,/worlds/rusia-eika,YES,https://qunsyxsdbqpinxyjqrqp.supabase.co/storage/v1/object/public/covers/30358954-acc3-4c89-ba57-ecb4e36636fd/map-previews/256c30f4-fc2d-4816-8bd0-bd137bafe88c.webp?v=19364,YES,YES,YES,NOT_DISPLAYED,,/home/ubuntu/browser_html/worldos_cc_maps_1787653893171.html
全部,134,鬼灭之刃：柱之道,Quackity,/zh-cn/worlds/kimetsu-el-camino-del-pilar-wzo2,/worlds/kimetsu-el-camino-del-pilar-wzo2,YES,https://qunsyxsdbqpinxyjqrqp.supabase.co/storage/v1/object/public/covers/9cc7bead-d1db-4632-8c74-35ff4efa51eb/map-previews/a85dc2ab-949b-497f-a307-94d04155529a.webp?v=8350,YES,YES,YES,NOT_DISPLAYED,,/home/ubuntu/browser_html/worldos_cc_maps_1787653893171.html
全部,135,Kaiserreich: Der Sieg des Weltkrieges,Kate Lee,/zh-cn/worlds/kaiserreich-der-sieg-des-weltkrieges-3e0035,/worlds/kaiserreich-der-sieg-des-weltkrieges-3e0035,YES,https://qunsyxsdbqpinxyjqrqp.supabase.co/storage/v1/object/public/covers/6d6ac739-b0e5-4a7b-ac15-b07c0b149a9d/map-previews/882b5c0b-4288-47b4-9dd9-c683671075aa.webp?v=14318,YES,YES,YES,NOT_DISPLAYED,,/home/ubuntu/browser_html/worldos_cc_maps_1787653893171.html
全部,136,地缘政治模拟器,2729310179,/zh-cn/worlds/di-yuan-zheng-zhi-mo-ni-qi-43076da0951f,/worlds/di-yuan-zheng-zhi-mo-ni-qi-43076da0951f,YES,https://qunsyxsdbqpinxyjqrqp.supabase.co/storage/v1/object/public/covers/2bcd5923-aab5-4577-8a83-043f7225146b/map-previews/d00f1635-2c09-449c-9b8f-f46ab526a762.webp?v=38048,YES,YES,YES,NOT_DISPLAYED,,/home/ubuntu/browser_html/worldos_cc_maps_1787653893171.html
全部,137,DC宇宙,Yania marcela,/zh-cn/worlds/dc-universe-kf9a,/worlds/dc-universe-kf9a,YES,https://qunsyxsdbqpinxyjqrqp.supabase.co/storage/v1/object/public/covers/c40a7acc-c730-456b-89ea-7d3d91853516/map-previews/17b71374-8b4d-452e-8f05-96e36b482d51.webp?v=27998,YES,YES,YES,NOT_DISPLAYED,,/home/ubuntu/browser_html/worldos_cc_maps_1787653893171.html
全部,138,Demon Slayer Simulator: El Destino de las Llamas,Ana MATIZ,/zh-cn/worlds/demon-slayer-simulator-el-destino-de-las-scbm,/worlds/demon-slayer-simulator-el-destino-de-las-scbm,YES,/maps/demon-slayer-japan.webp,YES,YES,YES,NOT_DISPLAYED,,/home/ubuntu/browser_html/worldos_cc_maps_1787653893171.html
全部,139,鬼杀队模拟器,PEPITO8K,/zh-cn/worlds/demon-slayer-simulator-zhfy,/worlds/demon-slayer-simulator-zhfy,YES,https://qunsyxsdbqpinxyjqrqp.supabase.co/storage/v1/object/public/covers/9b26eb67-20fb-4544-8578-e210bbdbde4d/map-previews/be279a43-e9f6-4007-96d2-59e8e5d83c20.webp?v=8350,YES,YES,YES,NOT_DISPLAYED,,/home/ubuntu/browser_html/worldos_cc_maps_1787653893171.html
全部,140,⚔️ 中世纪生活 ⚔️,Kiki adelei Amaya araya,/zh-cn/worlds/vida-medieval-eefx,/worlds/vida-medieval-eefx,YES,https://qunsyxsdbqpinxyjqrqp.supabase.co/storage/v1/object/public/covers/fbb3c935-209f-442b-982c-93e0e82b3fa9/map-previews/c191fa27-b6e3-4eef-9d40-e12a09244c6d.webp?v=70106,YES,YES,YES,NOT_DISPLAYED,,/home/ubuntu/browser_html/worldos_cc_maps_1787653893171.html
全部,141,BTS,Haein,/zh-cn/worlds/bts-4hht,/worlds/bts-4hht,YES,https://qunsyxsdbqpinxyjqrqp.supabase.co/storage/v1/object/public/covers/72be6f5d-c439-4c38-b82b-9e9dcfc17952/map-previews/1ca84369-09a5-4b16-b877-9d962bad993d.webp?v=16374,YES,YES,YES,NOT_DISPLAYED,,/home/ubuntu/browser_html/worldos_cc_maps_1787653893171.html
全部,142,Demon Slayer Simulator Copia,Alejandra Medina Perdomo,/zh-cn/worlds/demon-slayer-simulator-xxho,/worlds/demon-slayer-simulator-xxho,YES,https://qunsyxsdbqpinxyjqrqp.supabase.co/storage/v1/object/public/covers/9df0f576-2e23-4d03-8863-fa50725dedbd/map-previews/5cc32d8c-c458-462e-b5f9-3c0fcfb724fc.webp?v=8350,YES,YES,YES,NOT_DISPLAYED,,/home/ubuntu/browser_html/worldos_cc_maps_1787653893171.html
全部,143,二战模拟器,Ahaha,/zh-cn/worlds/ww2-gh7l,/worlds/ww2-gh7l,YES,https://qunsyxsdbqpinxyjqrqp.supabase.co/storage/v1/object/public/covers/6d0cdd49-7cbe-49b0-8d87-c4d248360881/map-previews/6832133f-29f2-4530-8e3f-0788795aa982.webp?v=23294,YES,YES,YES,NOT_DISPLAYED,,/home/ubuntu/browser_html/worldos_cc_maps_1787653893171.html
全部,144,巫师：再活一世｜十种人生,KKKKKASD,/zh-cn/worlds/wu-shi-zai-huo-yi-shi-lie-mo-ren-zhi-lu-28a10d,/worlds/wu-shi-zai-huo-yi-shi-lie-mo-ren-zhi-lu-28a10d,YES,https://qunsyxsdbqpinxyjqrqp.supabase.co/storage/v1/object/public/covers/9d999996-f578-4276-922d-d1128b971ed4/map-previews/8c6fc158-d2c7-4faa-b85e-236472b20857.webp?v=41984,YES,YES,YES,NOT_DISPLAYED,,/home/ubuntu/browser_html/worldos_cc_maps_1787653893171.html
全部,145,二战：1935世界,Robert,/zh-cn/worlds/ww2-world-1935-tu3y,/worlds/ww2-world-1935-tu3y,YES,https://qunsyxsdbqpinxyjqrqp.supabase.co/storage/v1/object/public/covers/5acc9414-7113-4a20-b919-b8dcbe40ce51/map-previews/e264743f-7ff9-4d4a-b681-a45728a4614d.webp?v=23238,YES,YES,YES,NOT_DISPLAYED,,/home/ubuntu/browser_html/worldos_cc_maps_1787653893171.html
全部,146,咒术回战世界-更多人物，更高自由！,Sally:],/zh-cn/worlds/jujutsu-fek8,/worlds/jujutsu-fek8,YES,https://qunsyxsdbqpinxyjqrqp.supabase.co/storage/v1/object/public/covers/7a7abb38-696a-44b0-9179-d65029c6e263/map-previews/cd38442d-be2d-4ffb-ac14-37ed7e10d3ab.webp?v=8034,YES,YES,YES,NOT_DISPLAYED,,/home/ubuntu/browser_html/worldos_cc_maps_1787653893171.html
全部,147,刺客信条：奥德赛,Secret_night,/zh-cn/worlds/assassin-s-creed-odyssey-1f0j,/worlds/assassin-s-creed-odyssey-1f0j,YES,https://qunsyxsdbqpinxyjqrqp.supabase.co/storage/v1/object/public/covers/062c9c9f-36ef-4480-9775-7388a6327ccd/map-previews/f571eb9f-69a5-4cd6-ae3e-45bcb6290d9b.webp?v=49364,YES,YES,YES,NOT_DISPLAYED,,/home/ubuntu/browser_html/worldos_cc_maps_1787653893171.html
全部,148,鬼灭之刃模拟器,lix._,/zh-cn/worlds/demon-slayer-simulator-o1z2,/worlds/demon-slayer-simulator-o1z2,YES,/maps/demon-slayer-japan.webp,YES,YES,YES,NOT_DISPLAYED,,/home/ubuntu/browser_html/worldos_cc_maps_1787653893171.html
全部,149,新冷战 2026 模拟器,Jia Guo,/zh-cn/worlds/xin-leng-zhan-2026-mo-ni-qi-yqi4,/worlds/xin-leng-zhan-2026-mo-ni-qi-yqi4,YES,https://qunsyxsdbqpinxyjqrqp.supabase.co/storage/v1/object/public/covers/199b13ff-9e86-41a3-98d2-842a41ab5d37/map-previews/74dd7141-4204-4a8d-bfd0-40fa36900fc8.webp?v=19364,YES,YES,YES,NOT_DISPLAYED,,/home/ubuntu/browser_html/worldos_cc_maps_1787653893171.html
全部,150,鬼灭之刃模拟器,Ale-kri,/zh-cn/worlds/demon-slayer-simulator-uhrn,/worlds/demon-slayer-simulator-uhrn,YES,/maps/demon-slayer-japan.webp,YES,YES,YES,NOT_DISPLAYED,,/home/ubuntu/browser_html/worldos_cc_maps_1787653893171.html
全部,151,主播女孩重度依赖,Taegar,/zh-cn/worlds/needy-streamer-overload-abb4,/worlds/needy-streamer-overload-abb4,YES,https://qunsyxsdbqpinxyjqrqp.supabase.co/storage/v1/object/public/covers/6d0cdd49-7cbe-49b0-8d87-c4d248360881/map-previews/57a1da00-0000-4000-8b00-000000000001.webp?v=33316,YES,YES,YES,NOT_DISPLAYED,,/home/ubuntu/browser_html/worldos_cc_maps_1787653893171.html
全部,152,测试地图世界 001,x161880,/zh-cn/worlds/test-map-world-001-rxwf,/worlds/test-map-world-001-rxwf,YES,/maps/demon-slayer-japan.webp,YES,YES,YES,NOT_DISPLAYED,,/home/ubuntu/browser_html/worldos_cc_maps_1787653893171.html
全部,153,Pokémon - Legends Arceus,Abi Wayne,/zh-cn/worlds/pok-mon-legends-arceus-k0jc,/worlds/pok-mon-legends-arceus-k0jc,YES,https://qunsyxsdbqpinxyjqrqp.supabase.co/storage/v1/object/public/covers/cb43f624-dd2c-4f67-b1e4-4e34e2e0f31a/map-previews/c281224d-abcf-42e4-b84c-49271c96940a.webp?v=29946,YES,YES,YES,NOT_DISPLAYED,,/home/ubuntu/browser_html/worldos_cc_maps_1787653893171.html
全部,154,₊˚‧ 索尼克世界 ˚.,Eunaoentendomano,/zh-cn/worlds/o-i-o-96xi,/worlds/o-i-o-96xi,YES,https://qunsyxsdbqpinxyjqrqp.supabase.co/storage/v1/object/public/covers/4fd2a52d-1b40-44d5-b9af-cc5e2c743340/map-previews/83d3ce0f-2d8f-499f-8bc8-c937fffa2c23.webp?v=42184,YES,YES,YES,NOT_DISPLAYED,,/home/ubuntu/browser_html/worldos_cc_maps_1787653893171.html
全部,155,鬼灭之刃模拟器,Aismar aquino,/zh-cn/worlds/demon-slayer-simulator-sjfl,/worlds/demon-slayer-simulator-sjfl,YES,https://qunsyxsdbqpinxyjqrqp.supabase.co/storage/v1/object/public/covers/efbf709d-c76d-43a1-a98c-1589627cc84d/map-previews/5d9fe204-7b4a-428f-a94d-b71e66adc14b.webp?v=8350,YES,YES,YES,NOT_DISPLAYED,,/home/ubuntu/browser_html/worldos_cc_maps_1787653893171.html
全部,156,Secretos oscuros,rvendeep,/zh-cn/worlds/secretos-oscuros-uw56,/worlds/secretos-oscuros-uw56,YES,https://qunsyxsdbqpinxyjqrqp.supabase.co/storage/v1/object/public/covers/7e5fde06-197b-4a16-a832-2ae9fa774429/map-previews/39704db0-c135-442c-8f80-e5e840f1255f.webp?v=12336,YES,YES,YES,NOT_DISPLAYED,,/home/ubuntu/browser_html/worldos_cc_maps_1787653893171.html
全部,157,鬼灭之刃模拟器,Silviajakelyn Maressosa,/zh-cn/worlds/demon-slayer-simulator-32sp,/worlds/demon-slayer-simulator-32sp,YES,/maps/demon-slayer-japan.webp,YES,YES,YES,NOT_DISPLAYED,,/home/ubuntu/browser_html/worldos_cc_maps_1787653893171.html
全部,158,鬼灭之刃模拟器,glennquagmire-1573,/zh-cn/worlds/demon-slayer-simulator-t4zo,/worlds/demon-slayer-simulator-t4zo,YES,/maps/demon-slayer-japan.webp,YES,YES,YES,NOT_DISPLAYED,,/home/ubuntu/browser_html/worldos_cc_maps_1787653893171.html
全部,159,怪诞小镇,Azúcar sí,/zh-cn/worlds/gravity-falls-1n0d,/worlds/gravity-falls-1n0d,YES,https://qunsyxsdbqpinxyjqrqp.supabase.co/storage/v1/object/public/covers/c61fb126-89ee-4760-b5a4-cc533c565fda/map-previews/6649b744-4c72-40d4-b80f-b6a162ad0d15.webp?v=15502,YES,YES,YES,NOT_DISPLAYED,,/home/ubuntu/browser_html/worldos_cc_maps_1787653893171.html
全部,160,放纵的鬼灭之刃,sy,/zh-cn/worlds/demon-slayer-simulator-yaae,/worlds/demon-slayer-simulator-yaae,YES,https://qunsyxsdbqpinxyjqrqp.supabase.co/storage/v1/object/public/covers/6833fbfc-4fce-41ec-8ac1-f79c29fe4de3/map-previews/ba44dcdb-fbe0-44c6-899a-da178b8f0ee7.webp?v=8350,YES,YES,YES,NOT_DISPLAYED,,/home/ubuntu/browser_html/worldos_cc_maps_1787653893171.html
全部,161,Simulador de Cantante (artista musical),alabin alaban alabin bon ban Mitsubishi eclipse gsx,/zh-cn/worlds/simulador-de-cantante-artista-musical-z1lo,/worlds/simulador-de-cantante-artista-musical-z1lo,YES,https://qunsyxsdbqpinxyjqrqp.supabase.co/storage/v1/object/public/covers/c8bbeb76-88b6-434e-a0d0-37cd534da3dc/map-previews/9b48c381-9352-4e07-b304-c424387ac8b6.webp?v=24678,YES,YES,YES,NOT_DISPLAYED,,/home/ubuntu/browser_html/worldos_cc_maps_1787653893171.html
全部,162,恋上救生员,Habiba kareem,/zh-cn/worlds/falling-for-the-lifeguard-u42x,/worlds/falling-for-the-lifeguard-u42x,YES,https://qunsyxsdbqpinxyjqrqp.supabase.co/storage/v1/object/public/covers/012ce406-7e6f-48a0-baf4-165ab2f0f1af/map-previews/4120bc16-b736-4e8f-a690-fcc270b9c92a.webp?v=112210,YES,YES,YES,NOT_DISPLAYED,,/home/ubuntu/browser_html/worldos_cc_maps_1787653893171.html
全部,163,佣兵团长模拟器,luoyixiang1994,/zh-cn/worlds/yong-bing-tuan-zhang-mo-ni-qi-a082d4a177d3,/worlds/yong-bing-tuan-zhang-mo-ni-qi-a082d4a177d3,YES,https://qunsyxsdbqpinxyjqrqp.supabase.co/storage/v1/object/public/covers/ffe76650-7739-4fae-86b6-e4d95742c822/map-previews/97f67d34-9df7-44be-b01e-10cd25ea3547.webp?v=43250,YES,YES,YES,NOT_DISPLAYED,,/home/ubuntu/browser_html/worldos_cc_maps_1787653893171.html
全部,164,物怪,Liyuu,/zh-cn/worlds/mononoke-ofdj,/worlds/mononoke-ofdj,YES,https://qunsyxsdbqpinxyjqrqp.supabase.co/storage/v1/object/public/covers/f2609bc4-0898-41bd-bbb2-c21b061756bf/map-previews/2239faf6-d940-4b22-816f-b7eed046a464.webp?v=6598,YES,YES,YES,NOT_DISPLAYED,,/home/ubuntu/browser_html/worldos_cc_maps_1787653893171.html
全部,165,《精灵宝可梦》·万象旅途,2765164352,/zh-cn/worlds/jing-ling-bao-ke-meng-wan-xiang-l-tu-6ab-myqp,/worlds/jing-ling-bao-ke-meng-wan-xiang-l-tu-6ab-myqp,YES,https://qunsyxsdbqpinxyjqrqp.supabase.co/storage/v1/object/public/covers/ec732486-17ec-428a-9d22-0d7da8a01ee6/map-previews/1279b462-3e0c-48c6-9986-e647dbbc40c4.webp?v=36624,YES,YES,YES,NOT_DISPLAYED,,/home/ubuntu/browser_html/worldos_cc_maps_1787653893171.html
全部,166,一级方程式赛车,Zoe Seren,/zh-cn/worlds/f-rmula-uno-owdu,/worlds/f-rmula-uno-owdu,YES,https://qunsyxsdbqpinxyjqrqp.supabase.co/storage/v1/object/public/covers/6d0cdd49-7cbe-49b0-8d87-c4d248360881/map-previews/2026aaaa-0000-4000-8000-000000000001.webp?v=19310,YES,YES,YES,NOT_DISPLAYED,,/home/ubuntu/browser_html/worldos_cc_maps_1787653893171.html
全部,167,《精灵宝可梦》·万象旅途,2949272879,/zh-cn/worlds/jing-ling-bao-ke-meng-wan-xiang-l-tu-6ab-8jgs,/worlds/jing-ling-bao-ke-meng-wan-xiang-l-tu-6ab-8jgs,YES,https://qunsyxsdbqpinxyjqrqp.supabase.co/storage/v1/object/public/covers/ec732486-17ec-428a-9d22-0d7da8a01ee6/map-previews/1279b462-3e0c-48c6-9986-e647dbbc40c4.webp?v=36624,YES,YES,YES,NOT_DISPLAYED,,/home/ubuntu/browser_html/worldos_cc_maps_1787653893171.html
全部,168,第二次世界大战：实时动态战场,aaron13,/zh-cn/worlds/di-er-ci-shi-jie-da-zhan-shi-shi-dong-ta-a1a4ed5dc7d5,/worlds/di-er-ci-shi-jie-da-zhan-shi-shi-dong-ta-a1a4ed5dc7d5,YES,https://qunsyxsdbqpinxyjqrqp.supabase.co/storage/v1/object/public/covers/6d0cdd49-7cbe-49b0-8d87-c4d248360881/map-previews/22222222-2222-2222-2222-222222222222.webp?v=23294,YES,YES,YES,NOT_DISPLAYED,,/home/ubuntu/browser_html/worldos_cc_maps_1787653893171.html
全部,169,吸血鬼与猎人,None,/zh-cn/worlds/mundo-medieval-k9ob,/worlds/mundo-medieval-k9ob,YES,https://qunsyxsdbqpinxyjqrqp.supabase.co/storage/v1/object/public/covers/5d4b0e47-7364-40eb-9de5-48cc026f65d6/map-previews/63b5e30c-989f-4053-995a-8dec11534df5.webp?v=21292,YES,YES,YES,NOT_DISPLAYED,,/home/ubuntu/browser_html/worldos_cc_maps_1787653893171.html
全部,170,鬼灭之刃模拟器,eydan David,/zh-cn/worlds/demon-slayer-simulator-ifw8,/worlds/demon-slayer-simulator-ifw8,YES,/maps/demon-slayer-japan.webp,YES,YES,YES,NOT_DISPLAYED,,/home/ubuntu/browser_html/worldos_cc_maps_1787653893171.html
全部,171,₊˚‧ 索尼克世界 ˚.,Santos Oviedo,/zh-cn/worlds/o-i-o-55ul,/worlds/o-i-o-55ul,YES,https://qunsyxsdbqpinxyjqrqp.supabase.co/storage/v1/object/public/covers/4fd2a52d-1b40-44d5-b9af-cc5e2c743340/map-previews/83d3ce0f-2d8f-499f-8bc8-c937fffa2c23.webp?v=42184,YES,YES,YES,NOT_DISPLAYED,,/home/ubuntu/browser_html/worldos_cc_maps_1787653893171.html
全部,172,三国模拟器,340725389,/zh-cn/worlds/sanguo-warlords-o3z8,/worlds/sanguo-warlords-o3z8,YES,https://qunsyxsdbqpinxyjqrqp.supabase.co/storage/v1/object/public/covers/6d0cdd49-7cbe-49b0-8d87-c4d248360881/map-previews/f4a7d133-0a17-4000-8b00-000000000004.webp?v=48286,YES,YES,YES,NOT_DISPLAYED,,/home/ubuntu/browser_html/worldos_cc_maps_1787653893171.html
全部,173,中世纪奇幻RPG世界,Kiki adelei Amaya araya,/zh-cn/worlds/simulador-de-rpg-de-fantas-a-medieval-2pu5,/worlds/simulador-de-rpg-de-fantas-a-medieval-2pu5,YES,https://qunsyxsdbqpinxyjqrqp.supabase.co/storage/v1/object/public/covers/a8219094-719f-40a5-8049-b9b3198b7d59/map-previews/b0d4ca9f-4444-4274-8e28-26810d7b1ff3.webp?v=101186,YES,YES,YES,NOT_DISPLAYED,,/home/ubuntu/browser_html/worldos_cc_maps_1787653893171.html
全部,174,中世纪奇幻模拟器,Kiki adelei Amaya araya,/zh-cn/worlds/simulador-de-fantas-a-medieval-fkpo,/worlds/simulador-de-fantas-a-medieval-fkpo,YES,https://qunsyxsdbqpinxyjqrqp.supabase.co/storage/v1/object/public/covers/f4dc20eb-9810-4d75-bcec-0561bc998d73/map-previews/d91be04d-2090-4da4-b646-ce5e72f5b668.webp?v=21292,YES,YES,YES,NOT_DISPLAYED,,/home/ubuntu/browser_html/worldos_cc_maps_1787653893171.html
全部,175,错误 404-演示版,Jenifer Negrete,/zh-cn/worlds/error-404-borrador-dmpz,/worlds/error-404-borrador-dmpz,YES,https://qunsyxsdbqpinxyjqrqp.supabase.co/storage/v1/object/public/covers/bc0869b6-735a-4764-8b69-0ffd177581be/map-previews/b3d74480-b33b-45d1-8a50-521aa4bc9886.webp?v=48458,YES,YES,YES,NOT_DISPLAYED,,/home/ubuntu/browser_html/worldos_cc_maps_1787653893171.html
全部,176,宝可梦：开局阿尔宙斯，修改万物资质,1810140760,/zh-cn/worlds/bao-ke-meng-kai-ju-a-er-zhou-si-xiu-gai-5f9a6d43fd16,/worlds/bao-ke-meng-kai-ju-a-er-zhou-si-xiu-gai-5f9a6d43fd16,YES,https://qunsyxsdbqpinxyjqrqp.supabase.co/storage/v1/object/public/covers/ec732486-17ec-428a-9d22-0d7da8a01ee6/map-previews/1279b462-3e0c-48c6-9986-e647dbbc40c4.webp?v=36624,YES,YES,YES,NOT_DISPLAYED,,/home/ubuntu/browser_html/worldos_cc_maps_1787653893171.html
全部,177,Cumbres Borrascosas,marcoantoniohernandezestrada0,/zh-cn/worlds/cumbres-borrascosas-9isk,/worlds/cumbres-borrascosas-9isk,YES,https://qunsyxsdbqpinxyjqrqp.supabase.co/storage/v1/object/public/covers/8ddaab4e-b63b-4c72-87e6-ab1617648b64/map-previews/43b1cfe4-5df0-40e6-9477-8393258c865a.webp?v=76308,YES,YES,YES,NOT_DISPLAYED,,/home/ubuntu/browser_html/worldos_cc_maps_1787653893171.html
全部,178,华夏历史纪元模拟器 副本,2459325529,/zh-cn/worlds/hua-xia-li-shi-ji-yuan-mo-ni-qi-6718b472-hava,/worlds/hua-xia-li-shi-ji-yuan-mo-ni-qi-6718b472-hava,YES,https://qunsyxsdbqpinxyjqrqp.supabase.co/storage/v1/object/public/covers/6d0cdd49-7cbe-49b0-8d87-c4d248360881/map-previews/c4302300-0000-4000-8000-000000000001.webp?v=45420,YES,YES,YES,NOT_DISPLAYED,,/home/ubuntu/browser_html/worldos_cc_maps_1787653893171.html
全部,179,鬼灭,LUIS MOISES TAPIA BALDERAS,/zh-cn/worlds/kimetsu-16n8,/worlds/kimetsu-16n8,YES,https://qunsyxsdbqpinxyjqrqp.supabase.co/storage/v1/object/public/covers/a71c10d9-810f-4163-8343-33c5329ef097/map-previews/4a4d18b1-3614-4086-b458-c1c32091ca5c.webp?v=8350,YES,YES,YES,NOT_DISPLAYED,,/home/ubuntu/browser_html/worldos_cc_maps_1787653893171.html
全部,180,三国：佳人传,Naiara Diaz,/zh-cn/worlds/three-kingdoms-a-lady-s-tale-uym5,/worlds/three-kingdoms-a-lady-s-tale-uym5,YES,https://qunsyxsdbqpinxyjqrqp.supabase.co/storage/v1/object/public/covers/0746a6d2-dde6-43d8-91b3-1beef78aeac0/map-previews/e1adfaaf-3b45-46e8-b700-8fd04738a401.webp?v=48294,YES,YES,YES,NOT_DISPLAYED,,/home/ubuntu/browser_html/worldos_cc_maps_1787653893171.html
全部,181,鬼灭之刃模拟器：柱,Beesoon,/zh-cn/worlds/demon-slayer-simulator-uwkf,/worlds/demon-slayer-simulator-uwkf,YES,https://qunsyxsdbqpinxyjqrqp.supabase.co/storage/v1/object/public/covers/e496f984-07df-4220-b7d2-d61cccba4197/map-previews/1d34b296-7c60-45cb-8598-4fffab92d26c.webp?v=8350,YES,YES,YES,NOT_DISPLAYED,,/home/ubuntu/browser_html/worldos_cc_maps_1787653893171.html
全部,182,二战模拟器 副本,Li Alan,/zh-cn/worlds/ww2-xwo2,/worlds/ww2-xwo2,YES,https://qunsyxsdbqpinxyjqrqp.supabase.co/storage/v1/object/public/covers/7aed5ac2-fe82-4ecd-9fba-0df629192dae/map-previews/1b5d5bea-e250-47c0-8ef9-7e1142c7ee33.webp?v=23238,YES,YES,YES,NOT_DISPLAYED,,/home/ubuntu/browser_html/worldos_cc_maps_1787653893171.html
全部,183,鬼灭之刃模拟器,Fer-03719c,/zh-cn/worlds/demon-slayer-simulator-l9jf,/worlds/demon-slayer-simulator-l9jf,YES,https://qunsyxsdbqpinxyjqrqp.supabase.co/storage/v1/object/public/covers/03719ce9-2288-495b-911f-0944139a5bde/map-previews/bf483a43-f9df-4840-98aa-213af2bd90f7.webp?v=8350,YES,YES,YES,NOT_DISPLAYED,,/home/ubuntu/browser_html/worldos_cc_maps_1787653893171.html
全部,184,战国模拟器,354064526,/zh-cn/worlds/warring-6518,/worlds/warring-6518,YES,https://qunsyxsdbqpinxyjqrqp.supabase.co/storage/v1/object/public/covers/1ecf85ee-1ee9-40e5-bf78-6af5d238af48/map-previews/c7498601-e954-47a3-887f-761df3a102c8.webp?v=34306,YES,YES,YES,NOT_DISPLAYED,,/home/ubuntu/browser_html/worldos_cc_maps_1787653893171.html
全部,185,鬼灭之刃,Cale-64d9ad,/zh-cn/worlds/demon-slayer-kimetsu-no-yaiba-3swm,/worlds/demon-slayer-kimetsu-no-yaiba-3swm,YES,https://qunsyxsdbqpinxyjqrqp.supabase.co/storage/v1/object/public/covers/7fd0ecc4-f44a-4231-a7cc-753210434ca6/map-previews/0c396a8e-f51a-4717-a736-d8c9ab7acadb.webp?v=8350,YES,YES,YES,NOT_DISPLAYED,,/home/ubuntu/browser_html/worldos_cc_maps_1787653893171.html
全部,186,鬼灭之刃：香气王朝,Lupenova_CrM,/zh-cn/worlds/demon-slayer-dinast-a-de-aromas-823697cbfe4e,/worlds/demon-slayer-dinast-a-de-aromas-823697cbfe4e,YES,/maps/demon-slayer-japan.webp,YES,YES,YES,NOT_DISPLAYED,,/home/ubuntu/browser_html/worldos_cc_maps_1787653893171.html
全部,187,Alianza Obligatoria (Simulador Detective),Nushy,/zh-cn/worlds/alianza-obligatoria-simulador-detective-kr12,/worlds/alianza-obligatoria-simulador-detective-kr12,YES,https://qunsyxsdbqpinxyjqrqp.supabase.co/storage/v1/object/public/covers/4737b033-2005-41b6-bc6b-86d9b1e1abb8/map-previews/b5cf74c3-18e8-40a8-8260-18f57763dd17.webp?v=83460,YES,YES,YES,NOT_DISPLAYED,,/home/ubuntu/browser_html/worldos_cc_maps_1787653893171.html
全部,188,₊˚‧ 索尼克世界 ˚.,Café con pam,/zh-cn/worlds/o-i-o-buwv,/worlds/o-i-o-buwv,YES,https://qunsyxsdbqpinxyjqrqp.supabase.co/storage/v1/object/public/covers/4fd2a52d-1b40-44d5-b9af-cc5e2c743340/map-previews/83d3ce0f-2d8f-499f-8bc8-c937fffa2c23.webp?v=42184,YES,YES,YES,NOT_DISPLAYED,,/home/ubuntu/browser_html/worldos_cc_maps_1787653893171.html
全部,189,JOJO校园物语！,Arianna Lopez,/zh-cn/worlds/jojos-escolar-70i3,/worlds/jojos-escolar-70i3,YES,https://qunsyxsdbqpinxyjqrqp.supabase.co/storage/v1/object/public/covers/e3ba0d4b-a180-48a9-9864-edf509e7e6ab/map-previews/201357d8-35bc-44aa-ae04-9c501dbf5e41.webp?v=67102,YES,YES,YES,NOT_DISPLAYED,,/home/ubuntu/browser_html/worldos_cc_maps_1787653893171.html
全部,190,潘多拉,Niray Himiko,/zh-cn/worlds/pandora-jj96,/worlds/pandora-jj96,YES,https://qunsyxsdbqpinxyjqrqp.supabase.co/storage/v1/object/public/covers/b0a35ad6-4ea0-4ec7-b09a-9fb8be8a0cd4/map-previews/fc7831ed-d0d5-4310-a239-e125befc041e.webp?v=72414,YES,YES,YES,NOT_DISPLAYED,,/home/ubuntu/browser_html/worldos_cc_maps_1787653893171.html
全部,191,我的世界,Araceli Sosa,/zh-cn/worlds/mi-mundo-fx8f,/worlds/mi-mundo-fx8f,YES,https://qunsyxsdbqpinxyjqrqp.supabase.co/storage/v1/object/public/covers/6d0cdd49-7cbe-49b0-8d87-c4d248360881/map-previews/2026aaaa-0000-4000-8000-000000000001.webp?v=19310,YES,YES,YES,NOT_DISPLAYED,,/home/ubuntu/browser_html/worldos_cc_maps_1787653893171.html
全部,192,鬼灭之刃模拟器,Tottolifq,/zh-cn/worlds/demon-slayer-simulator-fjrj,/worlds/demon-slayer-simulator-fjrj,YES,/maps/demon-slayer-japan.webp,YES,YES,YES,NOT_DISPLAYED,,/home/ubuntu/browser_html/worldos_cc_maps_1787653893171.html
全部,193,₊˚‧ 音速世界 ˚.,Melonycin,/zh-cn/worlds/sonic-world-p3xz,/worlds/sonic-world-p3xz,YES,https://qunsyxsdbqpinxyjqrqp.supabase.co/storage/v1/object/public/covers/4fd2a52d-1b40-44d5-b9af-cc5e2c743340/map-previews/83d3ce0f-2d8f-499f-8bc8-c937fffa2c23.webp?v=42184,YES,YES,YES,NOT_DISPLAYED,,/home/ubuntu/browser_html/worldos_cc_maps_1787653893171.html
全部,194,现代世界 2026,2729310179,/zh-cn/worlds/modern-day-c4mq,/worlds/modern-day-c4mq,YES,https://qunsyxsdbqpinxyjqrqp.supabase.co/storage/v1/object/public/covers/6d0cdd49-7cbe-49b0-8d87-c4d248360881/map-previews/2026aaaa-0000-4000-8000-000000000001.webp?v=19310,YES,YES,YES,NOT_DISPLAYED,,/home/ubuntu/browser_html/worldos_cc_maps_1787653893171.html
全部,195,⚔️ 中世纪生活 ⚔️,Emiko Matsumoto,/zh-cn/worlds/vida-medieval-2ty2,/worlds/vida-medieval-2ty2,YES,https://qunsyxsdbqpinxyjqrqp.supabase.co/storage/v1/object/public/covers/fbb3c935-209f-442b-982c-93e0e82b3fa9/map-previews/c191fa27-b6e3-4eef-9d40-e12a09244c6d.webp?v=70106,YES,YES,YES,NOT_DISPLAYED,,/home/ubuntu/browser_html/worldos_cc_maps_1787653893171.html
全部,196,现代世界 2026,isllan,/zh-cn/worlds/modern-day-y9fl,/worlds/modern-day-y9fl,YES,https://qunsyxsdbqpinxyjqrqp.supabase.co/storage/v1/object/public/covers/6d0cdd49-7cbe-49b0-8d87-c4d248360881/map-previews/2026aaaa-0000-4000-8000-000000000001.webp?v=19310,YES,YES,YES,NOT_DISPLAYED,,/home/ubuntu/browser_html/worldos_cc_maps_1787653893171.html
全部,197,三国模拟器,2156459534,/zh-cn/worlds/san-guo-mo-ni-qi-su55,/worlds/san-guo-mo-ni-qi-su55,YES,https://qunsyxsdbqpinxyjqrqp.supabase.co/storage/v1/object/public/covers/6d0cdd49-7cbe-49b0-8d87-c4d248360881/map-previews/f4a7d133-0a17-4000-8b00-000000000004.webp?v=48286,YES,YES,YES,NOT_DISPLAYED,,/home/ubuntu/browser_html/worldos_cc_maps_1787653893171.html
全部,198,角色扮演,Ludmi Fernández,/zh-cn/worlds/rolplay-sw8w,/worlds/rolplay-sw8w,YES,https://qunsyxsdbqpinxyjqrqp.supabase.co/storage/v1/object/public/covers/41419ef9-206f-4e66-9916-2a59517f5b60/map-previews/db23eec8-747f-4048-b11a-64c3fe964fab.webp?v=23238,YES,YES,YES,NOT_DISPLAYED,,/home/ubuntu/browser_html/worldos_cc_maps_1787653893171.html
全部,199,诸世问道：修仙模拟器,KKKKKASD,/zh-cn/worlds/wan-yu-jie-xiu-xian-shou-zha-yun-xing-xi-8a22bd,/worlds/wan-yu-jie-xiu-xian-shou-zha-yun-xing-xi-8a22bd,YES,https://qunsyxsdbqpinxyjqrqp.supabase.co/storage/v1/object/public/covers/9d999996-f578-4276-922d-d1128b971ed4/map-previews/d3b73f36-3b86-4b89-ad50-3de8116774ad.webp?v=1240,YES,YES,YES,NOT_DISPLAYED,,/home/ubuntu/browser_html/worldos_cc_maps_1787653893171.html
全部,200,卡美洛,Eunaoentendomano,/zh-cn/worlds/camelot-n2wl,/worlds/camelot-n2wl,YES,https://qunsyxsdbqpinxyjqrqp.supabase.co/storage/v1/object/public/covers/fbb3c935-209f-442b-982c-93e0e82b3fa9/map-previews/c191fa27-b6e3-4eef-9d40-e12a09244c6d.webp?v=70106,YES,YES,YES,NOT_DISPLAYED,,/home/ubuntu/browser_html/worldos_cc_maps_1787653893171.html
全部,201,塞尔达传说,Bebexhita 10,/zh-cn/worlds/the-legend-of-zelda-aoc-ambiented-mo98,/worlds/the-legend-of-zelda-aoc-ambiented-mo98,YES,https://qunsyxsdbqpinxyjqrqp.supabase.co/storage/v1/object/public/covers/cb43f624-dd2c-4f67-b1e4-4e34e2e0f31a/map-previews/1345f648-cea7-45d5-8f16-88f91f89d625.webp?v=32362,YES,YES,YES,NOT_DISPLAYED,,/home/ubuntu/browser_html/worldos_cc_maps_1787653893171.html
全部,202,Sobrevivir al Apocalipsis Antifurry,Cuenta temporal,/zh-cn/worlds/sobrevivir-al-apocalipsis-antifurry-xqnh,/worlds/sobrevivir-al-apocalipsis-antifurry-xqnh,YES,https://qunsyxsdbqpinxyjqrqp.supabase.co/storage/v1/object/public/covers/72be6f5d-c439-4c38-b82b-9e9dcfc17952/map-previews/1ca84369-09a5-4b16-b877-9d962bad993d.webp?v=16374,YES,YES,YES,NOT_DISPLAYED,,/home/ubuntu/browser_html/worldos_cc_maps_1787653893171.html
全部,203,十字军之王3,3625762226,/zh-cn/worlds/crusader-kings-3-vey3,/worlds/crusader-kings-3-vey3,YES,https://qunsyxsdbqpinxyjqrqp.supabase.co/storage/v1/object/public/covers/6d0cdd49-7cbe-49b0-8d87-c4d248360881/map-previews/c5300000-0000-4000-8000-000000000001.webp?v=21704,YES,YES,YES,NOT_DISPLAYED,,/home/ubuntu/browser_html/worldos_cc_maps_1787653893171.html
全部,204,三国模拟器,2716402345,/zh-cn/worlds/sanguo-warlords-ah12,/worlds/sanguo-warlords-ah12,YES,https://qunsyxsdbqpinxyjqrqp.supabase.co/storage/v1/object/public/covers/6d0cdd49-7cbe-49b0-8d87-c4d248360881/map-previews/f4a7d133-0a17-4000-8b00-000000000004.webp?v=48286,YES,YES,YES,NOT_DISPLAYED,,/home/ubuntu/browser_html/worldos_cc_maps_1787653893171.html
全部,205,权力的游戏：血龙狂舞,Lysara,/zh-cn/worlds/a-game-of-thrones-dance-of-the-dragons-ysdz,/worlds/a-game-of-thrones-dance-of-the-dragons-ysdz,YES,https://qunsyxsdbqpinxyjqrqp.supabase.co/storage/v1/object/public/covers/6d0cdd49-7cbe-49b0-8d87-c4d248360881/map-previews/a50f1c33-0a17-4000-8b00-000000000003.webp?v=5130,YES,YES,YES,NOT_DISPLAYED,,/home/ubuntu/browser_html/worldos_cc_maps_1787653893171.html
全部,206,鬼灭之刃模拟器,•Andy Studio•,/zh-cn/worlds/demon-slayer-simulator-4gzq,/worlds/demon-slayer-simulator-4gzq,YES,/maps/demon-slayer-japan.webp,YES,YES,YES,NOT_DISPLAYED,,/home/ubuntu/browser_html/worldos_cc_maps_1787653893171.html
全部,207,otsutsuki restore china,nguyenhaiphong15052012,/zh-cn/worlds/otsutsuki-restore-china-kdcz,/worlds/otsutsuki-restore-china-kdcz,YES,https://qunsyxsdbqpinxyjqrqp.supabase.co/storage/v1/object/public/covers/6d0cdd49-7cbe-49b0-8d87-c4d248360881/map-previews/c4302300-0000-4000-8000-000000000001.webp?v=45420,YES,YES,YES,NOT_DISPLAYED,,/home/ubuntu/browser_html/worldos_cc_maps_1787653893171.html
全部,208,中世纪奇幻RPG世界,Kiki adelei Amaya araya,/zh-cn/worlds/simulador-de-rpg-de-fantas-a-medieval-fsxa,/worlds/simulador-de-rpg-de-fantas-a-medieval-fsxa,YES,https://qunsyxsdbqpinxyjqrqp.supabase.co/storage/v1/object/public/covers/f4dc20eb-9810-4d75-bcec-0561bc998d73/map-previews/af8df0cc-1817-44ce-848c-9ddeb1d3e4d9.webp?v=101186,YES,YES,YES,NOT_DISPLAYED,,/home/ubuntu/browser_html/worldos_cc_maps_1787653893171.html
全部,209,Cazador de Demonios: El Destino Final,Francis Lucia Diaz Palma,/zh-cn/worlds/cazador-de-demonios-el-destino-final-0054,/worlds/cazador-de-demonios-el-destino-final-0054,YES,https://qunsyxsdbqpinxyjqrqp.supabase.co/storage/v1/object/public/covers/c7ae4a1d-d4ca-4d39-9e60-4e913cf7afb1/map-previews/86332c6f-8f0f-4936-bf53-a2032bf5e321.webp?v=8350,YES,YES,YES,NOT_DISPLAYED,,/home/ubuntu/browser_html/worldos_cc_maps_1787653893171.html
全部,210,终焉执行者：阿卢洛伊传奇,sakura san,/zh-cn/worlds/endministrators-aluloi-saga-jbox,/worlds/endministrators-aluloi-saga-jbox,NO,,YES,YES,YES,NOT_DISPLAYED,,/home/ubuntu/browser_html/worldos_cc_maps_1787653893171.html
全部,211,星球大战 绝地：陨落的武士团,dayan,/zh-cn/worlds/simulador-de-star-wars-o2oi,/worlds/simulador-de-star-wars-o2oi,YES,https://qunsyxsdbqpinxyjqrqp.supabase.co/storage/v1/object/public/covers/6f45471c-9a7f-49fb-9ae6-bdd60cc5497e/map-previews/ef63d99a-e299-46ce-8dd7-2f11ad197e79.webp?v=47418,YES,YES,YES,NOT_DISPLAYED,,/home/ubuntu/browser_html/worldos_cc_maps_1787653893171.html
全部,212,La Enfermera de la Finca Mariposa: Un Romance Taisho,Evelin Naomi Horta Castañeda,/zh-cn/worlds/la-enfermera-de-la-finca-mariposa-un-rom-a987d653b1fe,/worlds/la-enfermera-de-la-finca-mariposa-un-rom-a987d653b1fe,YES,/maps/demon-slayer-japan.webp,YES,YES,YES,NOT_DISPLAYED,,/home/ubuntu/browser_html/worldos_cc_maps_1787653893171.html
全部,213,Playground Planet Simulator,Galaxy,/zh-cn/worlds/playground-planet-simulator-f4c3a907dfca,/worlds/playground-planet-simulator-f4c3a907dfca,YES,https://qunsyxsdbqpinxyjqrqp.supabase.co/storage/v1/object/public/covers/6d0cdd49-7cbe-49b0-8d87-c4d248360881/map-previews/a50f1c33-0a17-4000-8b00-000000000003.webp?v=5130,YES,YES,YES,NOT_DISPLAYED,,/home/ubuntu/browser_html/worldos_cc_maps_1787653893171.html
全部,214,Abnormal heat,Jundex,/zh-cn/worlds/abnormal-heat-lovf,/worlds/abnormal-heat-lovf,YES,https://qunsyxsdbqpinxyjqrqp.supabase.co/storage/v1/object/public/covers/89a607a6-6b0f-4bad-8320-de53bf39e3d5/map-previews/cc6b57fd-b004-411f-836f-6528d609fe22.webp?v=36330,YES,YES,YES,NOT_DISPLAYED,,/home/ubuntu/browser_html/worldos_cc_maps_1787653893171.html
全部,215,清朝（建设中）,Persachii,/zh-cn/worlds/dinastia-qing-wcav,/worlds/dinastia-qing-wcav,YES,https://qunsyxsdbqpinxyjqrqp.supabase.co/storage/v1/object/public/covers/a71b4edf-55a1-456b-adee-f94552fd1527/map-previews/ee01b7f2-1f87-47cb-9046-5c39a432f0ac.webp?v=138866,YES,YES,YES,NOT_DISPLAYED,,/home/ubuntu/browser_html/worldos_cc_maps_1787653893171.html
全部,216,测试世界 001,x161880,/zh-cn/worlds/hogwarts-3bmx,/worlds/hogwarts-3bmx,YES,/maps/demon-slayer-japan.webp,YES,YES,YES,NOT_DISPLAYED,,/home/ubuntu/browser_html/worldos_cc_maps_1787653893171.html
全部,217,霍格沃茨模拟器,Yyfyyftgfghffrrdsfhhhhh,/zh-cn/worlds/hogwarts-simulator-q5k9,/worlds/hogwarts-simulator-q5k9,YES,https://qunsyxsdbqpinxyjqrqp.supabase.co/storage/v1/object/public/covers/f9d90347-627d-45aa-8d21-de4e7a166435/map-previews/c3c949bc-75e8-48d7-839f-6b72d09b8d30.webp?v=23238,YES,YES,YES,NOT_DISPLAYED,,/home/ubuntu/browser_html/worldos_cc_maps_1787653893171.html
全部,218,法律与秩序,Noelia-e1e0c4,/zh-cn/worlds/la-ley-y-el-orden-2l2k,/worlds/la-ley-y-el-orden-2l2k,YES,https://qunsyxsdbqpinxyjqrqp.supabase.co/storage/v1/object/public/covers/e1e0c400-24c4-4660-9f2d-b4be39292ffc/map-previews/a8802923-50ac-43f6-a1ed-d4ad4c107db0.webp?v=73648,YES,YES,YES,NOT_DISPLAYED,,/home/ubuntu/browser_html/worldos_cc_maps_1787653893171.html
全部,219,《精灵宝可梦》,19193097669,/zh-cn/worlds/jing-ling-bao-ke-meng-wan-xiang-l-tu-6ab-k2ac,/worlds/jing-ling-bao-ke-meng-wan-xiang-l-tu-6ab-k2ac,YES,https://qunsyxsdbqpinxyjqrqp.supabase.co/storage/v1/object/public/covers/ec732486-17ec-428a-9d22-0d7da8a01ee6/map-previews/1279b462-3e0c-48c6-9986-e647dbbc40c4.webp?v=36624,YES,YES,YES,NOT_DISPLAYED,,/home/ubuntu/browser_html/worldos_cc_maps_1787653893171.html
全部,220,⚔️ 中世纪生活 ⚔️,Felix-0dad65,/zh-cn/worlds/vida-medieval-br3p,/worlds/vida-medieval-br3p,YES,https://qunsyxsdbqpinxyjqrqp.supabase.co/storage/v1/object/public/covers/fbb3c935-209f-442b-982c-93e0e82b3fa9/map-previews/c191fa27-b6e3-4eef-9d40-e12a09244c6d.webp?v=70106,YES,YES,YES,NOT_DISPLAYED,,/home/ubuntu/browser_html/worldos_cc_maps_1787653893171.html
全部,221,符文之地：英雄传说模拟器,985530482,/zh-cn/worlds/fu-wen-zhi-di-ying-xiong-zhuan-shuo-mo-n-4796d234184d,/worlds/fu-wen-zhi-di-ying-xiong-zhuan-shuo-mo-n-4796d234184d,NO,,YES,YES,YES,NOT_DISPLAYED,,/home/ubuntu/browser_html/worldos_cc_maps_1787653893171.html
全部,222,三国模拟器,1336465784,/zh-cn/worlds/san-guo-mo-ni-qi-7i9g,/worlds/san-guo-mo-ni-qi-7i9g,YES,https://qunsyxsdbqpinxyjqrqp.supabase.co/storage/v1/object/public/covers/6d0cdd49-7cbe-49b0-8d87-c4d248360881/map-previews/f4a7d133-0a17-4000-8b00-000000000004.webp?v=48286,YES,YES,YES,NOT_DISPLAYED,,/home/ubuntu/browser_html/worldos_cc_maps_1787653893171.html
全部,223,⚔️ 中世纪生活 ⚔️,jubeknyagong41,/zh-cn/worlds/medieval-life-0rk8,/worlds/medieval-life-0rk8,YES,https://qunsyxsdbqpinxyjqrqp.supabase.co/storage/v1/object/public/covers/41927139-c7f7-4831-aa70-efc680404c38/map-previews/96e37862-304a-4463-b432-9b1ad98d9e81.webp?v=70106,YES,YES,YES,NOT_DISPLAYED,,/home/ubuntu/browser_html/worldos_cc_maps_1787653893171.html
全部,224,DC宇宙,Ultron,/zh-cn/worlds/dc-universe-jwq3,/worlds/dc-universe-jwq3,YES,https://qunsyxsdbqpinxyjqrqp.supabase.co/storage/v1/object/public/covers/fb282042-b921-4489-9f13-e699ec7bd34f/map-previews/770c4509-fea2-4df8-8e17-7e7861376bb1.webp?v=27998,YES,YES,YES,NOT_DISPLAYED,,/home/ubuntu/browser_html/worldos_cc_maps_1787653893171.html
全部,225,精灵宝可梦：东卿的传承之路,lyh1993813,/zh-cn/worlds/jing-ling-bao-ke-meng-dong-qing-de-chuan-fe5d55edba57,/worlds/jing-ling-bao-ke-meng-dong-qing-de-chuan-fe5d55edba57,YES,https://qunsyxsdbqpinxyjqrqp.supabase.co/storage/v1/object/public/covers/ec732486-17ec-428a-9d22-0d7da8a01ee6/map-previews/1279b462-3e0c-48c6-9986-e647dbbc40c4.webp?v=36624,YES,YES,YES,NOT_DISPLAYED,,/home/ubuntu/browser_html/worldos_cc_maps_1787653893171.html
全部,226,鬼灭之刃模拟器,No entral Shh,/zh-cn/worlds/demon-slayer-simulator-km3a,/worlds/demon-slayer-simulator-km3a,YES,/maps/demon-slayer-japan.webp,YES,YES,YES,NOT_DISPLAYED,,/home/ubuntu/browser_html/worldos_cc_maps_1787653893171.html
全部,227,黑色五叶草：通往魔法帝之路,Black Octopi 🐙,/zh-cn/worlds/black-clover-el-camino-al-rey-mago-0e99ea38f499,/worlds/black-clover-el-camino-al-rey-mago-0e99ea38f499,YES,https://qunsyxsdbqpinxyjqrqp.supabase.co/storage/v1/object/public/covers/7b12843e-407c-449e-ade9-064cd1738897/map-previews/addaa06d-3a88-4e2d-a37e-57e23905e120.webp?v=88320,YES,YES,YES,NOT_DISPLAYED,,/home/ubuntu/browser_html/worldos_cc_maps_1787653893171.html
全部,228,蝙蝠家族大冒险,Hust,/zh-cn/worlds/batfamily-adventures-vean,/worlds/batfamily-adventures-vean,YES,https://qunsyxsdbqpinxyjqrqp.supabase.co/storage/v1/object/public/covers/1f45b73e-8cab-46f4-b026-82405d9c9ed1/map-previews/fbe70eca-21c9-45d8-8a20-8df1d8149771.webp?v=83596,YES,YES,YES,NOT_DISPLAYED,,/home/ubuntu/browser_html/worldos_cc_maps_1787653893171.html
全部,229,HUMANS,Santiago-b59582,/zh-cn/worlds/humans-v61v,/worlds/humans-v61v,YES,https://qunsyxsdbqpinxyjqrqp.supabase.co/storage/v1/object/public/covers/b59582b0-a8c4-4fc0-83e4-5e01ca86b64a/map-previews/38f9e598-928a-4cbb-b0c4-c7f285ce9818.webp?v=142180,YES,YES,YES,NOT_DISPLAYED,,/home/ubuntu/browser_html/worldos_cc_maps_1787653893171.html
全部,230,二战模拟器,504567928,/zh-cn/worlds/ww2-rpo9,/worlds/ww2-rpo9,YES,https://qunsyxsdbqpinxyjqrqp.supabase.co/storage/v1/object/public/covers/6d0cdd49-7cbe-49b0-8d87-c4d248360881/map-previews/22222222-2222-2222-2222-222222222222.webp?v=23294,YES,YES,YES,NOT_DISPLAYED,,/home/ubuntu/browser_html/worldos_cc_maps_1787653893171.html
全部,231,鬼灭之刃模拟器,2512549256,/zh-cn/worlds/demon-slayer-simulator-qie1,/worlds/demon-slayer-simulator-qie1,YES,/maps/demon-slayer-japan.webp,YES,YES,YES,NOT_DISPLAYED,,/home/ubuntu/browser_html/worldos_cc_maps_1787653893171.html
全部,232,《精灵宝可梦》·万象旅途,2720799023,/zh-cn/worlds/jing-ling-bao-ke-meng-wan-xiang-l-tu-6ab-on8p,/worlds/jing-ling-bao-ke-meng-wan-xiang-l-tu-6ab-on8p,YES,https://qunsyxsdbqpinxyjqrqp.supabase.co/storage/v1/object/public/covers/ec732486-17ec-428a-9d22-0d7da8a01ee6/map-previews/1279b462-3e0c-48c6-9986-e647dbbc40c4.webp?v=36624,YES,YES,YES,NOT_DISPLAYED,,/home/ubuntu/browser_html/worldos_cc_maps_1787653893171.html
全部,233,Sotto Voce (金属家族),rock hard,/zh-cn/worlds/sotto-voce-metal-family-vakb,/worlds/sotto-voce-metal-family-vakb,YES,https://qunsyxsdbqpinxyjqrqp.supabase.co/storage/v1/object/public/covers/02521fb9-bc2b-4455-8e51-0c9072328188/map-previews/b6f3f7bc-2326-4c04-86c6-8bde8a4a8c4e.webp?v=74248,YES,YES,YES,NOT_DISPLAYED,,/home/ubuntu/browser_html/worldos_cc_maps_1787653893171.html
全部,234,Demon Slayer Simulator Copia,eleo paez,/zh-cn/worlds/demon-slayer-simulator-esqq,/worlds/demon-slayer-simulator-esqq,YES,https://qunsyxsdbqpinxyjqrqp.supabase.co/storage/v1/object/public/covers/82508401-623d-451f-bbe5-d1ec257c8c3e/map-previews/d545fefb-a486-40ad-a246-f6da60b256ee.webp?v=8350,YES,YES,YES,NOT_DISPLAYED,,/home/ubuntu/browser_html/worldos_cc_maps_1787653893171.html
全部,235,真实人生,w.s,/zh-cn/worlds/actual-life-nyj1,/worlds/actual-life-nyj1,YES,https://qunsyxsdbqpinxyjqrqp.supabase.co/storage/v1/object/public/covers/6d0cdd49-7cbe-49b0-8d87-c4d248360881/map-previews/2026aaaa-0000-4000-8000-000000000001.webp?v=19310,YES,YES,YES,NOT_DISPLAYED,,/home/ubuntu/browser_html/worldos_cc_maps_1787653893171.html
全部,236,Academia Vesper,martinitaliz9,/zh-cn/worlds/academia-vesper-6zji,/worlds/academia-vesper-6zji,YES,https://qunsyxsdbqpinxyjqrqp.supabase.co/storage/v1/object/public/covers/4edb4ce0-c6b5-46b3-b8aa-1fe10b3547e0/map-previews/ce5e3000-5895-4263-b4ce-bfa02d2a70e4.webp?v=27382,YES,YES,YES,NOT_DISPLAYED,,/home/ubuntu/browser_html/worldos_cc_maps_1787653893171.html
全部,237,《精灵宝可梦》·万象旅途(改),1227554258,/zh-cn/worlds/jing-ling-bao-ke-meng-wan-xiang-l-tu-6ab-5a7r,/worlds/jing-ling-bao-ke-meng-wan-xiang-l-tu-6ab-5a7r,YES,https://qunsyxsdbqpinxyjqrqp.supabase.co/storage/v1/object/public/covers/ec732486-17ec-428a-9d22-0d7da8a01ee6/map-previews/1279b462-3e0c-48c6-9986-e647dbbc40c4.webp?v=36624,YES,YES,YES,NOT_DISPLAYED,,/home/ubuntu/browser_html/worldos_cc_maps_1787653893171.html
全部,238,恶魔之魂,Vera María Ochoa,/zh-cn/worlds/demonn-rdx5,/worlds/demonn-rdx5,YES,/maps/demon-slayer-japan.webp,YES,YES,YES,NOT_DISPLAYED,,/home/ubuntu/browser_html/worldos_cc_maps_1787653893171.html
全部,239,鬼灭之刃 2099：赛博呼吸法,Samt,/zh-cn/worlds/demon-slayer-2099-cyber-breathing-0hsz,/worlds/demon-slayer-2099-cyber-breathing-0hsz,YES,https://qunsyxsdbqpinxyjqrqp.supabase.co/storage/v1/object/public/covers/a295b30d-7b67-4798-a488-b76d6d63f0b4/map-previews/4992e1d2-0347-4b4e-99f1-52c53d0c28bd.webp?v=8350,YES,YES,YES,NOT_DISPLAYED,,/home/ubuntu/browser_html/worldos_cc_maps_1787653893171.html
全部,240,鬼灭之刃模拟器,Legion,/zh-cn/worlds/demon-slayer-simulator-7kw5,/worlds/demon-slayer-simulator-7kw5,YES,/maps/demon-slayer-japan.webp,YES,YES,YES,NOT_DISPLAYED,,/home/ubuntu/browser_html/worldos_cc_maps_1787653893171.html
全部,241,鬼灭之刃模拟器,Starflarex,/zh-cn/worlds/demon-slayer-simulator-17zk,/worlds/demon-slayer-simulator-17zk,YES,/maps/demon-slayer-japan.webp,YES,YES,YES,NOT_DISPLAYED,,/home/ubuntu/browser_html/worldos_cc_maps_1787653893171.html
全部,242,鬼灭之刃模拟器,Ale222xxx,/zh-cn/worlds/demon-slayer-simulator-h432,/worlds/demon-slayer-simulator-h432,YES,/maps/demon-slayer-japan.webp,YES,YES,YES,NOT_DISPLAYED,,/home/ubuntu/browser_html/worldos_cc_maps_1787653893171.html
全部,243,二战模拟器,Claudia Hernandez Hernandez,/zh-cn/worlds/ww2-h68w,/worlds/ww2-h68w,YES,https://qunsyxsdbqpinxyjqrqp.supabase.co/storage/v1/object/public/covers/6d0cdd49-7cbe-49b0-8d87-c4d248360881/map-previews/22222222-2222-2222-2222-222222222222.webp?v=23294,YES,YES,YES,NOT_DISPLAYED,,/home/ubuntu/browser_html/worldos_cc_maps_1787653893171.html
全部,244,2026年1月1日,Valerie Milla,/zh-cn/worlds/01-01-2026-5gic,/worlds/01-01-2026-5gic,YES,https://qunsyxsdbqpinxyjqrqp.supabase.co/storage/v1/object/public/covers/6d0cdd49-7cbe-49b0-8d87-c4d248360881/map-previews/2026aaaa-0000-4000-8000-000000000001.webp?v=19310,YES,YES,YES,NOT_DISPLAYED,,/home/ubuntu/browser_html/worldos_cc_maps_1787653893171.html
全部,245,Simulador de Harry Potter,Elisa Ormaza,/zh-cn/worlds/simulador-de-harry-potter-1n0b,/worlds/simulador-de-harry-potter-1n0b,YES,https://qunsyxsdbqpinxyjqrqp.supabase.co/storage/v1/object/public/covers/6df20fc3-c1a7-4b9c-bc0c-39983abd476f/map-previews/6ba259b2-383a-4233-a737-151157f4b29e.webp?v=23238,YES,YES,YES,NOT_DISPLAYED,,/home/ubuntu/browser_html/worldos_cc_maps_1787653893171.html
全部,246,鬼灭之刃模拟器,3529721818,/zh-cn/worlds/demon-slayer-simulator-a7jt,/worlds/demon-slayer-simulator-a7jt,YES,/maps/demon-slayer-japan.webp,YES,YES,YES,NOT_DISPLAYED,,/home/ubuntu/browser_html/worldos_cc_maps_1787653893171.html
全部,247,中世纪奇幻模拟器,2765810848,/zh-cn/worlds/simulador-de-fantas-a-medieval-woic,/worlds/simulador-de-fantas-a-medieval-woic,YES,https://qunsyxsdbqpinxyjqrqp.supabase.co/storage/v1/object/public/covers/366d0e5e-fcac-4207-bb67-5fe29416c894/map-previews/6415e926-9c75-426f-9fd7-bb5ba3637c8f.webp?v=21292,YES,YES,YES,NOT_DISPLAYED,,/home/ubuntu/browser_html/worldos_cc_maps_1787653893171.html
全部,248,Demon Slayer Simulator Copia,Snoopy snoopyloopy,/zh-cn/worlds/demon-slayer-simulator-6edy,/worlds/demon-slayer-simulator-6edy,YES,https://qunsyxsdbqpinxyjqrqp.supabase.co/storage/v1/object/public/covers/78f076ea-73df-4757-a37f-adbe63ebf37a/map-previews/6735f5ba-cba4-4cdb-bf60-260509e7e45d.webp?v=8350,YES,YES,YES,NOT_DISPLAYED,,/home/ubuntu/browser_html/worldos_cc_maps_1787653893171.html
全部,249,二战：1935世界,NIUrni,/zh-cn/worlds/ww2-u3ye,/worlds/ww2-u3ye,YES,https://qunsyxsdbqpinxyjqrqp.supabase.co/storage/v1/object/public/covers/f00f2ada-0c4d-4644-bd73-9b7d6e20cdbc/map-previews/d05fb55e-2084-4782-b79e-33a0eb6c27e3.webp?v=23238,YES,YES,YES,NOT_DISPLAYED,,/home/ubuntu/browser_html/worldos_cc_maps_1787653893171.html
全部,250,主播女孩重度依赖 (Needy Streamer Overload),retohaxpy,/zh-cn/worlds/needy-streamer-overload-xc8b,/worlds/needy-streamer-overload-xc8b,YES,https://qunsyxsdbqpinxyjqrqp.supabase.co/storage/v1/object/public/covers/6d0cdd49-7cbe-49b0-8d87-c4d248360881/map-previews/57a1da00-0000-4000-8b00-000000000001.webp?v=33316,YES,YES,YES,NOT_DISPLAYED,,/home/ubuntu/browser_html/worldos_cc_maps_1787653893171.html
全部,251,Demon Slayer Simulator Copia,Gabriel Ling,/zh-cn/worlds/demon-slayer-simulator-mq2a,/worlds/demon-slayer-simulator-mq2a,YES,https://qunsyxsdbqpinxyjqrqp.supabase.co/storage/v1/object/public/covers/31e9144c-8564-4199-b102-3c1459998ae5/map-previews/00bf2f8d-1063-42da-a01f-a7857d97f1a1.webp?v=8350,YES,YES,YES,NOT_DISPLAYED,,/home/ubuntu/browser_html/worldos_cc_maps_1787653893171.html
全部,252,SANGRE DE SANTO,KERO,/zh-cn/worlds/sangre-de-santo-s4uw,/worlds/sangre-de-santo-s4uw,YES,https://qunsyxsdbqpinxyjqrqp.supabase.co/storage/v1/object/public/covers/f4c2d6af-91ab-4cea-adcb-02b71031d264/map-previews/e395b1bd-0ef5-40d0-88da-49718ac3cb07.webp?v=18470,YES,YES,YES,NOT_DISPLAYED,,/home/ubuntu/browser_html/worldos_cc_maps_1787653893171.html
全部,253,龙之屋,Bianca Borrelli,/zh-cn/worlds/house-of-the-dragons-lm7w,/worlds/house-of-the-dragons-lm7w,YES,https://qunsyxsdbqpinxyjqrqp.supabase.co/storage/v1/object/public/covers/6d0cdd49-7cbe-49b0-8d87-c4d248360881/map-previews/a50f1c33-0a17-4000-8b00-000000000003.webp?v=5130,YES,YES,YES,NOT_DISPLAYED,,/home/ubuntu/browser_html/worldos_cc_maps_1787653893171.html
全部,254,三国：女将传,yasac yasac,/zh-cn/worlds/three-kingdoms-a-lady-s-tale-mpto,/worlds/three-kingdoms-a-lady-s-tale-mpto,YES,https://qunsyxsdbqpinxyjqrqp.supabase.co/storage/v1/object/public/covers/6d0cdd49-7cbe-49b0-8d87-c4d248360881/map-previews/64671d42-2968-4ba1-992e-09f40970aba2.webp?v=48286,YES,YES,YES,NOT_DISPLAYED,,/home/ubuntu/browser_html/worldos_cc_maps_1787653893171.html
全部,255,少年泰坦,Kiara../:,/zh-cn/worlds/teen-titans-pm99,/worlds/teen-titans-pm99,YES,https://qunsyxsdbqpinxyjqrqp.supabase.co/storage/v1/object/public/covers/20cbabe7-0616-4820-ac88-434098164dbc/map-previews/83151076-6514-4b4b-be88-d272ec2fc43d.webp?v=76470,YES,YES,YES,NOT_DISPLAYED,,/home/ubuntu/browser_html/worldos_cc_maps_1787653893171.html
全部,256,Demon Slayer Simulator Copy,Agustin Aguero,/zh-cn/worlds/demon-slayer-simulator-ojk3,/worlds/demon-slayer-simulator-ojk3,YES,https://qunsyxsdbqpinxyjqrqp.supabase.co/storage/v1/object/public/covers/6d0cdd49-7cbe-49b0-8d87-c4d248360881/map-previews/5007ebd9-c15f-4e28-bc28-38cbe0be39c9.webp?v=8352,YES,YES,YES,NOT_DISPLAYED,,/home/ubuntu/browser_html/worldos_cc_maps_1787653893171.html
全部,257,El tesoro del pirata,Adriana Hidalgo,/zh-cn/worlds/el-tesoro-del-pirata-j492,/worlds/el-tesoro-del-pirata-j492,YES,https://qunsyxsdbqpinxyjqrqp.supabase.co/storage/v1/object/public/covers/618d415c-258a-413b-bda9-63b3c7c1a624/map-previews/6977afab-08e7-4eab-ab74-98b7626d3b4e.webp?v=93714,YES,YES,YES,NOT_DISPLAYED,,/home/ubuntu/browser_html/worldos_cc_maps_1787653893171.html
全部,258,⚔️ 中世纪生活 ⚔️,Manhwa Bls2025,/zh-cn/worlds/vida-medieval-cdgq,/worlds/vida-medieval-cdgq,YES,https://qunsyxsdbqpinxyjqrqp.supabase.co/storage/v1/object/public/covers/b27f7c4b-9249-49bd-92eb-81ef2e7c3680/map-previews/033d600c-519c-4339-af08-9b175689999b.webp?v=70106,YES,YES,YES,NOT_DISPLAYED,,/home/ubuntu/browser_html/worldos_cc_maps_1787653893171.html
全部,259,El mundo fantasioso de Eretria,8cho It's a better name,/zh-cn/worlds/el-mundo-fantasioso-de-eretria-o5pk,/worlds/el-mundo-fantasioso-de-eretria-o5pk,YES,https://qunsyxsdbqpinxyjqrqp.supabase.co/storage/v1/object/public/covers/a0dc6add-fb75-4fc3-80f2-b6f5d18de1a3/map-previews/d1768a7d-8062-4c21-9a4e-7acb40b465cf.webp?v=13204,YES,YES,YES,NOT_DISPLAYED,,/home/ubuntu/browser_html/worldos_cc_maps_1787653893171.html
全部,260,鬼灭之刃模拟器,Sara Guiñazu,/zh-cn/worlds/demon-slayer-simulator-txdk,/worlds/demon-slayer-simulator-txdk,YES,https://qunsyxsdbqpinxyjqrqp.supabase.co/storage/v1/object/public/covers/0b47230e-0126-4483-94bc-e7f019495d27/map-previews/d0426b1c-a0b7-4f43-90b6-5a24e91a651c.webp?v=8350,YES,YES,YES,NOT_DISPLAYED,,/home/ubuntu/browser_html/worldos_cc_maps_1787653893171.html
全部,261,西方奇幻世界测试版,溫溫,/zh-cn/worlds/zhong-shi-ji-qi-huan-rpg-shi-jie-xjjw,/worlds/zhong-shi-ji-qi-huan-rpg-shi-jie-xjjw,YES,https://qunsyxsdbqpinxyjqrqp.supabase.co/storage/v1/object/public/covers/a8219094-719f-40a5-8049-b9b3198b7d59/map-previews/b0d4ca9f-4444-4274-8e28-26810d7b1ff3.webp?v=101186,YES,YES,YES,NOT_DISPLAYED,,/home/ubuntu/browser_html/worldos_cc_maps_1787653893171.html
全部,262,#1,Maria Romano,/zh-cn/worlds/1-nwe4,/worlds/1-nwe4,YES,https://qunsyxsdbqpinxyjqrqp.supabase.co/storage/v1/object/public/covers/6d0cdd49-7cbe-49b0-8d87-c4d248360881/map-previews/f4a7d133-0a17-4000-8b00-000000000004.webp?v=48286,YES,YES,YES,NOT_DISPLAYED,,/home/ubuntu/browser_html/worldos_cc_maps_1787653893171.html
全部,263,鬼灭之刃模拟器,abrahamzeus59,/zh-cn/worlds/demon-slayer-simulator-23ff,/worlds/demon-slayer-simulator-23ff,YES,https://qunsyxsdbqpinxyjqrqp.supabase.co/storage/v1/object/public/covers/8474c37e-9dc3-42c1-a246-0e7617d99263/map-previews/ba5d4311-c393-4434-b29b-dcf8bd96070a.webp?v=8350,YES,YES,YES,NOT_DISPLAYED,,/home/ubuntu/browser_html/worldos_cc_maps_1787653893171.html
全部,264,鬼灭之刃模拟器,Ana sofia Mena clarete,/zh-cn/worlds/demon-slayer-simulator-sg0y,/worlds/demon-slayer-simulator-sg0y,YES,/maps/demon-slayer-japan.webp,YES,YES,YES,NOT_DISPLAYED,,/home/ubuntu/browser_html/worldos_cc_maps_1787653893171.html
全部,265,DC宇宙,Alex Constantine,/zh-cn/worlds/dc-universe-qfxr,/worlds/dc-universe-qfxr,YES,https://qunsyxsdbqpinxyjqrqp.supabase.co/storage/v1/object/public/covers/fb282042-b921-4489-9f13-e699ec7bd34f/map-previews/770c4509-fea2-4df8-8e17-7e7861376bb1.webp?v=27998,YES,YES,YES,NOT_DISPLAYED,,/home/ubuntu/browser_html/worldos_cc_maps_1787653893171.html
全部,266,我的世界,Fabiola Meléndez Guevara,/zh-cn/worlds/mi-mundo-vus6,/worlds/mi-mundo-vus6,YES,https://qunsyxsdbqpinxyjqrqp.supabase.co/storage/v1/object/public/covers/17403a69-635c-4e86-9817-f42034110a74/map-previews/beed6b1e-24a8-4435-ab9d-db43a2790463.webp?v=19364,YES,YES,YES,NOT_DISPLAYED,,/home/ubuntu/browser_html/worldos_cc_maps_1787653893171.html
全部,267,Mundo de fantasía medieval RPG Copia,8cho It's a better name,/zh-cn/worlds/simulador-de-rpg-de-fantas-a-medieval-ozwr,/worlds/simulador-de-rpg-de-fantas-a-medieval-ozwr,YES,https://qunsyxsdbqpinxyjqrqp.supabase.co/storage/v1/object/public/covers/a8219094-719f-40a5-8049-b9b3198b7d59/map-previews/b0d4ca9f-4444-4274-8e28-26810d7b1ff3.webp?v=101186,YES,YES,YES,NOT_DISPLAYED,,/home/ubuntu/browser_html/worldos_cc_maps_1787653893171.html
全部,268,海上的传说,Cristina VQ,/zh-cn/worlds/hogwarts-bl7h,/worlds/hogwarts-bl7h,YES,https://qunsyxsdbqpinxyjqrqp.supabase.co/storage/v1/object/public/covers/98324d5e-67f2-4d7b-85a6-4da74d8597aa/map-previews/fd3dbc9f-b4df-469e-b87f-42062dbad554.webp?v=38068,YES,YES,YES,NOT_DISPLAYED,,/home/ubuntu/browser_html/worldos_cc_maps_1787653893171.html
全部,269,《精灵宝可梦·万象旅途》 副本,312284068,/zh-cn/worlds/jing-ling-bao-ke-meng-wan-xiang-l-tu-6ab-gqrp,/worlds/jing-ling-bao-ke-meng-wan-xiang-l-tu-6ab-gqrp,YES,https://qunsyxsdbqpinxyjqrqp.supabase.co/storage/v1/object/public/covers/ec732486-17ec-428a-9d22-0d7da8a01ee6/map-previews/1279b462-3e0c-48c6-9986-e647dbbc40c4.webp?v=36624,YES,YES,YES,NOT_DISPLAYED,,/home/ubuntu/browser_html/worldos_cc_maps_1787653893171.html
全部,270,鬼灭模拟器,hyagleeo,/zh-cn/worlds/demon-slayer-simulator-yqbe,/worlds/demon-slayer-simulator-yqbe,YES,/maps/demon-slayer-japan.webp,YES,YES,YES,NOT_DISPLAYED,,/home/ubuntu/browser_html/worldos_cc_maps_1787653893171.html
全部,271,权力的游戏模拟器(冰与火之歌),Nicol,/zh-cn/worlds/westeros-o6yp,/worlds/westeros-o6yp,YES,https://qunsyxsdbqpinxyjqrqp.supabase.co/storage/v1/object/public/covers/6d0cdd49-7cbe-49b0-8d87-c4d248360881/map-previews/a50f1c33-0a17-4000-8b00-000000000003.webp?v=5130,YES,YES,YES,NOT_DISPLAYED,,/home/ubuntu/browser_html/worldos_cc_maps_1787653893171.html
全部,272,中世纪奇幻模拟器,Zayn,/zh-cn/worlds/simulador-de-fantas-a-medieval-mohm,/worlds/simulador-de-fantas-a-medieval-mohm,YES,https://qunsyxsdbqpinxyjqrqp.supabase.co/storage/v1/object/public/covers/182dcf97-5fc1-4890-81e3-159209fb6100/map-previews/31ad9fca-75c3-414f-bf31-0db620951886.webp?v=21292,YES,YES,YES,NOT_DISPLAYED,,/home/ubuntu/browser_html/worldos_cc_maps_1787653893171.html
全部,273,鬼灭之刃模拟器,Trafalgar Lauw,/zh-cn/worlds/demon-slayer-simulator-nty3,/worlds/demon-slayer-simulator-nty3,YES,/maps/demon-slayer-japan.webp,YES,YES,YES,NOT_DISPLAYED,,/home/ubuntu/browser_html/worldos_cc_maps_1787653893171.html
全部,274,₊˚‧ 索尼克世界 ˚.,Fake Amy,/zh-cn/worlds/o-i-o-50y6,/worlds/o-i-o-50y6,YES,https://qunsyxsdbqpinxyjqrqp.supabase.co/storage/v1/object/public/covers/4fd2a52d-1b40-44d5-b9af-cc5e2c743340/map-previews/83d3ce0f-2d8f-499f-8bc8-c937fffa2c23.webp?v=42184,YES,YES,YES,NOT_DISPLAYED,,/home/ubuntu/browser_html/worldos_cc_maps_1787653893171.html
全部,275,拉拉,STARMAN,/zh-cn/worlds/lala-8do9,/worlds/lala-8do9,YES,https://qunsyxsdbqpinxyjqrqp.supabase.co/storage/v1/object/public/covers/6d0cdd49-7cbe-49b0-8d87-c4d248360881/map-previews/c3a0f2d4-8b1e-4e5a-9c6d-1a2b3c4d5e6f.webp?v=8352,YES,YES,YES,NOT_DISPLAYED,,/home/ubuntu/browser_html/worldos_cc_maps_1787653893171.html
全部,276,权力的游戏模拟器(冰与火之歌),made33,/zh-cn/worlds/westeros-rows,/worlds/westeros-rows,YES,https://qunsyxsdbqpinxyjqrqp.supabase.co/storage/v1/object/public/covers/2dec12a0-2db5-4ae3-9f53-73e9c5f1f8a1/map-previews/1df31dd1-cbcd-45fa-b003-e8c5451c95bb.webp?v=5142,YES,YES,YES,NOT_DISPLAYED,,/home/ubuntu/browser_html/worldos_cc_maps_1787653893171.html
全部,277,咒术回战,marta-817bca,/zh-cn/worlds/jujutsukaisen-m02z,/worlds/jujutsukaisen-m02z,YES,https://qunsyxsdbqpinxyjqrqp.supabase.co/storage/v1/object/public/covers/817bca99-d557-4998-bc46-9f1e199df24f/map-previews/b3faba32-e989-4e10-b7c1-c0005395b099.webp?v=8034,YES,YES,YES,NOT_DISPLAYED,,/home/ubuntu/browser_html/worldos_cc_maps_1787653893171.html
全部,278,DC宇宙,Ronald Harbigui,/zh-cn/worlds/dc-universe-t616,/worlds/dc-universe-t616,YES,https://qunsyxsdbqpinxyjqrqp.supabase.co/storage/v1/object/public/covers/fb282042-b921-4489-9f13-e699ec7bd34f/map-previews/770c4509-fea2-4df8-8e17-7e7861376bb1.webp?v=27998,YES,YES,YES,NOT_DISPLAYED,,/home/ubuntu/browser_html/worldos_cc_maps_1787653893171.html
全部,279,Jujutsu Kaisen Simulator,KAI,/zh-cn/worlds/jujutsu-kaisen-simulator-c1dfa143d3e9,/worlds/jujutsu-kaisen-simulator-c1dfa143d3e9,YES,https://qunsyxsdbqpinxyjqrqp.supabase.co/storage/v1/object/public/covers/e3899c58-3a5e-4a74-a18b-88e3caf9901f/map-previews/4d4d7273-b5cf-4a5f-879f-afd464ddefe5.webp?v=8034,YES,YES,YES,NOT_DISPLAYED,,/home/ubuntu/browser_html/worldos_cc_maps_1787653893171.html
全部,280,鬼灭之刃模拟器,Samantha_2706,/zh-cn/worlds/demon-slayer-simulator-a9y8,/worlds/demon-slayer-simulator-a9y8,YES,/maps/demon-slayer-japan.webp,YES,YES,YES,NOT_DISPLAYED,,/home/ubuntu/browser_html/worldos_cc_maps_1787653893171.html
全部,281,Nova City RP,gennysss guxman,/zh-cn/worlds/nova-city-rp-xpfc,/worlds/nova-city-rp-xpfc,YES,https://qunsyxsdbqpinxyjqrqp.supabase.co/storage/v1/object/public/covers/012ce406-7e6f-48a0-baf4-165ab2f0f1af/map-previews/c8561458-6299-4b37-8bcd-918fa537eb2b.webp?v=75170,YES,YES,YES,NOT_DISPLAYED,,/home/ubuntu/browser_html/worldos_cc_maps_1787653893171.html
全部,282,鬼灭之刃模拟器,personal,/zh-cn/worlds/demon-slayer-simulator-k544,/worlds/demon-slayer-simulator-k544,YES,/maps/demon-slayer-japan.webp,YES,YES,YES,NOT_DISPLAYED,,/home/ubuntu/browser_html/worldos_cc_maps_1787653893171.html
全部,283,鬼灭之刃模拟器,Amaya Aliné,/zh-cn/worlds/demon-slayer-simulator-2s21,/worlds/demon-slayer-simulator-2s21,YES,/maps/demon-slayer-japan.webp,YES,YES,YES,NOT_DISPLAYED,,/home/ubuntu/browser_html/worldos_cc_maps_1787653893171.html
全部,284,Sans AUs,Luli_67,/zh-cn/worlds/sans-au-s-jhfu,/worlds/sans-au-s-jhfu,YES,https://qunsyxsdbqpinxyjqrqp.supabase.co/storage/v1/object/public/covers/815ae27b-b889-466b-ba9c-b26881c5d99e/map-previews/0e8ead13-eeae-4391-8cc5-952b6a78f238.webp?v=33740,YES,YES,YES,NOT_DISPLAYED,,/home/ubuntu/browser_html/worldos_cc_maps_1787653893171.html
全部,285,Amor en Tiempos de Guerra: Sabrina y Jungkook,Sabrina Frometa Montero,/zh-cn/worlds/amor-en-tiempos-de-guerra-sabrina-y-jung-f984,/worlds/amor-en-tiempos-de-guerra-sabrina-y-jung-f984,YES,https://qunsyxsdbqpinxyjqrqp.supabase.co/storage/v1/object/public/covers/6d0cdd49-7cbe-49b0-8d87-c4d248360881/map-previews/22222222-2222-2222-2222-222222222222.webp?v=23294,YES,YES,YES,NOT_DISPLAYED,,/home/ubuntu/browser_html/worldos_cc_maps_1787653893171.html
全部,286,⚔️ 中世纪生活 ⚔️,❀𝓝𝓾𝓫𝓮,/zh-cn/worlds/vida-medieval-baiq,/worlds/vida-medieval-baiq,YES,https://qunsyxsdbqpinxyjqrqp.supabase.co/storage/v1/object/public/covers/bb342191-c1ac-44fd-b28a-58a52449dd14/map-previews/01d16e9a-7e09-408d-95cf-5d98c5da56ad.webp?v=70106,YES,YES,YES,NOT_DISPLAYED,,/home/ubuntu/browser_html/worldos_cc_maps_1787653893171.html
全部,287,鬼灭之刃模拟器,Nanakisses,/zh-cn/worlds/demon-slayer-simulator-ern2,/worlds/demon-slayer-simulator-ern2,YES,https://qunsyxsdbqpinxyjqrqp.supabase.co/storage/v1/object/public/covers/ff0627e7-a8ee-4fe6-8278-9934acec8c33/map-previews/da3ec22a-bffd-4e78-98d3-aa36c1026b36.webp?v=8350,YES,YES,YES,NOT_DISPLAYED,,/home/ubuntu/browser_html/worldos_cc_maps_1787653893171.html
全部,288,中世纪奇幻RPG世界,Kiki adelei Amaya araya,/zh-cn/worlds/simulador-de-rpg-de-fantas-a-medieval-yy6j,/worlds/simulador-de-rpg-de-fantas-a-medieval-yy6j,YES,https://qunsyxsdbqpinxyjqrqp.supabase.co/storage/v1/object/public/covers/a8219094-719f-40a5-8049-b9b3198b7d59/map-previews/b0d4ca9f-4444-4274-8e28-26810d7b1ff3.webp?v=101186,YES,YES,YES,NOT_DISPLAYED,,/home/ubuntu/browser_html/worldos_cc_maps_1787653893171.html
全部,289,DC宇宙,Keshi445,/zh-cn/worlds/dc-universe-x4pg,/worlds/dc-universe-x4pg,YES,https://qunsyxsdbqpinxyjqrqp.supabase.co/storage/v1/object/public/covers/fb496361-f66c-4282-a436-d38708c75b40/map-previews/3250e255-9fdd-4ab1-a493-4e96d8920bdb.webp?v=27998,YES,YES,YES,NOT_DISPLAYED,,/home/ubuntu/browser_html/worldos_cc_maps_1787653893171.html
全部,290,muzan simulator,3.Nguyễn Mạnh Đức,/zh-cn/worlds/qu-w76o,/worlds/qu-w76o,YES,https://qunsyxsdbqpinxyjqrqp.supabase.co/storage/v1/object/public/covers/6d0cdd49-7cbe-49b0-8d87-c4d248360881/map-previews/2026aaaa-0000-4000-8000-000000000001.webp?v=19310,YES,YES,YES,NOT_DISPLAYED,,/home/ubuntu/browser_html/worldos_cc_maps_1787653893171.html
全部,291,₊˚‧ 索尼克世界 ˚.,Santos Oviedo,/zh-cn/worlds/o-i-o-i3ge,/worlds/o-i-o-i3ge,YES,https://qunsyxsdbqpinxyjqrqp.supabase.co/storage/v1/object/public/covers/a14637a0-3613-4864-a9bf-662cd1692174/map-previews/7425fae0-e540-445e-8b30-e91df92f06b1.webp?v=42184,YES,YES,YES,NOT_DISPLAYED,,/home/ubuntu/browser_html/worldos_cc_maps_1787653893171.html
全部,292,二战模拟器,Paul Zhang,/zh-cn/worlds/ww2-creh,/worlds/ww2-creh,YES,https://qunsyxsdbqpinxyjqrqp.supabase.co/storage/v1/object/public/covers/6d0cdd49-7cbe-49b0-8d87-c4d248360881/map-previews/8c98b8bf-7fd7-4079-b4f0-ceffc88da896.webp?v=23294,YES,YES,YES,NOT_DISPLAYED,,/home/ubuntu/browser_html/worldos_cc_maps_1787653893171.html
全部,293,二战模拟器,3633717790,/zh-cn/worlds/er-zhan-mo-ni-qi-7opr,/worlds/er-zhan-mo-ni-qi-7opr,YES,https://qunsyxsdbqpinxyjqrqp.supabase.co/storage/v1/object/public/covers/e9e4edd0-7256-4569-9349-4d749b271329/map-previews/478e3b5b-66f8-465a-8074-e9cb62ba4a3b.webp?v=23238,YES,YES,YES,NOT_DISPLAYED,,/home/ubuntu/browser_html/worldos_cc_maps_1787653893171.html
全部,294,龙之舞模拟器,Harold,/zh-cn/worlds/dance-of-the-dragons-simulator-qeeg,/worlds/dance-of-the-dragons-simulator-qeeg,YES,https://qunsyxsdbqpinxyjqrqp.supabase.co/storage/v1/object/public/covers/4d67bf89-006e-403d-a8dd-765bc52aff68/map-previews/6306c5e6-ec85-45c0-9e86-3f7726a296c1.webp?v=5142,YES,YES,YES,NOT_DISPLAYED,,/home/ubuntu/browser_html/worldos_cc_maps_1787653893171.html
全部,295,Minecraft: Story Mode,Leandro Soria Ingratta,/zh-cn/worlds/minecraft-story-mode-zytq,/worlds/minecraft-story-mode-zytq,YES,https://qunsyxsdbqpinxyjqrqp.supabase.co/storage/v1/object/public/covers/33b99c3d-4454-455b-b557-8dcacebb7a87/map-previews/f647be75-c13b-400e-b63d-eb065d82f45f.webp?v=96792,YES,YES,YES,NOT_DISPLAYED,,/home/ubuntu/browser_html/worldos_cc_maps_1787653893171.html
全部,296,蝙蝠家族大冒险,Gyokko,/zh-cn/worlds/batfamily-adventures-i50j,/worlds/batfamily-adventures-i50j,YES,https://qunsyxsdbqpinxyjqrqp.supabase.co/storage/v1/object/public/covers/896ef9fe-7ab0-46d8-8da5-2f9d5af1413a/map-previews/f5d5aa5a-0c9d-43d9-97d5-47656d69a265.webp?v=83596,YES,YES,YES,NOT_DISPLAYED,,/home/ubuntu/browser_html/worldos_cc_maps_1787653893171.html
全部,297,十字军之王 III：GPT 5.6 优化版,Amil E,/zh-cn/worlds/crusader-kings-3-2xf0,/worlds/crusader-kings-3-2xf0,YES,https://qunsyxsdbqpinxyjqrqp.supabase.co/storage/v1/object/public/covers/b4303060-0a4d-4f44-b9af-a71ed8bd45dc/map-previews/acd060f0-529c-4d65-900c-64abbd196f8f.webp?v=21704,YES,YES,YES,NOT_DISPLAYED,,/home/ubuntu/browser_html/worldos_cc_maps_1787653893171.html
全部,298,⚔️ 中世纪生活 ⚔️,matosantonet09,/zh-cn/worlds/vida-medieval-gywx,/worlds/vida-medieval-gywx,YES,https://qunsyxsdbqpinxyjqrqp.supabase.co/storage/v1/object/public/covers/fbb3c935-209f-442b-982c-93e0e82b3fa9/map-previews/c191fa27-b6e3-4eef-9d40-e12a09244c6d.webp?v=70106,YES,YES,YES,NOT_DISPLAYED,,/home/ubuntu/browser_html/worldos_cc_maps_1787653893171.html
全部,299,中世纪奇幻模拟器,Luz Svane,/zh-cn/worlds/simulador-de-fantas-a-medieval-qncr,/worlds/simulador-de-fantas-a-medieval-qncr,YES,https://qunsyxsdbqpinxyjqrqp.supabase.co/storage/v1/object/public/covers/c74f183e-a666-4e10-9135-b6a046705b41/map-previews/0d12b912-3f2a-4657-a7ff-0d822e674baa.webp?v=21292,YES,YES,YES,NOT_DISPLAYED,,/home/ubuntu/browser_html/worldos_cc_maps_1787653893171.html
全部,300,Pokemon 🔴,bikengatai,/zh-cn/worlds/pokemon-48wa,/worlds/pokemon-48wa,YES,https://qunsyxsdbqpinxyjqrqp.supabase.co/storage/v1/object/public/covers/ec732486-17ec-428a-9d22-0d7da8a01ee6/map-previews/1279b462-3e0c-48c6-9986-e647dbbc40c4.webp?v=36624,YES,YES,YES,NOT_DISPLAYED,,/home/ubuntu/browser_html/worldos_cc_maps_1787653893171.html
全部,301,二战模拟器,Sntiago Ruiz,/zh-cn/worlds/ww2-khqx,/worlds/ww2-khqx,YES,https://qunsyxsdbqpinxyjqrqp.supabase.co/storage/v1/object/public/covers/6d0cdd49-7cbe-49b0-8d87-c4d248360881/map-previews/22222222-2222-2222-2222-222222222222.webp?v=23294,YES,YES,YES,NOT_DISPLAYED,,/home/ubuntu/browser_html/worldos_cc_maps_1787653893171.html
全部,302,俄罗斯沙皇国,Alessio Lemos,/zh-cn/worlds/rusia-1sn5,/worlds/rusia-1sn5,YES,https://qunsyxsdbqpinxyjqrqp.supabase.co/storage/v1/object/public/covers/d2f3eed0-ac2a-42dd-821e-fcf742fb8b74/map-previews/5e1f3083-4807-426a-baee-21cad785785b.webp?v=19364,YES,YES,YES,NOT_DISPLAYED,,/home/ubuntu/browser_html/worldos_cc_maps_1787653893171.html
全部,303,二战模拟器,472224365,/zh-cn/worlds/ww2-j5h2,/worlds/ww2-j5h2,YES,https://qunsyxsdbqpinxyjqrqp.supabase.co/storage/v1/object/public/covers/6d0cdd49-7cbe-49b0-8d87-c4d248360881/map-previews/22222222-2222-2222-2222-222222222222.webp?v=23294,YES,YES,YES,NOT_DISPLAYED,,/home/ubuntu/browser_html/worldos_cc_maps_1787653893171.html
全部,304,鬼灭之刃模拟器,Adrien,/zh-cn/worlds/demon-slayer-simulator-p31c,/worlds/demon-slayer-simulator-p31c,YES,https://qunsyxsdbqpinxyjqrqp.supabase.co/storage/v1/object/public/covers/8b3ddfa8-def7-4eec-bf0f-b8dface9b82f/map-previews/f696fd51-ce93-42ff-a020-0942fc45b91a.webp?v=8350,YES,YES,YES,NOT_DISPLAYED,,/home/ubuntu/browser_html/worldos_cc_maps_1787653893171.html
全部,305,Juego de Tronos (Canción de Hielo y Fuego) Copia,Daneilys Mejías,/zh-cn/worlds/westeros-8mlt,/worlds/westeros-8mlt,YES,https://qunsyxsdbqpinxyjqrqp.supabase.co/storage/v1/object/public/covers/6d0cdd49-7cbe-49b0-8d87-c4d248360881/map-previews/a50f1c33-0a17-4000-8b00-000000000003.webp?v=5130,YES,YES,YES,NOT_DISPLAYED,,/home/ubuntu/browser_html/worldos_cc_maps_1787653893171.html
全部,306,神话三国：觉醒纪元,Kakei,/zh-cn/worlds/shen-hua-san-guo-jue-xing-ji-yuan-7868d4a8f702,/worlds/shen-hua-san-guo-jue-xing-ji-yuan-7868d4a8f702,YES,https://qunsyxsdbqpinxyjqrqp.supabase.co/storage/v1/object/public/covers/6d0cdd49-7cbe-49b0-8d87-c4d248360881/map-previews/f4a7d133-0a17-4000-8b00-000000000004.webp?v=48286,YES,YES,YES,NOT_DISPLAYED,,/home/ubuntu/browser_html/worldos_cc_maps_1787653893171.html
全部,307,权力的游戏模拟器(冰与火之歌),Joaquina nerea Stabile,/zh-cn/worlds/westeros-y58h,/worlds/westeros-y58h,YES,https://qunsyxsdbqpinxyjqrqp.supabase.co/storage/v1/object/public/covers/6d0cdd49-7cbe-49b0-8d87-c4d248360881/map-previews/a50f1c33-0a17-4000-8b00-000000000003.webp?v=5130,YES,YES,YES,NOT_DISPLAYED,,/home/ubuntu/browser_html/worldos_cc_maps_1787653893171.html
全部,308,现代 2026,Vic-071b7f,/zh-cn/worlds/modern-day-2026-ugwe,/worlds/modern-day-2026-ugwe,YES,https://qunsyxsdbqpinxyjqrqp.supabase.co/storage/v1/object/public/covers/6d0cdd49-7cbe-49b0-8d87-c4d248360881/map-previews/2026aaaa-0000-4000-8000-000000000001.webp?v=19310,YES,YES,YES,NOT_DISPLAYED,,/home/ubuntu/browser_html/worldos_cc_maps_1787653893171.html
全部,309,主播女孩重度依赖,2306586403,/zh-cn/worlds/needy-streamer-overload-q7xx,/worlds/needy-streamer-overload-q7xx,YES,https://qunsyxsdbqpinxyjqrqp.supabase.co/storage/v1/object/public/covers/6d0cdd49-7cbe-49b0-8d87-c4d248360881/map-previews/57a1da00-0000-4000-8b00-000000000001.webp?v=33316,YES,YES,YES,NOT_DISPLAYED,,/home/ubuntu/browser_html/worldos_cc_maps_1787653893171.html
全部,310,⚔️ 中世纪生活 ⚔️,Enzo Gael,/zh-cn/worlds/medieval-life-73g5,/worlds/medieval-life-73g5,YES,https://qunsyxsdbqpinxyjqrqp.supabase.co/storage/v1/object/public/covers/b0235423-20ff-4af3-8b72-8567ccec138a/map-previews/339b0df8-922a-4666-ae5a-bd7c10a9d0a1.webp?v=70106,YES,YES,YES,NOT_DISPLAYED,,/home/ubuntu/browser_html/worldos_cc_maps_1787653893171.html
全部,311,三国模拟器,1990686165,/zh-cn/worlds/sanguo-warlords-05yh,/worlds/sanguo-warlords-05yh,YES,https://qunsyxsdbqpinxyjqrqp.supabase.co/storage/v1/object/public/covers/6d0cdd49-7cbe-49b0-8d87-c4d248360881/map-previews/f4a7d133-0a17-4000-8b00-000000000004.webp?v=48286,YES,YES,YES,NOT_DISPLAYED,,/home/ubuntu/browser_html/worldos_cc_maps_1787653893171.html
全部,312,王者世界模拟器,985530482,/zh-cn/worlds/wang-zhe-rong-yao-mo-ni-qi-f3d118d1cc0d,/worlds/wang-zhe-rong-yao-mo-ni-qi-f3d118d1cc0d,NO,,YES,YES,YES,NOT_DISPLAYED,,/home/ubuntu/browser_html/worldos_cc_maps_1787653893171.html
全部,313,鬼灭模拟器,Devanny,/zh-cn/worlds/demon-slayer-simulator-mmc5,/worlds/demon-slayer-simulator-mmc5,YES,https://qunsyxsdbqpinxyjqrqp.supabase.co/storage/v1/object/public/covers/e185c83d-e4ae-4a0e-ac7d-afe733fd488a/map-previews/25619e60-29cd-4210-af12-94396f2d42a3.webp?v=8350,YES,YES,YES,NOT_DISPLAYED,,/home/ubuntu/browser_html/worldos_cc_maps_1787653893171.html
全部,314,Convence a la idol loca de que te deje salir,Luciana Rozo,/zh-cn/worlds/convence-a-la-idol-loca-de-que-te-deje-s-t0bo,/worlds/convence-a-la-idol-loca-de-que-te-deje-s-t0bo,YES,https://qunsyxsdbqpinxyjqrqp.supabase.co/storage/v1/object/public/covers/882e3ac5-ee67-406e-b528-2cf8c055221f/map-previews/91f1b37d-23dd-49d7-abe4-ba7c4b87f4c4.webp?v=17008,YES,YES,YES,NOT_DISPLAYED,,/home/ubuntu/browser_html/worldos_cc_maps_1787653893171.html
全部,315,A,。 a,/zh-cn/worlds/a-c4te,/worlds/a-c4te,YES,https://qunsyxsdbqpinxyjqrqp.supabase.co/storage/v1/object/public/covers/6d0cdd49-7cbe-49b0-8d87-c4d248360881/map-previews/22222222-2222-2222-2222-222222222222.webp?v=23294,YES,YES,YES,NOT_DISPLAYED,,/home/ubuntu/browser_html/worldos_cc_maps_1787653893171.html
全部,316,Demon Slayer Simulator Copia,oc kny,/zh-cn/worlds/demon-slayer-simulator-nxws,/worlds/demon-slayer-simulator-nxws,YES,https://qunsyxsdbqpinxyjqrqp.supabase.co/storage/v1/object/public/covers/02450cf2-280b-4f2c-a4d1-cb80cb61f891/map-previews/7b71720e-8752-4587-9863-6f3064171c28.webp?v=8350,YES,YES,YES,NOT_DISPLAYED,,/home/ubuntu/browser_html/worldos_cc_maps_1787653893171.html
全部,317,⚔️ 中世纪生活 ⚔️,Manhwa Bls2025,/zh-cn/worlds/vida-medieval-540o,/worlds/vida-medieval-540o,YES,https://qunsyxsdbqpinxyjqrqp.supabase.co/storage/v1/object/public/covers/b27f7c4b-9249-49bd-92eb-81ef2e7c3680/map-previews/fcc5e9a3-2628-4293-a9ec-06bceebfd000.webp?v=70106,YES,YES,YES,NOT_DISPLAYED,,/home/ubuntu/browser_html/worldos_cc_maps_1787653893171.html
全部,318,混沌系统,Kevin Iskender,/zh-cn/worlds/sistema-de-caos-l5rb,/worlds/sistema-de-caos-l5rb,YES,https://qunsyxsdbqpinxyjqrqp.supabase.co/storage/v1/object/public/covers/62d991ab-8219-4a77-85a1-62f6104329cb/map-previews/982da220-5f5b-4522-8323-44b8fd9793c5.webp?v=19364,YES,YES,YES,NOT_DISPLAYED,,/home/ubuntu/browser_html/worldos_cc_maps_1787653893171.html
全部,319,Mundo,Sebastian Miguel,/zh-cn/worlds/mundo-64ge,/worlds/mundo-64ge,YES,https://qunsyxsdbqpinxyjqrqp.supabase.co/storage/v1/object/public/covers/6d0cdd49-7cbe-49b0-8d87-c4d248360881/map-previews/2026aaaa-0000-4000-8000-000000000001.webp?v=19310,YES,YES,YES,NOT_DISPLAYED,,/home/ubuntu/browser_html/worldos_cc_maps_1787653893171.html
全部,320,咒术回战世界：更多角色，更高自由度！,luu-dae509,/zh-cn/worlds/jujutsu-sakr,/worlds/jujutsu-sakr,YES,https://qunsyxsdbqpinxyjqrqp.supabase.co/storage/v1/object/public/covers/e3899c58-3a5e-4a74-a18b-88e3caf9901f/map-previews/4d4d7273-b5cf-4a5f-879f-afd464ddefe5.webp?v=8034,YES,YES,YES,NOT_DISPLAYED,,/home/ubuntu/browser_html/worldos_cc_maps_1787653893171.html
全部,321,鬼灭之刃模拟器,maiazairot,/zh-cn/worlds/demon-slayer-simulator-q1f5,/worlds/demon-slayer-simulator-q1f5,YES,/maps/demon-slayer-japan.webp,YES,YES,YES,NOT_DISPLAYED,,/home/ubuntu/browser_html/worldos_cc_maps_1787653893171.html
全部,322,二战模拟器,Ow_0m9,/zh-cn/worlds/ww2-6p99,/worlds/ww2-6p99,YES,https://qunsyxsdbqpinxyjqrqp.supabase.co/storage/v1/object/public/covers/26a54da6-0207-4a26-a1fc-c4fca903e0eb/map-previews/92314ac1-779d-4cb7-a098-8b0c34542803.webp?v=23238,YES,YES,YES,NOT_DISPLAYED,,/home/ubuntu/browser_html/worldos_cc_maps_1787653893171.html
全部,323,Modern Day 2026 Copy,Ярослав,/zh-cn/worlds/modern-day-t2ye,/worlds/modern-day-t2ye,YES,https://qunsyxsdbqpinxyjqrqp.supabase.co/storage/v1/object/public/covers/6d0cdd49-7cbe-49b0-8d87-c4d248360881/map-previews/2026aaaa-0000-4000-8000-000000000001.webp?v=19310,YES,YES,YES,NOT_DISPLAYED,,/home/ubuntu/browser_html/worldos_cc_maps_1787653893171.html
全部,324,一战模拟器,3460599857,/zh-cn/worlds/yi-zhan-mo-ni-qi-vm94,/worlds/yi-zhan-mo-ni-qi-vm94,YES,https://qunsyxsdbqpinxyjqrqp.supabase.co/storage/v1/object/public/covers/6d0cdd49-7cbe-49b0-8d87-c4d248360881/map-previews/19140000-0000-4000-8000-000000000001.webp?v=26972,YES,YES,YES,NOT_DISPLAYED,,/home/ubuntu/browser_html/worldos_cc_maps_1787653893171.html
全部,325,契约婚姻的幻想,Luisa Rodriguez,/zh-cn/worlds/the-fantasy-of-marriage-by-contract-bax7,/worlds/the-fantasy-of-marriage-by-contract-bax7,YES,https://qunsyxsdbqpinxyjqrqp.supabase.co/storage/v1/object/public/covers/472256a6-a995-4cab-acb6-0dce8d432b5f/map-previews/812c4bd5-a7ce-4d10-a91e-0fe0d2d086b8.webp?v=70106,YES,YES,YES,NOT_DISPLAYED,,/home/ubuntu/browser_html/worldos_cc_maps_1787653893171.html
全部,326,₊˚‧ 索尼克世界 ˚.,Nezuko Camato,/zh-cn/worlds/o-i-o-2ciq,/worlds/o-i-o-2ciq,YES,https://qunsyxsdbqpinxyjqrqp.supabase.co/storage/v1/object/public/covers/4fd2a52d-1b40-44d5-b9af-cc5e2c743340/map-previews/83d3ce0f-2d8f-499f-8bc8-c937fffa2c23.webp?v=42184,YES,YES,YES,NOT_DISPLAYED,,/home/ubuntu/browser_html/worldos_cc_maps_1787653893171.html
全部,327,german,hhandalous,/zh-cn/worlds/german-bu9o,/worlds/german-bu9o,YES,https://qunsyxsdbqpinxyjqrqp.supabase.co/storage/v1/object/public/covers/6d0cdd49-7cbe-49b0-8d87-c4d248360881/map-previews/22222222-2222-2222-2222-222222222222.webp?v=23294,YES,YES,YES,NOT_DISPLAYED,,/home/ubuntu/browser_html/worldos_cc_maps_1787653893171.html
全部,328,全球地缘政治：2024世界秩序,pablitronic,/zh-cn/worlds/geopol-tica-global-orden-mundial-2024-oz2j,/worlds/geopol-tica-global-orden-mundial-2024-oz2j,YES,https://qunsyxsdbqpinxyjqrqp.supabase.co/storage/v1/object/public/covers/722de6a8-b581-45e8-9a2c-1204fb40a065/map-previews/1b78e82d-fe8d-4d6b-9f87-b41ab9127bf2.webp?v=23238,YES,YES,YES,NOT_DISPLAYED,,/home/ubuntu/browser_html/worldos_cc_maps_1787653893171.html
全部,329,Neo-Poniente: Juego de Tronos del Futuro,valentina badell,/zh-cn/worlds/neo-poniente-juego-de-tronos-del-futuro-0jtp,/worlds/neo-poniente-juego-de-tronos-del-futuro-0jtp,YES,https://qunsyxsdbqpinxyjqrqp.supabase.co/storage/v1/object/public/covers/48f4b8d3-2bb9-45b9-be76-331c1b1d6c4b/map-previews/04517488-5e7c-4456-abca-227977bd312c.webp?v=5142,YES,YES,YES,NOT_DISPLAYED,,/home/ubuntu/browser_html/worldos_cc_maps_1787653893171.html
全部,330,亲爱的，你的生活,Anaa,/zh-cn/worlds/t-vida-bb-7eiw,/worlds/t-vida-bb-7eiw,YES,https://qunsyxsdbqpinxyjqrqp.supabase.co/storage/v1/object/public/covers/e007fee4-bc9a-4758-84fc-e1d3049a3cf6/map-previews/540fe692-1a13-405e-9000-2f1a4fa97e66.webp?v=19364,YES,YES,YES,NOT_DISPLAYED,,/home/ubuntu/browser_html/worldos_cc_maps_1787653893171.html
全部,331,现代 2026,Kiatnap09,/zh-cn/worlds/modern-day-2026-hvee,/worlds/modern-day-2026-hvee,YES,https://qunsyxsdbqpinxyjqrqp.supabase.co/storage/v1/object/public/covers/6d0cdd49-7cbe-49b0-8d87-c4d248360881/map-previews/2026aaaa-0000-4000-8000-000000000001.webp?v=19310,YES,YES,YES,NOT_DISPLAYED,,/home/ubuntu/browser_html/worldos_cc_maps_1787653893171.html
全部,332,主播女孩重度依赖,Monserrat-3886f3,/zh-cn/worlds/needy-streamer-overload-bfcq,/worlds/needy-streamer-overload-bfcq,YES,https://qunsyxsdbqpinxyjqrqp.supabase.co/storage/v1/object/public/covers/6d0cdd49-7cbe-49b0-8d87-c4d248360881/map-previews/57a1da00-0000-4000-8b00-000000000001.webp?v=33316,YES,YES,YES,NOT_DISPLAYED,,/home/ubuntu/browser_html/worldos_cc_maps_1787653893171.html
全部,333,Demon Slayer: El Camino del Marginado,Analía Amaya,/zh-cn/worlds/demon-slayer-el-camino-del-marginado-5ba4b1c414bd,/worlds/demon-slayer-el-camino-del-marginado-5ba4b1c414bd,YES,/maps/demon-slayer-japan.webp,YES,YES,YES,NOT_DISPLAYED,,/home/ubuntu/browser_html/worldos_cc_maps_1787653893171.html
全部,334,二战模拟器,KeAir,/zh-cn/worlds/ww2-jls6,/worlds/ww2-jls6,YES,https://qunsyxsdbqpinxyjqrqp.supabase.co/storage/v1/object/public/covers/6d0cdd49-7cbe-49b0-8d87-c4d248360881/map-previews/22222222-2222-2222-2222-222222222222.webp?v=23294,YES,YES,YES,NOT_DISPLAYED,,/home/ubuntu/browser_html/worldos_cc_maps_1787653893171.html
全部,335,鬼灭之刃模拟器,Nayeli Kim,/zh-cn/worlds/demon-slayer-simulator-i7pn,/worlds/demon-slayer-simulator-i7pn,YES,https://qunsyxsdbqpinxyjqrqp.supabase.co/storage/v1/object/public/covers/2b417beb-6c27-4a22-ac5a-9bb0936c3172/map-previews/829e503e-a7dc-4e0c-8bc3-2c53a256fa1f.webp?v=8350,YES,YES,YES,NOT_DISPLAYED,,/home/ubuntu/browser_html/worldos_cc_maps_1787653893171.html
全部,336,《精灵宝可梦》·万象旅途 副本,某不知名的玩家,/zh-cn/worlds/jing-ling-bao-ke-meng-wan-xiang-l-tu-6ab-7m92,/worlds/jing-ling-bao-ke-meng-wan-xiang-l-tu-6ab-7m92,YES,https://qunsyxsdbqpinxyjqrqp.supabase.co/storage/v1/object/public/covers/ec732486-17ec-428a-9d22-0d7da8a01ee6/map-previews/1279b462-3e0c-48c6-9986-e647dbbc40c4.webp?v=36624,YES,YES,YES,NOT_DISPLAYED,,/home/ubuntu/browser_html/worldos_cc_maps_1787653893171.html
全部,337,二战模拟器,鸮卡瓦,/zh-cn/worlds/ww2-h2ax,/worlds/ww2-h2ax,YES,https://qunsyxsdbqpinxyjqrqp.supabase.co/storage/v1/object/public/covers/6d0cdd49-7cbe-49b0-8d87-c4d248360881/map-previews/6763fc00-6a4f-49cc-a6f8-bc207c00727f.webp?v=23294,YES,YES,YES,NOT_DISPLAYED,,/home/ubuntu/browser_html/worldos_cc_maps_1787653893171.html
全部,338,降世神通：最后的气宗,Https//Seras,/zh-cn/worlds/avatar-la-leyenda-de-aang-udee,/worlds/avatar-la-leyenda-de-aang-udee,YES,https://qunsyxsdbqpinxyjqrqp.supabase.co/storage/v1/object/public/covers/874b59bf-bd39-433e-a7f1-7e53e24095b2/map-previews/974917c9-cfaa-423d-acd4-f2ce0529defe.webp?v=81004,YES,YES,YES,NOT_DISPLAYED,,/home/ubuntu/browser_html/worldos_cc_maps_1787653893171.html
全部,339,说服疯狂偶像放你走,Culp Ruwe,/zh-cn/worlds/shuo-fu-feng-kuang-ou-xiang-fang-ni-zou-w7sw,/worlds/shuo-fu-feng-kuang-ou-xiang-fang-ni-zou-w7sw,YES,https://qunsyxsdbqpinxyjqrqp.supabase.co/storage/v1/object/public/covers/882e3ac5-ee67-406e-b528-2cf8c055221f/map-previews/91f1b37d-23dd-49d7-abe4-ba7c4b87f4c4.webp?v=17008,YES,YES,YES,NOT_DISPLAYED,,/home/ubuntu/browser_html/worldos_cc_maps_1787653893171.html
全部,340,DC宇宙,ROMINA SCARLETT DE LEON MARTINEZ,/zh-cn/worlds/dc-universe-drfm,/worlds/dc-universe-drfm,YES,https://qunsyxsdbqpinxyjqrqp.supabase.co/storage/v1/object/public/covers/5ceb8368-0665-4cfa-a471-2dfc9e52cc0f/map-previews/f6399175-adcf-4ff1-bd3d-be8ba47a759a.webp?v=27998,YES,YES,YES,NOT_DISPLAYED,,/home/ubuntu/browser_html/worldos_cc_maps_1787653893171.html
全部,341,中世纪,FABIO CESAR GARCIA GARZA,/zh-cn/worlds/medieval-vo09,/worlds/medieval-vo09,YES,https://qunsyxsdbqpinxyjqrqp.supabase.co/storage/v1/object/public/covers/fbb3c935-209f-442b-982c-93e0e82b3fa9/map-previews/c191fa27-b6e3-4eef-9d40-e12a09244c6d.webp?v=70106,YES,YES,YES,NOT_DISPLAYED,,/home/ubuntu/browser_html/worldos_cc_maps_1787653893171.html
全部,342,二战模拟器,maiazairot,/zh-cn/worlds/ww2-oeb0,/worlds/ww2-oeb0,YES,https://qunsyxsdbqpinxyjqrqp.supabase.co/storage/v1/object/public/covers/e0a6189e-f2ca-49fc-b2f9-670b15237996/map-previews/80d61309-6652-453b-aa9e-51adc8ea92ef.webp?v=23238,YES,YES,YES,NOT_DISPLAYED,,/home/ubuntu/browser_html/worldos_cc_maps_1787653893171.html
全部,343,星际人历险记,STARMAN,/zh-cn/worlds/starman-adventure-9irk,/worlds/starman-adventure-9irk,YES,https://qunsyxsdbqpinxyjqrqp.supabase.co/storage/v1/object/public/covers/617935f3-af6f-4f4e-91a8-c4a271a49163/map-previews/209349ee-5d17-4b6d-905e-b30fb6a5e263.webp?v=24522,YES,YES,YES,NOT_DISPLAYED,,/home/ubuntu/browser_html/worldos_cc_maps_1787653893171.html
全部,344,二战模拟器,q201116201116,/zh-cn/worlds/ww2-zngk,/worlds/ww2-zngk,YES,https://qunsyxsdbqpinxyjqrqp.supabase.co/storage/v1/object/public/covers/6d0cdd49-7cbe-49b0-8d87-c4d248360881/map-previews/22222222-2222-2222-2222-222222222222.webp?v=23294,YES,YES,YES,NOT_DISPLAYED,,/home/ubuntu/browser_html/worldos_cc_maps_1787653893171.html
全部,345,咒术回战世界-更多人物，更高自由！,Federiko Romero,/zh-cn/worlds/jujutsu-3frq,/worlds/jujutsu-3frq,YES,https://qunsyxsdbqpinxyjqrqp.supabase.co/storage/v1/object/public/covers/e3899c58-3a5e-4a74-a18b-88e3caf9901f/map-previews/4d4d7273-b5cf-4a5f-879f-afd464ddefe5.webp?v=8034,YES,YES,YES,NOT_DISPLAYED,,/home/ubuntu/browser_html/worldos_cc_maps_1787653893171.html
全部,346,Demon Slayer: El Prisma Violeta,David-75f74f,/zh-cn/worlds/demon-slayer-el-prisma-violeta-4zbo,/worlds/demon-slayer-el-prisma-violeta-4zbo,YES,/maps/demon-slayer-japan.webp,YES,YES,YES,NOT_DISPLAYED,,/home/ubuntu/browser_html/worldos_cc_maps_1787653893171.html
全部,347,《精灵宝可梦》·真实世界,1004109201,/zh-cn/worlds/jing-ling-bao-ke-meng-wan-xiang-l-tu-6ab-ax5n,/worlds/jing-ling-bao-ke-meng-wan-xiang-l-tu-6ab-ax5n,YES,https://qunsyxsdbqpinxyjqrqp.supabase.co/storage/v1/object/public/covers/ec732486-17ec-428a-9d22-0d7da8a01ee6/map-previews/1279b462-3e0c-48c6-9986-e647dbbc40c4.webp?v=36624,YES,YES,YES,NOT_DISPLAYED,,/home/ubuntu/browser_html/worldos_cc_maps_1787653893171.html
全部,348,Demon Slayer: El Latido de la Serpiente (+18),Quackity,/zh-cn/worlds/demon-slayer-el-latido-de-la-serpiente-1-ajc1,/worlds/demon-slayer-el-latido-de-la-serpiente-1-ajc1,YES,https://qunsyxsdbqpinxyjqrqp.supabase.co/storage/v1/object/public/covers/61d836eb-36f0-432d-97b2-0fb15c3179c8/map-previews/00c8a46e-008e-4f95-9462-932bc33950ec.webp?v=8350,YES,YES,YES,NOT_DISPLAYED,,/home/ubuntu/browser_html/worldos_cc_maps_1787653893171.html
全部,349,Demon Slayer Simulator mejorado 200%,wasarojas8,/zh-cn/worlds/demon-slayer-simulator-2imu,/worlds/demon-slayer-simulator-2imu,YES,https://qunsyxsdbqpinxyjqrqp.supabase.co/storage/v1/object/public/covers/b36b92ea-2b73-4a05-a9e0-9933a49981bc/map-previews/6436e534-a794-4f09-9436-e67188a5e0c9.webp?v=8350,YES,YES,YES,NOT_DISPLAYED,,/home/ubuntu/browser_html/worldos_cc_maps_1787653893171.html
全部,350,三国模拟器 副本,512146544,/zh-cn/worlds/sanguo-warlords-rem9,/worlds/sanguo-warlords-rem9,YES,https://qunsyxsdbqpinxyjqrqp.supabase.co/storage/v1/object/public/covers/6d0cdd49-7cbe-49b0-8d87-c4d248360881/map-previews/f4a7d133-0a17-4000-8b00-000000000004.webp?v=48286,YES,YES,YES,NOT_DISPLAYED,,/home/ubuntu/browser_html/worldos_cc_maps_1787653893171.html
全部,351,现代 2026,Third Reich,/zh-cn/worlds/modern-day-2026-hr8y,/worlds/modern-day-2026-hr8y,YES,https://qunsyxsdbqpinxyjqrqp.supabase.co/storage/v1/object/public/covers/6d0cdd49-7cbe-49b0-8d87-c4d248360881/map-previews/2026aaaa-0000-4000-8000-000000000001.webp?v=19310,YES,YES,YES,NOT_DISPLAYED,,/home/ubuntu/browser_html/worldos_cc_maps_1787653893171.html
全部,352,鬼灭之刃模拟器,Luvxmary Mendez,/zh-cn/worlds/demon-slayer-simulator-chzl,/worlds/demon-slayer-simulator-chzl,YES,/maps/demon-slayer-japan.webp,YES,YES,YES,NOT_DISPLAYED,,/home/ubuntu/browser_html/worldos_cc_maps_1787653893171.html
全部,353,₊˚‧ SONIC WORLD ˚. Copia,Jeanette Aphros,/zh-cn/worlds/o-i-o-q86x,/worlds/o-i-o-q86x,YES,https://qunsyxsdbqpinxyjqrqp.supabase.co/storage/v1/object/public/covers/4fd2a52d-1b40-44d5-b9af-cc5e2c743340/map-previews/83d3ce0f-2d8f-499f-8bc8-c937fffa2c23.webp?v=42184,YES,YES,YES,NOT_DISPLAYED,,/home/ubuntu/browser_html/worldos_cc_maps_1787653893171.html
全部,354,1,3128603588,/zh-cn/worlds/1-dr6l,/worlds/1-dr6l,YES,https://qunsyxsdbqpinxyjqrqp.supabase.co/storage/v1/object/public/covers/647c56de-0cca-4d1e-8fea-099c6739d4e5/map-previews/9534d294-c35a-4ed9-b55e-6654c81bb74d.webp?v=23238,YES,YES,YES,NOT_DISPLAYED,,/home/ubuntu/browser_html/worldos_cc_maps_1787653893171.html
全部,355,吻，吻，留堂,Fisiajgdjqosiwiand,/zh-cn/worlds/kiss-kiss-detention-qrzc,/worlds/kiss-kiss-detention-qrzc,YES,https://qunsyxsdbqpinxyjqrqp.supabase.co/storage/v1/object/public/covers/012ce406-7e6f-48a0-baf4-165ab2f0f1af/map-previews/c8561458-6299-4b37-8bcd-918fa537eb2b.webp?v=75170,YES,YES,YES,NOT_DISPLAYED,,/home/ubuntu/browser_html/worldos_cc_maps_1787653893171.html
全部,356,四大洲 (中世纪奇幻),Raya roys,/zh-cn/worlds/simulador-de-mundos-de-fantas-a-medieval-3gz1,/worlds/simulador-de-mundos-de-fantas-a-medieval-3gz1,YES,https://qunsyxsdbqpinxyjqrqp.supabase.co/storage/v1/object/public/covers/059ca9b4-3fff-4eea-8ea6-097b1d591fc5/map-previews/65ce0b31-e16c-4c26-ac77-c0a0567f9ea5.webp?v=25470,YES,YES,YES,NOT_DISPLAYED,,/home/ubuntu/browser_html/worldos_cc_maps_1787653893171.html
全部,357,鬼灭之刃模拟器,Isabella Cruz Nolasco,/zh-cn/worlds/demon-slayer-simulator-xnl7,/worlds/demon-slayer-simulator-xnl7,YES,/maps/demon-slayer-japan.webp,YES,YES,YES,NOT_DISPLAYED,,/home/ubuntu/browser_html/worldos_cc_maps_1787653893171.html
全部,358,Simulador de Cazadores de Demonios,Adara Vera,/zh-cn/worlds/simulador-de-cazadores-de-demonios-13a9b0c4f254,/worlds/simulador-de-cazadores-de-demonios-13a9b0c4f254,YES,/maps/demon-slayer-japan.webp,YES,YES,YES,NOT_DISPLAYED,,/home/ubuntu/browser_html/worldos_cc_maps_1787653893171.html
全部,359,鬼灭之刃模拟器 副本,1957150545,/zh-cn/worlds/demon-slayer-simulator-p4nv,/worlds/demon-slayer-simulator-p4nv,YES,/maps/demon-slayer-japan.webp,YES,YES,YES,NOT_DISPLAYED,,/home/ubuntu/browser_html/worldos_cc_maps_1787653893171.html
全部,360,WW2 Game,Cocoa Gorilla Baseball,/zh-cn/worlds/ww2-game-1fgb,/worlds/ww2-game-1fgb,YES,https://qunsyxsdbqpinxyjqrqp.supabase.co/storage/v1/object/public/covers/6d0cdd49-7cbe-49b0-8d87-c4d248360881/map-previews/22222222-2222-2222-2222-222222222222.webp?v=23294,YES,YES,YES,NOT_DISPLAYED,,/home/ubuntu/browser_html/worldos_cc_maps_1787653893171.html
全部,361,俄罗斯,Laliii,/zh-cn/worlds/rusia-jpet,/worlds/rusia-jpet,YES,https://qunsyxsdbqpinxyjqrqp.supabase.co/storage/v1/object/public/covers/30358954-acc3-4c89-ba57-ecb4e36636fd/map-previews/256c30f4-fc2d-4816-8bd0-bd137bafe88c.webp?v=19364,YES,YES,YES,NOT_DISPLAYED,,/home/ubuntu/browser_html/worldos_cc_maps_1787653893171.html
全部,362,史前部落模拟器,Yoko Gatai,/zh-cn/worlds/prehistoric-tribe-simulator-v4tn,/worlds/prehistoric-tribe-simulator-v4tn,NO,,YES,YES,YES,NOT_DISPLAYED,,/home/ubuntu/browser_html/worldos_cc_maps_1787653893171.html
全部,363,二战模拟器,Tiktok,/zh-cn/worlds/ww2-xq7x,/worlds/ww2-xq7x,YES,https://qunsyxsdbqpinxyjqrqp.supabase.co/storage/v1/object/public/covers/6d0cdd49-7cbe-49b0-8d87-c4d248360881/map-previews/22222222-2222-2222-2222-222222222222.webp?v=23294,YES,YES,YES,NOT_DISPLAYED,,/home/ubuntu/browser_html/worldos_cc_maps_1787653893171.html
全部,364,中世纪奇幻模拟器,Elías,/zh-cn/worlds/simulador-de-fantas-a-medieval-vv8z,/worlds/simulador-de-fantas-a-medieval-vv8z,YES,https://qunsyxsdbqpinxyjqrqp.supabase.co/storage/v1/object/public/covers/366d0e5e-fcac-4207-bb67-5fe29416c894/map-previews/6415e926-9c75-426f-9fd7-bb5ba3637c8f.webp?v=21292,YES,YES,YES,NOT_DISPLAYED,,/home/ubuntu/browser_html/worldos_cc_maps_1787653893171.html
全部,365,三国模拟器 副本,1349464147,/zh-cn/worlds/sanguo-warlords-cd7p,/worlds/sanguo-warlords-cd7p,YES,https://qunsyxsdbqpinxyjqrqp.supabase.co/storage/v1/object/public/covers/6d0cdd49-7cbe-49b0-8d87-c4d248360881/map-previews/f4a7d133-0a17-4000-8b00-000000000004.webp?v=48286,YES,YES,YES,NOT_DISPLAYED,,/home/ubuntu/browser_html/worldos_cc_maps_1787653893171.html
全部,366,Demon Slayer Simulator Copia,Coliflor,/zh-cn/worlds/demon-slayer-simulator-zqit,/worlds/demon-slayer-simulator-zqit,YES,/maps/demon-slayer-japan.webp,YES,YES,YES,NOT_DISPLAYED,,/home/ubuntu/browser_html/worldos_cc_maps_1787653893171.html
全部,367,娱乐圈嫂子模拟器 副本,gg gg,/zh-cn/worlds/showbiz-s5l2,/worlds/showbiz-s5l2,YES,https://qunsyxsdbqpinxyjqrqp.supabase.co/storage/v1/object/public/covers/b664f0a5-7b1c-4372-a2ab-789a96835754/map-previews/f834e575-5167-4b8f-9db9-639d50dce25f.webp?v=46384,YES,YES,YES,NOT_DISPLAYED,,/home/ubuntu/browser_html/worldos_cc_maps_1787653893171.html
全部,368,霍格沃茨模拟器,北,/zh-cn/worlds/huo-ge-wo-ci-mo-ni-qi-a0aecd49ecc4,/worlds/huo-ge-wo-ci-mo-ni-qi-a0aecd49ecc4,YES,https://qunsyxsdbqpinxyjqrqp.supabase.co/storage/v1/object/public/covers/f9d90347-627d-45aa-8d21-de4e7a166435/map-previews/c3c949bc-75e8-48d7-839f-6b72d09b8d30.webp?v=23238,YES,YES,YES,NOT_DISPLAYED,,/home/ubuntu/browser_html/worldos_cc_maps_1787653893171.html
全部,369,一战模拟器,gaoyijian001,/zh-cn/worlds/ww1-u1wf,/worlds/ww1-u1wf,YES,https://qunsyxsdbqpinxyjqrqp.supabase.co/storage/v1/object/public/covers/6d0cdd49-7cbe-49b0-8d87-c4d248360881/map-previews/19140000-0000-4000-8000-000000000001.webp?v=26972,YES,YES,YES,NOT_DISPLAYED,,/home/ubuntu/browser_html/worldos_cc_maps_1787653893171.html
全部,370,三国模拟器,973075018,/zh-cn/worlds/sanguo-warlords-q0uy,/worlds/sanguo-warlords-q0uy,YES,https://qunsyxsdbqpinxyjqrqp.supabase.co/storage/v1/object/public/covers/6d0cdd49-7cbe-49b0-8d87-c4d248360881/map-previews/f4a7d133-0a17-4000-8b00-000000000004.webp?v=48286,YES,YES,YES,NOT_DISPLAYED,,/home/ubuntu/browser_html/worldos_cc_maps_1787653893171.html
全部,371,三国模拟器,2586566438,/zh-cn/worlds/sanguo-warlords-mbxy,/worlds/sanguo-warlords-mbxy,YES,https://qunsyxsdbqpinxyjqrqp.supabase.co/storage/v1/object/public/covers/6d0cdd49-7cbe-49b0-8d87-c4d248360881/map-previews/f4a7d133-0a17-4000-8b00-000000000004.webp?v=48286,YES,YES,YES,NOT_DISPLAYED,,/home/ubuntu/browser_html/worldos_cc_maps_1787653893171.html
全部,372,Gotham City,Fatima Hurtado,/zh-cn/worlds/gotham-city-dcan,/worlds/gotham-city-dcan,YES,https://qunsyxsdbqpinxyjqrqp.supabase.co/storage/v1/object/public/covers/fb282042-b921-4489-9f13-e699ec7bd34f/map-previews/a815dc36-5fa6-4e7f-91eb-57ead75083c2.webp?v=83712,YES,YES,YES,NOT_DISPLAYED,,/home/ubuntu/browser_html/worldos_cc_maps_1787653893171.html
全部,373,Demon Slayer: El Latido de la Serpiente (+18),Quackity,/zh-cn/worlds/demon-slayer-el-latido-de-la-serpiente-1-ofxx,/worlds/demon-slayer-el-latido-de-la-serpiente-1-ofxx,YES,https://qunsyxsdbqpinxyjqrqp.supabase.co/storage/v1/object/public/covers/61d836eb-36f0-432d-97b2-0fb15c3179c8/map-previews/00c8a46e-008e-4f95-9462-932bc33950ec.webp?v=8350,YES,YES,YES,NOT_DISPLAYED,,/home/ubuntu/browser_html/worldos_cc_maps_1787653893171.html
全部,374,Danza de Dragones (Fuego y Sangre) Copia,Tilin,/zh-cn/worlds/westeros-dezb,/worlds/westeros-dezb,YES,https://qunsyxsdbqpinxyjqrqp.supabase.co/storage/v1/object/public/covers/2dec12a0-2db5-4ae3-9f53-73e9c5f1f8a1/map-previews/7914f7d9-3b55-448c-81be-9a4d61953319.webp?v=5142,YES,YES,YES,NOT_DISPLAYED,,/home/ubuntu/browser_html/worldos_cc_maps_1787653893171.html
全部,375,Simulador de Cazadores de Demonios: Camino del Nichirin,Floral Empresas,/zh-cn/worlds/simulador-de-cazadores-de-demonios-camin-79e70f0afbf8,/worlds/simulador-de-cazadores-de-demonios-camin-79e70f0afbf8,YES,/maps/demon-slayer-japan.webp,YES,YES,YES,NOT_DISPLAYED,,/home/ubuntu/browser_html/worldos_cc_maps_1787653893171.html
全部,376,二战模拟器 副本,Test2,/zh-cn/worlds/ww2-x6ni,/worlds/ww2-x6ni,YES,https://qunsyxsdbqpinxyjqrqp.supabase.co/storage/v1/object/public/covers/6d0cdd49-7cbe-49b0-8d87-c4d248360881/map-previews/22222222-2222-2222-2222-222222222222.webp?v=23294,YES,YES,YES,NOT_DISPLAYED,,/home/ubuntu/browser_html/worldos_cc_maps_1787653893171.html
全部,377,三国模拟器,973075018,/zh-cn/worlds/sanguo-warlords-4rnk,/worlds/sanguo-warlords-4rnk,YES,https://qunsyxsdbqpinxyjqrqp.supabase.co/storage/v1/object/public/covers/6d0cdd49-7cbe-49b0-8d87-c4d248360881/map-previews/f4a7d133-0a17-4000-8b00-000000000004.webp?v=48286,YES,YES,YES,NOT_DISPLAYED,,/home/ubuntu/browser_html/worldos_cc_maps_1787653893171.html
全部,378,鬼灭之刃模拟器,eydan David,/zh-cn/worlds/demon-slayer-simulator-uywn,/worlds/demon-slayer-simulator-uywn,YES,/maps/demon-slayer-japan.webp,YES,YES,YES,NOT_DISPLAYED,,/home/ubuntu/browser_html/worldos_cc_maps_1787653893171.html
全部,379,⚔️ Vida Medieval ⚔️,Ana Martinez-ec9124,/zh-cn/worlds/vida-medieval-vede,/worlds/vida-medieval-vede,YES,https://qunsyxsdbqpinxyjqrqp.supabase.co/storage/v1/object/public/covers/fbb3c935-209f-442b-982c-93e0e82b3fa9/map-previews/c191fa27-b6e3-4eef-9d40-e12a09244c6d.webp?v=70106,YES,YES,YES,NOT_DISPLAYED,,/home/ubuntu/browser_html/worldos_cc_maps_1787653893171.html
全部,380,三国模拟器,1774623194,/zh-cn/worlds/sanguo-warlords-dstp,/worlds/sanguo-warlords-dstp,YES,https://qunsyxsdbqpinxyjqrqp.supabase.co/storage/v1/object/public/covers/6d0cdd49-7cbe-49b0-8d87-c4d248360881/map-previews/f4a7d133-0a17-4000-8b00-000000000004.webp?v=48286,YES,YES,YES,NOT_DISPLAYED,,/home/ubuntu/browser_html/worldos_cc_maps_1787653893171.html
全部,381,Gravity Falls,more-0be797,/zh-cn/worlds/gravity-falls-xl16,/worlds/gravity-falls-xl16,YES,https://qunsyxsdbqpinxyjqrqp.supabase.co/storage/v1/object/public/covers/c61fb126-89ee-4760-b5a4-cc533c565fda/map-previews/6649b744-4c72-40d4-b80f-b6a162ad0d15.webp?v=15502,YES,YES,YES,NOT_DISPLAYED,,/home/ubuntu/browser_html/worldos_cc_maps_1787653893171.html
全部,382,₊˚‧ 索尼克世界 ˚.,Irma Garcia,/zh-cn/worlds/o-i-o-to5o,/worlds/o-i-o-to5o,YES,https://qunsyxsdbqpinxyjqrqp.supabase.co/storage/v1/object/public/covers/4fd2a52d-1b40-44d5-b9af-cc5e2c743340/map-previews/83d3ce0f-2d8f-499f-8bc8-c937fffa2c23.webp?v=42184,YES,YES,YES,NOT_DISPLAYED,,/home/ubuntu/browser_html/worldos_cc_maps_1787653893171.html
全部,383,Segunda Guerra Mundial: Mundo 1935 Copia,Advocatus Rios,/zh-cn/worlds/ww2-5k8a,/worlds/ww2-5k8a,YES,https://qunsyxsdbqpinxyjqrqp.supabase.co/storage/v1/object/public/covers/6d0cdd49-7cbe-49b0-8d87-c4d248360881/map-previews/22222222-2222-2222-2222-222222222222.webp?v=23294,YES,YES,YES,NOT_DISPLAYED,,/home/ubuntu/browser_html/worldos_cc_maps_1787653893171.html
全部,384,二战模拟器 副本,asdasdfgh_2024,/zh-cn/worlds/ww2-s3hj,/worlds/ww2-s3hj,YES,https://qunsyxsdbqpinxyjqrqp.supabase.co/storage/v1/object/public/covers/6d0cdd49-7cbe-49b0-8d87-c4d248360881/map-previews/22222222-2222-2222-2222-222222222222.webp?v=23294,YES,YES,YES,NOT_DISPLAYED,,/home/ubuntu/browser_html/worldos_cc_maps_1787653893171.html
全部,385,Demon Slayer Simulator,Jeffrey Li,/zh-cn/worlds/demon-slayer-simulator-4rii,/worlds/demon-slayer-simulator-4rii,YES,/maps/demon-slayer-japan.webp,YES,YES,YES,NOT_DISPLAYED,,/home/ubuntu/browser_html/worldos_cc_maps_1787653893171.html
全部,386,Demon Slayer Simulator Copy,whoiswoa,/zh-cn/worlds/demon-slayer-simulator-n4c9,/worlds/demon-slayer-simulator-n4c9,YES,/maps/demon-slayer-japan.webp,YES,YES,YES,NOT_DISPLAYED,,/home/ubuntu/browser_html/worldos_cc_maps_1787653893171.html
全部,387,鬼灭之刃模拟器,ferda4213,/zh-cn/worlds/demon-slayer-simulator-bqdf,/worlds/demon-slayer-simulator-bqdf,YES,/maps/demon-slayer-japan.webp,YES,YES,YES,NOT_DISPLAYED,,/home/ubuntu/browser_html/worldos_cc_maps_1787653893171.html
全部,388,Pandora,david bowie,/zh-cn/worlds/pandora-rork,/worlds/pandora-rork,YES,https://qunsyxsdbqpinxyjqrqp.supabase.co/storage/v1/object/public/covers/6ccfc3fe-7124-4772-a1de-b7dec348e62b/map-previews/8387aa4a-e660-431d-9b9a-4e0b691368dc.webp?v=72414,YES,YES,YES,NOT_DISPLAYED,,/home/ubuntu/browser_html/worldos_cc_maps_1787653893171.html
全部,389,鬼灭之刃模拟器,Sam Butler,/zh-cn/worlds/demon-slayer-simulator-hmk9,/worlds/demon-slayer-simulator-hmk9,YES,/maps/demon-slayer-japan.webp,YES,YES,YES,NOT_DISPLAYED,,/home/ubuntu/browser_html/worldos_cc_maps_1787653893171.html
全部,390,《精灵宝可梦》·万象旅途,2966824752,/zh-cn/worlds/jing-ling-bao-ke-meng-wan-xiang-l-tu-6ab-v4je,/worlds/jing-ling-bao-ke-meng-wan-xiang-l-tu-6ab-v4je,YES,https://qunsyxsdbqpinxyjqrqp.supabase.co/storage/v1/object/public/covers/ec732486-17ec-428a-9d22-0d7da8a01ee6/map-previews/1279b462-3e0c-48c6-9986-e647dbbc40c4.webp?v=36624,YES,YES,YES,NOT_DISPLAYED,,/home/ubuntu/browser_html/worldos_cc_maps_1787653893171.html
全部,391,十字军之王3,hua zhao,/zh-cn/worlds/shi-zi-jun-zhi-wang-3-ohtm,/worlds/shi-zi-jun-zhi-wang-3-ohtm,YES,https://qunsyxsdbqpinxyjqrqp.supabase.co/storage/v1/object/public/covers/6d0cdd49-7cbe-49b0-8d87-c4d248360881/map-previews/c5300000-0000-4000-8000-000000000001.webp?v=21704,YES,YES,YES,NOT_DISPLAYED,,/home/ubuntu/browser_html/worldos_cc_maps_1787653893171.html
全部,392,Cazador de Demonios: Destino Final,Sunshine Adw,/zh-cn/worlds/cazador-de-demonios-destino-final-3cdf30fc5749,/worlds/cazador-de-demonios-destino-final-3cdf30fc5749,YES,/maps/demon-slayer-japan.webp,YES,YES,YES,NOT_DISPLAYED,,/home/ubuntu/browser_html/worldos_cc_maps_1787653893171.html
全部,393,咒术回战世界：更多角色，更高自由度！,Dariii,/zh-cn/worlds/jujutsu-iwot,/worlds/jujutsu-iwot,YES,https://qunsyxsdbqpinxyjqrqp.supabase.co/storage/v1/object/public/covers/e3899c58-3a5e-4a74-a18b-88e3caf9901f/map-previews/4d4d7273-b5cf-4a5f-879f-afd464ddefe5.webp?v=8034,YES,YES,YES,NOT_DISPLAYED,,/home/ubuntu/browser_html/worldos_cc_maps_1787653893171.html
全部,394,Demon Slayer Simulator Copia,♯ ⋮  𝄞 𝙗𝙡𝙚𝙨𝙨 ༉  .ᐟ ★,/zh-cn/worlds/demon-slayer-simulator-2iup,/worlds/demon-slayer-simulator-2iup,YES,/maps/demon-slayer-japan.webp,YES,YES,YES,NOT_DISPLAYED,,/home/ubuntu/browser_html/worldos_cc_maps_1787653893171.html
全部,395,Demon Slayer Simulator Copia,Alexa kelsy Arispe Castro,/zh-cn/worlds/demon-slayer-simulator-qudz,/worlds/demon-slayer-simulator-qudz,YES,/maps/demon-slayer-japan.webp,YES,YES,YES,NOT_DISPLAYED,,/home/ubuntu/browser_html/worldos_cc_maps_1787653893171.html
全部,396,鬼灭之刃模拟器 副本,2791515600,/zh-cn/worlds/demon-slayer-simulator-w8zg,/worlds/demon-slayer-simulator-w8zg,YES,/maps/demon-slayer-japan.webp,YES,YES,YES,NOT_DISPLAYED,,/home/ubuntu/browser_html/worldos_cc_maps_1787653893171.html
全部,397,In the Dark,atipim4,/zh-cn/worlds/in-the-dark-sw16,/worlds/in-the-dark-sw16,YES,https://qunsyxsdbqpinxyjqrqp.supabase.co/storage/v1/object/public/covers/fbb3c935-209f-442b-982c-93e0e82b3fa9/map-previews/c191fa27-b6e3-4eef-9d40-e12a09244c6d.webp?v=70106,YES,YES,YES,NOT_DISPLAYED,,/home/ubuntu/browser_html/worldos_cc_maps_1787653893171.html
全部,398,Erea,atipim4,/zh-cn/worlds/erea-730q,/worlds/erea-730q,YES,https://qunsyxsdbqpinxyjqrqp.supabase.co/storage/v1/object/public/covers/366d0e5e-fcac-4207-bb67-5fe29416c894/map-previews/6415e926-9c75-426f-9fd7-bb5ba3637c8f.webp?v=21292,YES,YES,YES,NOT_DISPLAYED,,/home/ubuntu/browser_html/worldos_cc_maps_1787653893171.html
全部,399,二战模拟器,3649579288,/zh-cn/worlds/er-zhan-mo-ni-qi-pw6m,/worlds/er-zhan-mo-ni-qi-pw6m,YES,https://qunsyxsdbqpinxyjqrqp.supabase.co/storage/v1/object/public/covers/6d0cdd49-7cbe-49b0-8d87-c4d248360881/map-previews/22222222-2222-2222-2222-222222222222.webp?v=23294,YES,YES,YES,NOT_DISPLAYED,,/home/ubuntu/browser_html/worldos_cc_maps_1787653893171.html
全部,400,咒术回战世界-更多人物，更高自由！,Cuelo Tek,/zh-cn/worlds/jujutsu-1lyz,/worlds/jujutsu-1lyz,YES,https://qunsyxsdbqpinxyjqrqp.supabase.co/storage/v1/object/public/covers/e3899c58-3a5e-4a74-a18b-88e3caf9901f/map-previews/4d4d7273-b5cf-4a5f-879f-afd464ddefe5.webp?v=8034,YES,YES,YES,NOT_DISPLAYED,,/home/ubuntu/browser_html/worldos_cc_maps_1787653893171.html
全部,401,鬼灭之刃模拟器,Valeria Antonella Ramos Vega,/zh-cn/worlds/demon-slayer-simulator-wsub,/worlds/demon-slayer-simulator-wsub,YES,/maps/demon-slayer-japan.webp,YES,YES,YES,NOT_DISPLAYED,,/home/ubuntu/browser_html/worldos_cc_maps_1787653893171.html
全部,402,三国模拟器,1774623194,/zh-cn/worlds/sanguo-warlords-qmuj,/worlds/sanguo-warlords-qmuj,YES,https://qunsyxsdbqpinxyjqrqp.supabase.co/storage/v1/object/public/covers/6d0cdd49-7cbe-49b0-8d87-c4d248360881/map-previews/f4a7d133-0a17-4000-8b00-000000000004.webp?v=48286,YES,YES,YES,NOT_DISPLAYED,,/home/ubuntu/browser_html/worldos_cc_maps_1787653893171.html
全部,403,Demon Slayer Simulator Copia,Sunshine Adw,/zh-cn/worlds/demon-slayer-simulator-ne4x,/worlds/demon-slayer-simulator-ne4x,YES,/maps/demon-slayer-japan.webp,YES,YES,YES,NOT_DISPLAYED,,/home/ubuntu/browser_html/worldos_cc_maps_1787653893171.html
全部,404,中世纪奇幻RPG世界,Kiki adelei Amaya araya,/zh-cn/worlds/simulador-de-rpg-de-fantas-a-medieval-69u5,/worlds/simulador-de-rpg-de-fantas-a-medieval-69u5,YES,https://qunsyxsdbqpinxyjqrqp.supabase.co/storage/v1/object/public/covers/a8219094-719f-40a5-8049-b9b3198b7d59/map-previews/b0d4ca9f-4444-4274-8e28-26810d7b1ff3.webp?v=101186,YES,YES,YES,NOT_DISPLAYED,,/home/ubuntu/browser_html/worldos_cc_maps_1787653893171.html
全部,405,咒术回战世界：更多角色，更高自由度！,Dariii,/zh-cn/worlds/jujutsu-c8t9,/worlds/jujutsu-c8t9,YES,https://qunsyxsdbqpinxyjqrqp.supabase.co/storage/v1/object/public/covers/e3899c58-3a5e-4a74-a18b-88e3caf9901f/map-previews/4d4d7273-b5cf-4a5f-879f-afd464ddefe5.webp?v=8034,YES,YES,YES,NOT_DISPLAYED,,/home/ubuntu/browser_html/worldos_cc_maps_1787653893171.html
全部,406,中世纪奇幻RPG世界,Kiki adelei Amaya araya,/zh-cn/worlds/simulador-de-rpg-de-fantas-a-medieval-02wc,/worlds/simulador-de-rpg-de-fantas-a-medieval-02wc,YES,https://qunsyxsdbqpinxyjqrqp.supabase.co/storage/v1/object/public/covers/a8219094-719f-40a5-8049-b9b3198b7d59/map-previews/b0d4ca9f-4444-4274-8e28-26810d7b1ff3.webp?v=101186,YES,YES,YES,NOT_DISPLAYED,,/home/ubuntu/browser_html/worldos_cc_maps_1787653893171.html
全部,407,Finca Mariposa: Aromas y Destinos,Evelin Naomi Horta Castañeda,/zh-cn/worlds/finca-mariposa-aromas-y-destinos-6b19b3cf337b,/worlds/finca-mariposa-aromas-y-destinos-6b19b3cf337b,YES,/maps/demon-slayer-japan.webp,YES,YES,YES,NOT_DISPLAYED,,/home/ubuntu/browser_html/worldos_cc_maps_1787653893171.html
全部,408,Demon Slayer Simulator Copy,Gab LovesHanji,/zh-cn/worlds/demon-slayer-simulator-mp9n,/worlds/demon-slayer-simulator-mp9n,YES,/maps/demon-slayer-japan.webp,YES,YES,YES,NOT_DISPLAYED,,/home/ubuntu/browser_html/worldos_cc_maps_1787653893171.html
全部,409,咒术回战世界-更多人物，更高自由！,Cuelo Tek,/zh-cn/worlds/jujutsu-yn8k,/worlds/jujutsu-yn8k,YES,https://qunsyxsdbqpinxyjqrqp.supabase.co/storage/v1/object/public/covers/e3899c58-3a5e-4a74-a18b-88e3caf9901f/map-previews/4d4d7273-b5cf-4a5f-879f-afd464ddefe5.webp?v=8034,YES,YES,YES,NOT_DISPLAYED,,/home/ubuntu/browser_html/worldos_cc_maps_1787653893171.html
全部,410,A Detective's Heart,Reddd La,/zh-cn/worlds/a-detective-s-heart-1wxi,/worlds/a-detective-s-heart-1wxi,YES,https://qunsyxsdbqpinxyjqrqp.supabase.co/storage/v1/object/public/covers/012ce406-7e6f-48a0-baf4-165ab2f0f1af/map-previews/4f6df855-4071-47bf-b07d-81981342b0b5.webp?v=43428,YES,YES,YES,NOT_DISPLAYED,,/home/ubuntu/browser_html/worldos_cc_maps_1787653893171.html
全部,411,鬼灭之刃模拟器,who's Emily!,/zh-cn/worlds/demon-slayer-simulator-h0r2,/worlds/demon-slayer-simulator-h0r2,YES,/maps/demon-slayer-japan.webp,YES,YES,YES,NOT_DISPLAYED,,/home/ubuntu/browser_html/worldos_cc_maps_1787653893171.html
全部,412,权力的游戏模拟器(冰与火之歌),弾好きすぎ。,/zh-cn/worlds/westeros-znja,/worlds/westeros-znja,YES,https://qunsyxsdbqpinxyjqrqp.supabase.co/storage/v1/object/public/covers/6d0cdd49-7cbe-49b0-8d87-c4d248360881/map-previews/a50f1c33-0a17-4000-8b00-000000000003.webp?v=5130,YES,YES,YES,NOT_DISPLAYED,,/home/ubuntu/browser_html/worldos_cc_maps_1787653893171.html
全部,413,Demon Slayer Simulator Copia,Evelin Naomi Horta Castañeda,/zh-cn/worlds/demon-slayer-simulator-68qp,/worlds/demon-slayer-simulator-68qp,YES,/maps/demon-slayer-japan.webp,YES,YES,YES,NOT_DISPLAYED,,/home/ubuntu/browser_html/worldos_cc_maps_1787653893171.html
全部,414,Gotham City,Pato valiente,/zh-cn/worlds/gotham-city-ot1i,/worlds/gotham-city-ot1i,YES,https://qunsyxsdbqpinxyjqrqp.supabase.co/storage/v1/object/public/covers/fb282042-b921-4489-9f13-e699ec7bd34f/map-previews/a815dc36-5fa6-4e7f-91eb-57ead75083c2.webp?v=83712,YES,YES,YES,NOT_DISPLAYED,,/home/ubuntu/browser_html/worldos_cc_maps_1787653893171.html
全部,415,Sweet Amoris instituto (Corazón de Melón),"superstarlol""",/zh-cn/worlds/sweet-amoris-instituto-coraz-n-de-mel-n-9otz,/worlds/sweet-amoris-instituto-coraz-n-de-mel-n-9otz,YES,https://qunsyxsdbqpinxyjqrqp.supabase.co/storage/v1/object/public/covers/b664f0a5-7b1c-4372-a2ab-789a96835754/map-previews/f834e575-5167-4b8f-9db9-639d50dce25f.webp?v=46384,YES,YES,YES,NOT_DISPLAYED,,/home/ubuntu/browser_html/worldos_cc_maps_1787653893171.html
全部,416,⚔️ Vida Medieval ⚔️,Sofia R,/zh-cn/worlds/vida-medieval-hul0,/worlds/vida-medieval-hul0,YES,https://qunsyxsdbqpinxyjqrqp.supabase.co/storage/v1/object/public/covers/fbb3c935-209f-442b-982c-93e0e82b3fa9/map-previews/c191fa27-b6e3-4eef-9d40-e12a09244c6d.webp?v=70106,YES,YES,YES,NOT_DISPLAYED,,/home/ubuntu/browser_html/worldos_cc_maps_1787653893171.html
全部,417,二战模拟器,luisana guaymas,/zh-cn/worlds/ww2-1a06,/worlds/ww2-1a06,YES,https://qunsyxsdbqpinxyjqrqp.supabase.co/storage/v1/object/public/covers/6d0cdd49-7cbe-49b0-8d87-c4d248360881/map-previews/22222222-2222-2222-2222-222222222222.webp?v=23294,YES,YES,YES,NOT_DISPLAYED,,/home/ubuntu/browser_html/worldos_cc_maps_1787653893171.html
全部,418,Modern Warfare: Global Conflict 2026,vd497924,/zh-cn/worlds/modern-warfare-global-conflict-2026-95ec1af14441,/worlds/modern-warfare-global-conflict-2026-95ec1af14441,YES,https://qunsyxsdbqpinxyjqrqp.supabase.co/storage/v1/object/public/covers/6d0cdd49-7cbe-49b0-8d87-c4d248360881/map-previews/2026aaaa-0000-4000-8000-000000000001.webp?v=19310,YES,YES,YES,NOT_DISPLAYED,,/home/ubuntu/browser_html/worldos_cc_maps_1787653893171.html
全部,419,二战模拟器,luisana guaymas,/zh-cn/worlds/ww2-m0bg,/worlds/ww2-m0bg,YES,https://qunsyxsdbqpinxyjqrqp.supabase.co/storage/v1/object/public/covers/6d0cdd49-7cbe-49b0-8d87-c4d248360881/map-previews/22222222-2222-2222-2222-222222222222.webp?v=23294,YES,YES,YES,NOT_DISPLAYED,,/home/ubuntu/browser_html/worldos_cc_maps_1787653893171.html
全部,420,二战模拟器,luisana guaymas,/zh-cn/worlds/ww2-eslj,/worlds/ww2-eslj,YES,https://qunsyxsdbqpinxyjqrqp.supabase.co/storage/v1/object/public/covers/6d0cdd49-7cbe-49b0-8d87-c4d248360881/map-previews/22222222-2222-2222-2222-222222222222.webp?v=23294,YES,YES,YES,NOT_DISPLAYED,,/home/ubuntu/browser_html/worldos_cc_maps_1787653893171.html
全部,421,将军,Elieperson,/zh-cn/worlds/shogun-2mi6,/worlds/shogun-2mi6,YES,/maps/demon-slayer-japan.webp,YES,YES,YES,NOT_DISPLAYED,,/home/ubuntu/browser_html/worldos_cc_maps_1787653893171.html
全部,422,Simulador de presidente de México,atey,/zh-cn/worlds/simulador-de-presidente-de-m-xico-1ayx,/worlds/simulador-de-presidente-de-m-xico-1ayx,YES,https://qunsyxsdbqpinxyjqrqp.supabase.co/storage/v1/object/public/covers/27cc37b9-779c-4bd1-b51b-73fd6f8bf34a/map-previews/cf4f30a3-c82e-4de7-9ac3-51c27457c863.webp?v=24906,YES,YES,YES,NOT_DISPLAYED,,/home/ubuntu/browser_html/worldos_cc_maps_1787653893171.html
全部,423,Pandora,atey,/zh-cn/worlds/pandora-mzjt,/worlds/pandora-mzjt,YES,https://qunsyxsdbqpinxyjqrqp.supabase.co/storage/v1/object/public/covers/6ccfc3fe-7124-4772-a1de-b7dec348e62b/map-previews/8387aa4a-e660-431d-9b9a-4e0b691368dc.webp?v=72414,YES,YES,YES,NOT_DISPLAYED,,/home/ubuntu/browser_html/worldos_cc_maps_1787653893171.html
全部,424,Verano en San Aurelio,atey,/zh-cn/worlds/verano-en-san-aurelio-1fim,/worlds/verano-en-san-aurelio-1fim,YES,https://qunsyxsdbqpinxyjqrqp.supabase.co/storage/v1/object/public/covers/3907652c-bd84-4489-92f5-133c0fe493b7/map-previews/cf92acef-06b9-4136-bd6b-feaa7741497c.webp?v=79468,YES,YES,YES,NOT_DISPLAYED,,/home/ubuntu/browser_html/worldos_cc_maps_1787653893171.html
全部,425,鬼灭之刃模拟器,Mia-8b89fe,/zh-cn/worlds/demon-slayer-simulator-qt4l,/worlds/demon-slayer-simulator-qt4l,YES,/maps/demon-slayer-japan.webp,YES,YES,YES,NOT_DISPLAYED,,/home/ubuntu/browser_html/worldos_cc_maps_1787653893171.html
全部,426,咒术回战世界-更多人物，更高自由！,taylormireamor13,/zh-cn/worlds/jujutsu-oxrn,/worlds/jujutsu-oxrn,YES,https://qunsyxsdbqpinxyjqrqp.supabase.co/storage/v1/object/public/covers/e3899c58-3a5e-4a74-a18b-88e3caf9901f/map-previews/4d4d7273-b5cf-4a5f-879f-afd464ddefe5.webp?v=8034,YES,YES,YES,NOT_DISPLAYED,,/home/ubuntu/browser_html/worldos_cc_maps_1787653893171.html
全部,427,Nockfell,Sam Zeas,/zh-cn/worlds/nockfell-k998,/worlds/nockfell-k998,YES,https://qunsyxsdbqpinxyjqrqp.supabase.co/storage/v1/object/public/covers/6d0cdd49-7cbe-49b0-8d87-c4d248360881/map-previews/c1710000-0000-4000-8000-000000000001.webp?v=25546,YES,YES,YES,NOT_DISPLAYED,,/home/ubuntu/browser_html/worldos_cc_maps_1787653893171.html
全部,428,Akotsk and I don't know,Noah Tierhs,/zh-cn/worlds/akotsk-and-i-don-t-know-2xqh,/worlds/akotsk-and-i-don-t-know-2xqh,YES,https://qunsyxsdbqpinxyjqrqp.supabase.co/storage/v1/object/public/covers/6d0cdd49-7cbe-49b0-8d87-c4d248360881/map-previews/a50f1c33-0a17-4000-8b00-000000000003.webp?v=5130,YES,YES,YES,NOT_DISPLAYED,,/home/ubuntu/browser_html/worldos_cc_maps_1787653893171.html
全部,429,Demon Slayer Simulator Copy,Kaori Uta,/zh-cn/worlds/demon-slayer-simulator-6916,/worlds/demon-slayer-simulator-6916,YES,/maps/demon-slayer-japan.webp,YES,YES,YES,NOT_DISPLAYED,,/home/ubuntu/browser_html/worldos_cc_maps_1787653893171.html
全部,430,《精灵宝可梦》·万象旅途,2972271044,/zh-cn/worlds/jing-ling-bao-ke-meng-wan-xiang-l-tu-6ab-6pmj,/worlds/jing-ling-bao-ke-meng-wan-xiang-l-tu-6ab-6pmj,YES,https://qunsyxsdbqpinxyjqrqp.supabase.co/storage/v1/object/public/covers/ec732486-17ec-428a-9d22-0d7da8a01ee6/map-previews/1279b462-3e0c-48c6-9986-e647dbbc40c4.webp?v=36624,YES,YES,YES,NOT_DISPLAYED,,/home/ubuntu/browser_html/worldos_cc_maps_1787653893171.html
全部,431,中世纪奇幻模拟器,gekesey902,/zh-cn/worlds/simulador-de-fantas-a-medieval-2fm1,/worlds/simulador-de-fantas-a-medieval-2fm1,YES,https://qunsyxsdbqpinxyjqrqp.supabase.co/storage/v1/object/public/covers/c74f183e-a666-4e10-9135-b6a046705b41/map-previews/0d12b912-3f2a-4657-a7ff-0d822e674baa.webp?v=21292,YES,YES,YES,NOT_DISPLAYED,,/home/ubuntu/browser_html/worldos_cc_maps_1787653893171.html
全部,432,Modern Day 2026,Sun Flower,/zh-cn/worlds/modern-day-2026-bwps,/worlds/modern-day-2026-bwps,YES,https://qunsyxsdbqpinxyjqrqp.supabase.co/storage/v1/object/public/covers/6d0cdd49-7cbe-49b0-8d87-c4d248360881/map-previews/2026aaaa-0000-4000-8000-000000000001.webp?v=19310,YES,YES,YES,NOT_DISPLAYED,,/home/ubuntu/browser_html/worldos_cc_maps_1787653893171.html
全部,433,Demon Slayer Simulator Copy,Idk bro,/zh-cn/worlds/demon-slayer-simulator-5pci,/worlds/demon-slayer-simulator-5pci,YES,/maps/demon-slayer-japan.webp,YES,YES,YES,NOT_DISPLAYED,,/home/ubuntu/browser_html/worldos_cc_maps_1787653893171.html
全部,434,1,1907711315,/zh-cn/worlds/1-33wf,/worlds/1-33wf,YES,https://qunsyxsdbqpinxyjqrqp.supabase.co/storage/v1/object/public/covers/6d0cdd49-7cbe-49b0-8d87-c4d248360881/map-previews/f4a7d133-0a17-4000-8b00-000000000004.webp?v=48286,YES,YES,YES,NOT_DISPLAYED,,/home/ubuntu/browser_html/worldos_cc_maps_1787653893171.html
全部,435,Jjj,Awawa,/zh-cn/worlds/jjj-m0y6,/worlds/jjj-m0y6,YES,https://qunsyxsdbqpinxyjqrqp.supabase.co/storage/v1/object/public/covers/fbb3c935-209f-442b-982c-93e0e82b3fa9/map-previews/c191fa27-b6e3-4eef-9d40-e12a09244c6d.webp?v=70106,YES,YES,YES,NOT_DISPLAYED,,/home/ubuntu/browser_html/worldos_cc_maps_1787653893171.html
全部,436,₊˚‧ 索尼克世界 ˚.,Pace Hedgehog,/zh-cn/worlds/o-i-o-x9nd,/worlds/o-i-o-x9nd,YES,https://qunsyxsdbqpinxyjqrqp.supabase.co/storage/v1/object/public/covers/4fd2a52d-1b40-44d5-b9af-cc5e2c743340/map-previews/83d3ce0f-2d8f-499f-8bc8-c937fffa2c23.webp?v=42184,YES,YES,YES,NOT_DISPLAYED,,/home/ubuntu/browser_html/worldos_cc_maps_1787653893171.html
全部,437,₊˚‧ 索尼克世界 ˚.,Pace Hedgehog,/zh-cn/worlds/o-i-o-9k3p,/worlds/o-i-o-9k3p,YES,https://qunsyxsdbqpinxyjqrqp.supabase.co/storage/v1/object/public/covers/4fd2a52d-1b40-44d5-b9af-cc5e2c743340/map-previews/83d3ce0f-2d8f-499f-8bc8-c937fffa2c23.webp?v=42184,YES,YES,YES,NOT_DISPLAYED,,/home/ubuntu/browser_html/worldos_cc_maps_1787653893171.html
全部,438,主播女孩重度依赖 (Needy Streamer Overload),bjq20081220,/zh-cn/worlds/zhu-bo-n-hai-zhong-du-yi-lai-needy-strea-3bb5,/worlds/zhu-bo-n-hai-zhong-du-yi-lai-needy-strea-3bb5,YES,https://qunsyxsdbqpinxyjqrqp.supabase.co/storage/v1/object/public/covers/6d0cdd49-7cbe-49b0-8d87-c4d248360881/map-previews/57a1da00-0000-4000-8b00-000000000001.webp?v=33316,YES,YES,YES,NOT_DISPLAYED,,/home/ubuntu/browser_html/worldos_cc_maps_1787653893171.html
全部,439,甜心校园 (Sweet Amoris),Gyokko,/zh-cn/worlds/sweet-amoris-instituto-corazon-de-melon-mme9,/worlds/sweet-amoris-instituto-corazon-de-melon-mme9,YES,https://qunsyxsdbqpinxyjqrqp.supabase.co/storage/v1/object/public/covers/b664f0a5-7b1c-4372-a2ab-789a96835754/map-previews/f834e575-5167-4b8f-9db9-639d50dce25f.webp?v=46384,YES,YES,YES,NOT_DISPLAYED,,/home/ubuntu/browser_html/worldos_cc_maps_1787653893171.html
全部,440,中世纪奇幻RPG世界,Nayla,/zh-cn/worlds/simulador-de-rpg-de-fantas-a-medieval-9dzg,/worlds/simulador-de-rpg-de-fantas-a-medieval-9dzg,YES,https://qunsyxsdbqpinxyjqrqp.supabase.co/storage/v1/object/public/covers/a8219094-719f-40a5-8049-b9b3198b7d59/map-previews/b0d4ca9f-4444-4274-8e28-26810d7b1ff3.webp?v=101186,YES,YES,YES,NOT_DISPLAYED,,/home/ubuntu/browser_html/worldos_cc_maps_1787653893171.html
全部,441,Pokemon 🔴 Copy,Coquiyo,/zh-cn/worlds/pokemon-8ofx,/worlds/pokemon-8ofx,YES,https://qunsyxsdbqpinxyjqrqp.supabase.co/storage/v1/object/public/covers/ec732486-17ec-428a-9d22-0d7da8a01ee6/map-previews/1279b462-3e0c-48c6-9986-e647dbbc40c4.webp?v=36624,YES,YES,YES,NOT_DISPLAYED,,/home/ubuntu/browser_html/worldos_cc_maps_1787653893171.html
全部,442,⚔️ 中世纪生活 ⚔️,3300840854,/zh-cn/worlds/zhong-shi-ji-sheng-huo-smvf,/worlds/zhong-shi-ji-sheng-huo-smvf,YES,https://qunsyxsdbqpinxyjqrqp.supabase.co/storage/v1/object/public/covers/fbb3c935-209f-442b-982c-93e0e82b3fa9/map-previews/c191fa27-b6e3-4eef-9d40-e12a09244c6d.webp?v=70106,YES,YES,YES,NOT_DISPLAYED,,/home/ubuntu/browser_html/worldos_cc_maps_1787653893171.html
全部,443,Demon Slayer Simulator Copia,Shura,/zh-cn/worlds/demon-slayer-simulator-t4jv,/worlds/demon-slayer-simulator-t4jv,YES,/maps/demon-slayer-japan.webp,YES,YES,YES,NOT_DISPLAYED,,/home/ubuntu/browser_html/worldos_cc_maps_1787653893171.html
全部,444,Simulador de Cazadores de Demonios: Legado de Yoriichi,Nivia Medina,/zh-cn/worlds/simulador-de-cazadores-de-demonios-legad-6bdb4d0ed4b5,/worlds/simulador-de-cazadores-de-demonios-legad-6bdb4d0ed4b5,YES,/maps/demon-slayer-japan.webp,YES,YES,YES,NOT_DISPLAYED,,/home/ubuntu/browser_html/worldos_cc_maps_1787653893171.html
全部,445,Modern Day 2026,Candia García Erick Santiago,/zh-cn/worlds/modern-day-2026-3dy7,/worlds/modern-day-2026-3dy7,YES,https://qunsyxsdbqpinxyjqrqp.supabase.co/storage/v1/object/public/covers/6d0cdd49-7cbe-49b0-8d87-c4d248360881/map-previews/2026aaaa-0000-4000-8000-000000000001.webp?v=19310,YES,YES,YES,NOT_DISPLAYED,,/home/ubuntu/browser_html/worldos_cc_maps_1787653893171.html
全部,446,现代世界 2026 副本,wang_20140214,/zh-cn/worlds/modern-day-lg6f,/worlds/modern-day-lg6f,YES,https://qunsyxsdbqpinxyjqrqp.supabase.co/storage/v1/object/public/covers/6d0cdd49-7cbe-49b0-8d87-c4d248360881/map-previews/2026aaaa-0000-4000-8000-000000000001.webp?v=19310,YES,YES,YES,NOT_DISPLAYED,,/home/ubuntu/browser_html/worldos_cc_maps_1787653893171.html
全部,447,二战模拟器,913914826,/zh-cn/worlds/ww2-woye,/worlds/ww2-woye,YES,https://qunsyxsdbqpinxyjqrqp.supabase.co/storage/v1/object/public/covers/6d0cdd49-7cbe-49b0-8d87-c4d248360881/map-previews/22222222-2222-2222-2222-222222222222.webp?v=23294,YES,YES,YES,NOT_DISPLAYED,,/home/ubuntu/browser_html/worldos_cc_maps_1787653893171.html
全部,448,DC宇宙,myreyna Dueñas Rodríguez,/zh-cn/worlds/dc-universe-fml5,/worlds/dc-universe-fml5,YES,https://qunsyxsdbqpinxyjqrqp.supabase.co/storage/v1/object/public/covers/fb282042-b921-4489-9f13-e699ec7bd34f/map-previews/770c4509-fea2-4df8-8e17-7e7861376bb1.webp?v=27998,YES,YES,YES,NOT_DISPLAYED,,/home/ubuntu/browser_html/worldos_cc_maps_1787653893171.html
全部,449,中世纪奇幻模拟器,Hot_Dog_69,/zh-cn/worlds/simulador-de-fantas-a-medieval-2nmd,/worlds/simulador-de-fantas-a-medieval-2nmd,YES,https://qunsyxsdbqpinxyjqrqp.supabase.co/storage/v1/object/public/covers/f4dc20eb-9810-4d75-bcec-0561bc998d73/map-previews/d91be04d-2090-4da4-b646-ce5e72f5b668.webp?v=21292,YES,YES,YES,NOT_DISPLAYED,,/home/ubuntu/browser_html/worldos_cc_maps_1787653893171.html
全部,450,现代世界 2026,Luciano Dearman,/zh-cn/worlds/modern-day-6sym,/worlds/modern-day-6sym,YES,https://qunsyxsdbqpinxyjqrqp.supabase.co/storage/v1/object/public/covers/6d0cdd49-7cbe-49b0-8d87-c4d248360881/map-previews/2026aaaa-0000-4000-8000-000000000001.webp?v=19310,YES,YES,YES,NOT_DISPLAYED,,/home/ubuntu/browser_html/worldos_cc_maps_1787653893171.html
全部,451,现代世界 2026,Luciano Dearman,/zh-cn/worlds/modern-day-oyge,/worlds/modern-day-oyge,YES,https://qunsyxsdbqpinxyjqrqp.supabase.co/storage/v1/object/public/covers/6d0cdd49-7cbe-49b0-8d87-c4d248360881/map-previews/2026aaaa-0000-4000-8000-000000000001.webp?v=19310,YES,YES,YES,NOT_DISPLAYED,,/home/ubuntu/browser_html/worldos_cc_maps_1787653893171.html
全部,452,Demon Slayer Simulator Copia,Harin Scarlett,/zh-cn/worlds/demon-slayer-simulator-23vc,/worlds/demon-slayer-simulator-23vc,YES,/maps/demon-slayer-japan.webp,YES,YES,YES,NOT_DISPLAYED,,/home/ubuntu/browser_html/worldos_cc_maps_1787653893171.html
全部,453,鬼灭之刃模拟器,Mymelodyspecial,/zh-cn/worlds/demon-slayer-simulator-80z2,/worlds/demon-slayer-simulator-80z2,YES,/maps/demon-slayer-japan.webp,YES,YES,YES,NOT_DISPLAYED,,/home/ubuntu/browser_html/worldos_cc_maps_1787653893171.html
全部,454,鬼灭之刃模拟器,sy,/zh-cn/worlds/demon-slayer-simulator-ao0y,/worlds/demon-slayer-simulator-ao0y,YES,/maps/demon-slayer-japan.webp,YES,YES,YES,NOT_DISPLAYED,,/home/ubuntu/browser_html/worldos_cc_maps_1787653893171.html
全部,455,Avatar: La leyenda de Aang,Franco Roveros,/zh-cn/worlds/avatar-la-leyenda-de-aang-06xe,/worlds/avatar-la-leyenda-de-aang-06xe,YES,https://qunsyxsdbqpinxyjqrqp.supabase.co/storage/v1/object/public/covers/2ae24dc5-6fae-4b80-b733-61228ced3275/map-previews/33ffc0d5-68de-4bbf-93e6-25dfdff90172.webp?v=81004,YES,YES,YES,NOT_DISPLAYED,,/home/ubuntu/browser_html/worldos_cc_maps_1787653893171.html
全部,456,鬼灭之刃模拟器,who's Emily!,/zh-cn/worlds/demon-slayer-simulator-ekw8,/worlds/demon-slayer-simulator-ekw8,YES,/maps/demon-slayer-japan.webp,YES,YES,YES,NOT_DISPLAYED,,/home/ubuntu/browser_html/worldos_cc_maps_1787653893171.html
全部,457,鬼灭之刃模拟器,Iძᥲყ,/zh-cn/worlds/demon-slayer-simulator-vdjm,/worlds/demon-slayer-simulator-vdjm,YES,/maps/demon-slayer-japan.webp,YES,YES,YES,NOT_DISPLAYED,,/home/ubuntu/browser_html/worldos_cc_maps_1787653893171.html
全部,458,ww2,Unknown Moser,/zh-cn/worlds/ww2-xnxi,/worlds/ww2-xnxi,YES,https://qunsyxsdbqpinxyjqrqp.supabase.co/storage/v1/object/public/covers/6d0cdd49-7cbe-49b0-8d87-c4d248360881/map-previews/22222222-2222-2222-2222-222222222222.webp?v=23294,YES,YES,YES,NOT_DISPLAYED,,/home/ubuntu/browser_html/worldos_cc_maps_1787653893171.html
全部,459,WW2 Game,seba,/zh-cn/worlds/ww2-game-ccuj,/worlds/ww2-game-ccuj,YES,https://qunsyxsdbqpinxyjqrqp.supabase.co/storage/v1/object/public/covers/6d0cdd49-7cbe-49b0-8d87-c4d248360881/map-previews/22222222-2222-2222-2222-222222222222.webp?v=23294,YES,YES,YES,NOT_DISPLAYED,,/home/ubuntu/browser_html/worldos_cc_maps_1787653893171.html
全部,460,DC宇宙,Bunyy,/zh-cn/worlds/dc-universe-cfla,/worlds/dc-universe-cfla,YES,https://qunsyxsdbqpinxyjqrqp.supabase.co/storage/v1/object/public/covers/fb282042-b921-4489-9f13-e699ec7bd34f/map-previews/770c4509-fea2-4df8-8e17-7e7861376bb1.webp?v=27998,YES,YES,YES,NOT_DISPLAYED,,/home/ubuntu/browser_html/worldos_cc_maps_1787653893171.html
全部,461,宝可梦 🔴,1336465784,/zh-cn/worlds/bao-ke-meng-jswr,/worlds/bao-ke-meng-jswr,YES,https://qunsyxsdbqpinxyjqrqp.supabase.co/storage/v1/object/public/covers/ec732486-17ec-428a-9d22-0d7da8a01ee6/map-previews/1279b462-3e0c-48c6-9986-e647dbbc40c4.webp?v=36624,YES,YES,YES,NOT_DISPLAYED,,/home/ubuntu/browser_html/worldos_cc_maps_1787653893171.html
全部,462,鬼灭之刃模拟器,Delphine Bela,/zh-cn/worlds/demon-slayer-simulator-31oe,/worlds/demon-slayer-simulator-31oe,YES,/maps/demon-slayer-japan.webp,YES,YES,YES,NOT_DISPLAYED,,/home/ubuntu/browser_html/worldos_cc_maps_1787653893171.html
全部,463,二战模拟器,Nose me gusta Pierrot,/zh-cn/worlds/ww2-3w0s,/worlds/ww2-3w0s,YES,https://qunsyxsdbqpinxyjqrqp.supabase.co/storage/v1/object/public/covers/6d0cdd49-7cbe-49b0-8d87-c4d248360881/map-previews/22222222-2222-2222-2222-222222222222.webp?v=23294,YES,YES,YES,NOT_DISPLAYED,,/home/ubuntu/browser_html/worldos_cc_maps_1787653893171.html
全部,464,鬼灭之刃模拟器,who's Emily!,/zh-cn/worlds/demon-slayer-simulator-pptj,/worlds/demon-slayer-simulator-pptj,YES,/maps/demon-slayer-japan.webp,YES,YES,YES,NOT_DISPLAYED,,/home/ubuntu/browser_html/worldos_cc_maps_1787653893171.html
全部,465,鬼灭之刃模拟器,who's Emily!,/zh-cn/worlds/demon-slayer-simulator-qhj2,/worlds/demon-slayer-simulator-qhj2,YES,/maps/demon-slayer-japan.webp,YES,YES,YES,NOT_DISPLAYED,,/home/ubuntu/browser_html/worldos_cc_maps_1787653893171.html
全部,466,DC宇宙,Alex Constantine,/zh-cn/worlds/dc-universe-nzt7,/worlds/dc-universe-nzt7,YES,https://qunsyxsdbqpinxyjqrqp.supabase.co/storage/v1/object/public/covers/fb282042-b921-4489-9f13-e699ec7bd34f/map-previews/770c4509-fea2-4df8-8e17-7e7861376bb1.webp?v=27998,YES,YES,YES,NOT_DISPLAYED,,/home/ubuntu/browser_html/worldos_cc_maps_1787653893171.html
全部,467,Demon Slayer Simulator Copia,Jhondely,/zh-cn/worlds/demon-slayer-simulator-5rkp,/worlds/demon-slayer-simulator-5rkp,YES,/maps/demon-slayer-japan.webp,YES,YES,YES,NOT_DISPLAYED,,/home/ubuntu/browser_html/worldos_cc_maps_1787653893171.html
全部,468,三国模拟器 副本,38809656,/zh-cn/worlds/sanguo-warlords-49wu,/worlds/sanguo-warlords-49wu,YES,https://qunsyxsdbqpinxyjqrqp.supabase.co/storage/v1/object/public/covers/6d0cdd49-7cbe-49b0-8d87-c4d248360881/map-previews/f4a7d133-0a17-4000-8b00-000000000004.webp?v=48286,YES,YES,YES,NOT_DISPLAYED,,/home/ubuntu/browser_html/worldos_cc_maps_1787653893171.html
全部,469,Juego de Tronos (Canción de Hielo y Fuego) Copia,Daneilys Mejías,/zh-cn/worlds/westeros-uzxs,/worlds/westeros-uzxs,YES,https://qunsyxsdbqpinxyjqrqp.supabase.co/storage/v1/object/public/covers/6d0cdd49-7cbe-49b0-8d87-c4d248360881/map-previews/a50f1c33-0a17-4000-8b00-000000000003.webp?v=5130,YES,YES,YES,NOT_DISPLAYED,,/home/ubuntu/browser_html/worldos_cc_maps_1787653893171.html
全部,470,Juego de Tronos (Canción de Hielo y Fuego) Copia,Daneilys Mejías,/zh-cn/worlds/westeros-rsxg,/worlds/westeros-rsxg,YES,https://qunsyxsdbqpinxyjqrqp.supabase.co/storage/v1/object/public/covers/6d0cdd49-7cbe-49b0-8d87-c4d248360881/map-previews/a50f1c33-0a17-4000-8b00-000000000003.webp?v=5130,YES,YES,YES,NOT_DISPLAYED,,/home/ubuntu/browser_html/worldos_cc_maps_1787653893171.html
全部,471,⚔️ 中世纪生活 ⚔️,ˑ 𓈒 𐔌  🄽𝕦𝚋ꫀׁׅܻ݊  ͡꒱,/zh-cn/worlds/vida-medieval-bd4e,/worlds/vida-medieval-bd4e,YES,https://qunsyxsdbqpinxyjqrqp.supabase.co/storage/v1/object/public/covers/fbb3c935-209f-442b-982c-93e0e82b3fa9/map-previews/c191fa27-b6e3-4eef-9d40-e12a09244c6d.webp?v=70106,YES,YES,YES,NOT_DISPLAYED,,/home/ubuntu/browser_html/worldos_cc_maps_1787653893171.html
全部,472,三国模拟器,zdxqrcmd,/zh-cn/worlds/sanguo-warlords-ub7c,/worlds/sanguo-warlords-ub7c,YES,https://qunsyxsdbqpinxyjqrqp.supabase.co/storage/v1/object/public/covers/6d0cdd49-7cbe-49b0-8d87-c4d248360881/map-previews/f4a7d133-0a17-4000-8b00-000000000004.webp?v=48286,YES,YES,YES,NOT_DISPLAYED,,/home/ubuntu/browser_html/worldos_cc_maps_1787653893171.html
全部,473,Demon Slayer Simulator Copia,Hebe Segovia,/zh-cn/worlds/demon-slayer-simulator-eazh,/worlds/demon-slayer-simulator-eazh,YES,/maps/demon-slayer-japan.webp,YES,YES,YES,NOT_DISPLAYED,,/home/ubuntu/browser_html/worldos_cc_maps_1787653893171.html
全部,474,Juego de Tronos (Canción de Hielo y Fuego) Copia,Avril Barreiros,/zh-cn/worlds/westeros-4maf,/worlds/westeros-4maf,YES,https://qunsyxsdbqpinxyjqrqp.supabase.co/storage/v1/object/public/covers/6d0cdd49-7cbe-49b0-8d87-c4d248360881/map-previews/a50f1c33-0a17-4000-8b00-000000000003.webp?v=5130,YES,YES,YES,NOT_DISPLAYED,,/home/ubuntu/browser_html/worldos_cc_maps_1787653893171.html
全部,475,怪奇物语模拟器 (2),Hasna hwan,/zh-cn/worlds/stranger-things-simulator-2vcu,/worlds/stranger-things-simulator-2vcu,YES,https://qunsyxsdbqpinxyjqrqp.supabase.co/storage/v1/object/public/covers/05d490bb-95c8-46f1-a8f7-5a2bfc525bfd/map-previews/150433ce-d1ee-4461-8516-d39d31c8f964.webp?v=45212,YES,YES,YES,NOT_DISPLAYED,,/home/ubuntu/browser_html/worldos_cc_maps_1787653893171.html
全部,476,中世纪奇幻模拟器,Ñeru,/zh-cn/worlds/simulador-de-fantas-a-medieval-8hvk,/worlds/simulador-de-fantas-a-medieval-8hvk,YES,https://qunsyxsdbqpinxyjqrqp.supabase.co/storage/v1/object/public/covers/366d0e5e-fcac-4207-bb67-5fe29416c894/map-previews/6415e926-9c75-426f-9fd7-bb5ba3637c8f.webp?v=21292,YES,YES,YES,NOT_DISPLAYED,,/home/ubuntu/browser_html/worldos_cc_maps_1787653893171.html
全部,477,十字军之王3,小橘猫,/zh-cn/worlds/crusader-kings-3-m8oc,/worlds/crusader-kings-3-m8oc,YES,https://qunsyxsdbqpinxyjqrqp.supabase.co/storage/v1/object/public/covers/6d0cdd49-7cbe-49b0-8d87-c4d248360881/map-previews/c5300000-0000-4000-8000-000000000001.webp?v=21704,YES,YES,YES,NOT_DISPLAYED,,/home/ubuntu/browser_html/worldos_cc_maps_1787653893171.html
全部,478,Demon Slayer Simulator Copia,nr6424372,/zh-cn/worlds/demon-slayer-simulator-dipn,/worlds/demon-slayer-simulator-dipn,YES,/maps/demon-slayer-japan.webp,YES,YES,YES,NOT_DISPLAYED,,/home/ubuntu/browser_html/worldos_cc_maps_1787653893171.html
全部,479,《精灵宝可梦》·万象旅途,734277808,/zh-cn/worlds/jing-ling-bao-ke-meng-wan-xiang-l-tu-6ab-gh69,/worlds/jing-ling-bao-ke-meng-wan-xiang-l-tu-6ab-gh69,YES,https://qunsyxsdbqpinxyjqrqp.supabase.co/storage/v1/object/public/covers/ec732486-17ec-428a-9d22-0d7da8a01ee6/map-previews/1279b462-3e0c-48c6-9986-e647dbbc40c4.webp?v=36624,YES,YES,YES,NOT_DISPLAYED,,/home/ubuntu/browser_html/worldos_cc_maps_1787653893171.html
全部,480,Falling for the Lifeguard,Melina Gadea,/zh-cn/worlds/falling-for-the-lifeguard-c65a,/worlds/falling-for-the-lifeguard-c65a,YES,https://qunsyxsdbqpinxyjqrqp.supabase.co/storage/v1/object/public/covers/012ce406-7e6f-48a0-baf4-165ab2f0f1af/map-previews/4120bc16-b736-4e8f-a690-fcc270b9c92a.webp?v=112210,YES,YES,YES,NOT_DISPLAYED,,/home/ubuntu/browser_html/worldos_cc_maps_1787653893171.html
全部,481,DC宇宙,Ronald Harbigui,/zh-cn/worlds/dc-universe-2m2e,/worlds/dc-universe-2m2e,YES,https://qunsyxsdbqpinxyjqrqp.supabase.co/storage/v1/object/public/covers/fb282042-b921-4489-9f13-e699ec7bd34f/map-previews/770c4509-fea2-4df8-8e17-7e7861376bb1.webp?v=27998,YES,YES,YES,NOT_DISPLAYED,,/home/ubuntu/browser_html/worldos_cc_maps_1787653893171.html
全部,482,二战模拟器 副本,1968771911,/zh-cn/worlds/ww2-vesn,/worlds/ww2-vesn,YES,https://qunsyxsdbqpinxyjqrqp.supabase.co/storage/v1/object/public/covers/6d0cdd49-7cbe-49b0-8d87-c4d248360881/map-previews/22222222-2222-2222-2222-222222222222.webp?v=23294,YES,YES,YES,NOT_DISPLAYED,,/home/ubuntu/browser_html/worldos_cc_maps_1787653893171.html
全部,483,鬼灭之刃模拟器 副本,1957150545,/zh-cn/worlds/demon-slayer-simulator-3vbu,/worlds/demon-slayer-simulator-3vbu,YES,/maps/demon-slayer-japan.webp,YES,YES,YES,NOT_DISPLAYED,,/home/ubuntu/browser_html/worldos_cc_maps_1787653893171.html
全部,484,鬼灭之刃模拟器 副本,1957150545,/zh-cn/worlds/demon-slayer-simulator-9asn,/worlds/demon-slayer-simulator-9asn,YES,/maps/demon-slayer-japan.webp,YES,YES,YES,NOT_DISPLAYED,,/home/ubuntu/browser_html/worldos_cc_maps_1787653893171.html
全部,485,鬼灭之刃模拟器 副本,1957150545,/zh-cn/worlds/demon-slayer-simulator-jg8n,/worlds/demon-slayer-simulator-jg8n,YES,/maps/demon-slayer-japan.webp,YES,YES,YES,NOT_DISPLAYED,,/home/ubuntu/browser_html/worldos_cc_maps_1787653893171.html
全部,486,DC宇宙,Alex Constantine,/zh-cn/worlds/dc-universe-w43v,/worlds/dc-universe-w43v,YES,https://qunsyxsdbqpinxyjqrqp.supabase.co/storage/v1/object/public/covers/fb282042-b921-4489-9f13-e699ec7bd34f/map-previews/770c4509-fea2-4df8-8e17-7e7861376bb1.webp?v=27998,YES,YES,YES,NOT_DISPLAYED,,/home/ubuntu/browser_html/worldos_cc_maps_1787653893171.html
全部,487,Segunda Guerra Mundial: Mundo 1935 Copia,Olivia prescott,/zh-cn/worlds/ww2-yu2l,/worlds/ww2-yu2l,YES,https://qunsyxsdbqpinxyjqrqp.supabase.co/storage/v1/object/public/covers/6d0cdd49-7cbe-49b0-8d87-c4d248360881/map-previews/22222222-2222-2222-2222-222222222222.webp?v=23294,YES,YES,YES,NOT_DISPLAYED,,/home/ubuntu/browser_html/worldos_cc_maps_1787653893171.html
全部,488,现代世界 2026,Ava Vlad,/zh-cn/worlds/modern-day-xj27,/worlds/modern-day-xj27,YES,https://qunsyxsdbqpinxyjqrqp.supabase.co/storage/v1/object/public/covers/6d0cdd49-7cbe-49b0-8d87-c4d248360881/map-previews/2026aaaa-0000-4000-8000-000000000001.webp?v=19310,YES,YES,YES,NOT_DISPLAYED,,/home/ubuntu/browser_html/worldos_cc_maps_1787653893171.html
全部,489,《精灵宝可梦·万象旅途》,19801022115,/zh-cn/worlds/jing-ling-bao-ke-meng-wan-xiang-l-tu-6ab-yjh8,/worlds/jing-ling-bao-ke-meng-wan-xiang-l-tu-6ab-yjh8,YES,https://qunsyxsdbqpinxyjqrqp.supabase.co/storage/v1/object/public/covers/ec732486-17ec-428a-9d22-0d7da8a01ee6/map-previews/1279b462-3e0c-48c6-9986-e647dbbc40c4.webp?v=36624,YES,YES,YES,NOT_DISPLAYED,,/home/ubuntu/browser_html/worldos_cc_maps_1787653893171.html
全部,490,DC宇宙,Xonia Rainforest,/zh-cn/worlds/dc-universe-kpls,/worlds/dc-universe-kpls,YES,https://qunsyxsdbqpinxyjqrqp.supabase.co/storage/v1/object/public/covers/fb282042-b921-4489-9f13-e699ec7bd34f/map-previews/770c4509-fea2-4df8-8e17-7e7861376bb1.webp?v=27998,YES,YES,YES,NOT_DISPLAYED,,/home/ubuntu/browser_html/worldos_cc_maps_1787653893171.html
全部,491,DC宇宙,Alex Constantine,/zh-cn/worlds/dc-universe-tizr,/worlds/dc-universe-tizr,YES,https://qunsyxsdbqpinxyjqrqp.supabase.co/storage/v1/object/public/covers/fb282042-b921-4489-9f13-e699ec7bd34f/map-previews/770c4509-fea2-4df8-8e17-7e7861376bb1.webp?v=27998,YES,YES,YES,NOT_DISPLAYED,,/home/ubuntu/browser_html/worldos_cc_maps_1787653893171.html
全部,492,十字军之王3,pv4399,/zh-cn/worlds/crusader-kings-3-leas,/worlds/crusader-kings-3-leas,YES,https://qunsyxsdbqpinxyjqrqp.supabase.co/storage/v1/object/public/covers/6d0cdd49-7cbe-49b0-8d87-c4d248360881/map-previews/c5300000-0000-4000-8000-000000000001.webp?v=21704,YES,YES,YES,NOT_DISPLAYED,,/home/ubuntu/browser_html/worldos_cc_maps_1787653893171.html
全部,493,中世纪奇幻模拟器,Elías,/zh-cn/worlds/simulador-de-fantas-a-medieval-z5wj,/worlds/simulador-de-fantas-a-medieval-z5wj,YES,https://qunsyxsdbqpinxyjqrqp.supabase.co/storage/v1/object/public/covers/366d0e5e-fcac-4207-bb67-5fe29416c894/map-previews/6415e926-9c75-426f-9fd7-bb5ba3637c8f.webp?v=21292,YES,YES,YES,NOT_DISPLAYED,,/home/ubuntu/browser_html/worldos_cc_maps_1787653893171.html
全部,494,Crusader Kings 3_gpt 5.6 优化,13126237955,/zh-cn/worlds/crusader-kings-3-347y,/worlds/crusader-kings-3-347y,YES,https://qunsyxsdbqpinxyjqrqp.supabase.co/storage/v1/object/public/covers/b4303060-0a4d-4f44-b9af-a71ed8bd45dc/map-previews/acd060f0-529c-4d65-900c-64abbd196f8f.webp?v=21704,YES,YES,YES,NOT_DISPLAYED,,/home/ubuntu/browser_html/worldos_cc_maps_1787653893171.html
全部,495,Crusader Kings 3_gpt 5.6 优化,13126237955,/zh-cn/worlds/crusader-kings-3-97zk,/worlds/crusader-kings-3-97zk,YES,https://qunsyxsdbqpinxyjqrqp.supabase.co/storage/v1/object/public/covers/b4303060-0a4d-4f44-b9af-a71ed8bd45dc/map-previews/acd060f0-529c-4d65-900c-64abbd196f8f.webp?v=21704,YES,YES,YES,NOT_DISPLAYED,,/home/ubuntu/browser_html/worldos_cc_maps_1787653893171.html
全部,496,现代世界 2026,2729310179,/zh-cn/worlds/modern-day-r3a4,/worlds/modern-day-r3a4,YES,https://qunsyxsdbqpinxyjqrqp.supabase.co/storage/v1/object/public/covers/6d0cdd49-7cbe-49b0-8d87-c4d248360881/map-previews/2026aaaa-0000-4000-8000-000000000001.webp?v=19310,YES,YES,YES,NOT_DISPLAYED,,/home/ubuntu/browser_html/worldos_cc_maps_1787653893171.html
全部,497,Juego de Tronos: La Última Hija de Invernalia,Abigail-8cf6ec,/zh-cn/worlds/juego-de-tronos-la-ltima-hija-de-inverna-1b784f29a607,/worlds/juego-de-tronos-la-ltima-hija-de-inverna-1b784f29a607,YES,https://qunsyxsdbqpinxyjqrqp.supabase.co/storage/v1/object/public/covers/6d0cdd49-7cbe-49b0-8d87-c4d248360881/map-previews/a50f1c33-0a17-4000-8b00-000000000003.webp?v=5130,YES,YES,YES,NOT_DISPLAYED,,/home/ubuntu/browser_html/worldos_cc_maps_1787653893171.html
全部,498,咒术回战世界：更多角色，更高自由度！,El GaTiTo YoOnGi HaCe MuUu Te JaLa Laz PaTaZ,/zh-cn/worlds/jujutsu-sgad,/worlds/jujutsu-sgad,YES,https://qunsyxsdbqpinxyjqrqp.supabase.co/storage/v1/object/public/covers/e3899c58-3a5e-4a74-a18b-88e3caf9901f/map-previews/4d4d7273-b5cf-4a5f-879f-afd464ddefe5.webp?v=8034,YES,YES,YES,NOT_DISPLAYED,,/home/ubuntu/browser_html/worldos_cc_maps_1787653893171.html
全部,499,三国模拟器,2231981489,/zh-cn/worlds/sanguo-warlords-17qr,/worlds/sanguo-warlords-17qr,YES,https://qunsyxsdbqpinxyjqrqp.supabase.co/storage/v1/object/public/covers/6d0cdd49-7cbe-49b0-8d87-c4d248360881/map-previews/f4a7d133-0a17-4000-8b00-000000000004.webp?v=48286,YES,YES,YES,NOT_DISPLAYED,,/home/ubuntu/browser_html/worldos_cc_maps_1787653893171.html
全部,500,DC宇宙,Alex Constantine,/zh-cn/worlds/dc-universe-e5s5,/worlds/dc-universe-e5s5,YES,https://qunsyxsdbqpinxyjqrqp.supabase.co/storage/v1/object/public/covers/fb282042-b921-4489-9f13-e699ec7bd34f/map-previews/770c4509-fea2-4df8-8e17-7e7861376bb1.webp?v=27998,YES,YES,YES,NOT_DISPLAYED,,/home/ubuntu/browser_html/worldos_cc_maps_1787653893171.html
全部,501,DC宇宙,Alex Constantine,/zh-cn/worlds/dc-universe-fbfu,/worlds/dc-universe-fbfu,YES,https://qunsyxsdbqpinxyjqrqp.supabase.co/storage/v1/object/public/covers/fb282042-b921-4489-9f13-e699ec7bd34f/map-previews/770c4509-fea2-4df8-8e17-7e7861376bb1.webp?v=27998,YES,YES,YES,NOT_DISPLAYED,,/home/ubuntu/browser_html/worldos_cc_maps_1787653893171.html
全部,502,蝙蝠家族大冒险,Sofia Molina-8cf791,/zh-cn/worlds/batfamily-adventures-8kuy,/worlds/batfamily-adventures-8kuy,YES,https://qunsyxsdbqpinxyjqrqp.supabase.co/storage/v1/object/public/covers/896ef9fe-7ab0-46d8-8da5-2f9d5af1413a/map-previews/f5d5aa5a-0c9d-43d9-97d5-47656d69a265.webp?v=83596,YES,YES,YES,NOT_DISPLAYED,,/home/ubuntu/browser_html/worldos_cc_maps_1787653893171.html
全部,503,DC宇宙,Alex Constantine,/zh-cn/worlds/dc-universe-dsxq,/worlds/dc-universe-dsxq,YES,https://qunsyxsdbqpinxyjqrqp.supabase.co/storage/v1/object/public/covers/fb282042-b921-4489-9f13-e699ec7bd34f/map-previews/770c4509-fea2-4df8-8e17-7e7861376bb1.webp?v=27998,YES,YES,YES,NOT_DISPLAYED,,/home/ubuntu/browser_html/worldos_cc_maps_1787653893171.html
全部,504,恋上救生员,Elizabeth 2010,/zh-cn/worlds/falling-for-the-lifeguard-uhh0,/worlds/falling-for-the-lifeguard-uhh0,YES,https://qunsyxsdbqpinxyjqrqp.supabase.co/storage/v1/object/public/covers/012ce406-7e6f-48a0-baf4-165ab2f0f1af/map-previews/4120bc16-b736-4e8f-a690-fcc270b9c92a.webp?v=112210,YES,YES,YES,NOT_DISPLAYED,,/home/ubuntu/browser_html/worldos_cc_maps_1787653893171.html
全部,505,三国模拟器 副本,2054255884,/zh-cn/worlds/sanguo-warlords-m723,/worlds/sanguo-warlords-m723,YES,https://qunsyxsdbqpinxyjqrqp.supabase.co/storage/v1/object/public/covers/6d0cdd49-7cbe-49b0-8d87-c4d248360881/map-previews/f4a7d133-0a17-4000-8b00-000000000004.webp?v=48286,YES,YES,YES,NOT_DISPLAYED,,/home/ubuntu/browser_html/worldos_cc_maps_1787653893171.html
全部,506,《精灵宝可梦》·万象旅途,780950423,/zh-cn/worlds/jing-ling-bao-ke-meng-wan-xiang-l-tu-6ab-dcsz,/worlds/jing-ling-bao-ke-meng-wan-xiang-l-tu-6ab-dcsz,YES,https://qunsyxsdbqpinxyjqrqp.supabase.co/storage/v1/object/public/covers/ec732486-17ec-428a-9d22-0d7da8a01ee6/map-previews/1279b462-3e0c-48c6-9986-e647dbbc40c4.webp?v=36624,YES,YES,YES,NOT_DISPLAYED,,/home/ubuntu/browser_html/worldos_cc_maps_1787653893171.html
全部,507,历史模拟器：崇祯,刘常鹏,/zh-cn/worlds/chongzhen-tiox,/worlds/chongzhen-tiox,YES,https://qunsyxsdbqpinxyjqrqp.supabase.co/storage/v1/object/public/covers/6d0cdd49-7cbe-49b0-8d87-c4d248360881/map-previews/c4302300-0000-4000-8000-000000000001.webp?v=45420,YES,YES,YES,NOT_DISPLAYED,,/home/ubuntu/browser_html/worldos_cc_maps_1787653893171.html
全部,508,⚔️ 中世纪生活 ⚔️,Lena ཀ,/zh-cn/worlds/vida-medieval-f1z0,/worlds/vida-medieval-f1z0,YES,https://qunsyxsdbqpinxyjqrqp.supabase.co/storage/v1/object/public/covers/fbb3c935-209f-442b-982c-93e0e82b3fa9/map-previews/c191fa27-b6e3-4eef-9d40-e12a09244c6d.webp?v=70106,YES,YES,YES,NOT_DISPLAYED,,/home/ubuntu/browser_html/worldos_cc_maps_1787653893171.html
全部,509,DC宇宙,Missy Malfoy,/zh-cn/worlds/dc-universe-36qw,/worlds/dc-universe-36qw,YES,https://qunsyxsdbqpinxyjqrqp.supabase.co/storage/v1/object/public/covers/fb282042-b921-4489-9f13-e699ec7bd34f/map-previews/770c4509-fea2-4df8-8e17-7e7861376bb1.webp?v=27998,YES,YES,YES,NOT_DISPLAYED,,/home/ubuntu/browser_html/worldos_cc_maps_1787653893171.html
全部,510,《精灵宝可梦·万象旅途》,787447208,/zh-cn/worlds/jing-ling-bao-ke-meng-wan-xiang-l-tu-6ab-viy5,/worlds/jing-ling-bao-ke-meng-wan-xiang-l-tu-6ab-viy5,YES,https://qunsyxsdbqpinxyjqrqp.supabase.co/storage/v1/object/public/covers/ec732486-17ec-428a-9d22-0d7da8a01ee6/map-previews/1279b462-3e0c-48c6-9986-e647dbbc40c4.webp?v=36624,YES,YES,YES,NOT_DISPLAYED,,/home/ubuntu/browser_html/worldos_cc_maps_1787653893171.html
全部,511,Demon Slayer Simulator Copia,Aceituna jejej Martina D'Agostino,/zh-cn/worlds/demon-slayer-simulator-go4m,/worlds/demon-slayer-simulator-go4m,YES,/maps/demon-slayer-japan.webp,YES,YES,YES,NOT_DISPLAYED,,/home/ubuntu/browser_html/worldos_cc_maps_1787653893171.html
全部,512,Demon Slayer Simulator Copia,Mia jazmin Fariña gonzalez,/zh-cn/worlds/demon-slayer-simulator-5x9e,/worlds/demon-slayer-simulator-5x9e,YES,/maps/demon-slayer-japan.webp,YES,YES,YES,NOT_DISPLAYED,,/home/ubuntu/browser_html/worldos_cc_maps_1787653893171.html
全部,513,历史模拟器：崇祯,刘常鹏,/zh-cn/worlds/chongzhen-ndz6,/worlds/chongzhen-ndz6,YES,https://qunsyxsdbqpinxyjqrqp.supabase.co/storage/v1/object/public/covers/6d0cdd49-7cbe-49b0-8d87-c4d248360881/map-previews/c4302300-0000-4000-8000-000000000001.webp?v=45420,YES,YES,YES,NOT_DISPLAYED,,/home/ubuntu/browser_html/worldos_cc_maps_1787653893171.html
全部,514,中世纪奇幻模拟器,Treasure Amadasun,/zh-cn/worlds/simulador-de-fantas-a-medieval-wffd,/worlds/simulador-de-fantas-a-medieval-wffd,YES,https://qunsyxsdbqpinxyjqrqp.supabase.co/storage/v1/object/public/covers/366d0e5e-fcac-4207-bb67-5fe29416c894/map-previews/6415e926-9c75-426f-9fd7-bb5ba3637c8f.webp?v=21292,YES,YES,YES,NOT_DISPLAYED,,/home/ubuntu/browser_html/worldos_cc_maps_1787653893171.html
全部,515,鬼灭之刃模拟器,Nath-c41423,/zh-cn/worlds/demon-slayer-simulator-tu9r,/worlds/demon-slayer-simulator-tu9r,YES,/maps/demon-slayer-japan.webp,YES,YES,YES,NOT_DISPLAYED,,/home/ubuntu/browser_html/worldos_cc_maps_1787653893171.html
全部,516,"Beso, beso, castigo Copia",Ackeger,/zh-cn/worlds/kiss-kiss-detention-om18,/worlds/kiss-kiss-detention-om18,YES,https://qunsyxsdbqpinxyjqrqp.supabase.co/storage/v1/object/public/covers/012ce406-7e6f-48a0-baf4-165ab2f0f1af/map-previews/c8561458-6299-4b37-8bcd-918fa537eb2b.webp?v=75170,YES,YES,YES,NOT_DISPLAYED,,/home/ubuntu/browser_html/worldos_cc_maps_1787653893171.html
全部,517,权力的游戏模拟器(冰与火之歌),Sleep Tight,/zh-cn/worlds/westeros-lcmu,/worlds/westeros-lcmu,YES,https://qunsyxsdbqpinxyjqrqp.supabase.co/storage/v1/object/public/covers/6d0cdd49-7cbe-49b0-8d87-c4d248360881/map-previews/a50f1c33-0a17-4000-8b00-000000000003.webp?v=5130,YES,YES,YES,NOT_DISPLAYED,,/home/ubuntu/browser_html/worldos_cc_maps_1787653893171.html
全部,518,DC宇宙,Dlz,/zh-cn/worlds/dc-universe-4mvh,/worlds/dc-universe-4mvh,YES,https://qunsyxsdbqpinxyjqrqp.supabase.co/storage/v1/object/public/covers/fb282042-b921-4489-9f13-e699ec7bd34f/map-previews/770c4509-fea2-4df8-8e17-7e7861376bb1.webp?v=27998,YES,YES,YES,NOT_DISPLAYED,,/home/ubuntu/browser_html/worldos_cc_maps_1787653893171.html
全部,519,鬼灭之刃模拟器,sy,/zh-cn/worlds/demon-slayer-simulator-zq5c,/worlds/demon-slayer-simulator-zq5c,YES,/maps/demon-slayer-japan.webp,YES,YES,YES,NOT_DISPLAYED,,/home/ubuntu/browser_html/worldos_cc_maps_1787653893171.html
全部,520,鬼灭之刃模拟器,sy,/zh-cn/worlds/demon-slayer-simulator-tv9c,/worlds/demon-slayer-simulator-tv9c,YES,/maps/demon-slayer-japan.webp,YES,YES,YES,NOT_DISPLAYED,,/home/ubuntu/browser_html/worldos_cc_maps_1787653893171.html
全部,521,Juego de Tronos (Canción de Hielo y Fuego) Copia,Nyuu_,/zh-cn/worlds/westeros-e5de,/worlds/westeros-e5de,YES,https://qunsyxsdbqpinxyjqrqp.supabase.co/storage/v1/object/public/covers/6d0cdd49-7cbe-49b0-8d87-c4d248360881/map-previews/a50f1c33-0a17-4000-8b00-000000000003.webp?v=5130,YES,YES,YES,NOT_DISPLAYED,,/home/ubuntu/browser_html/worldos_cc_maps_1787653893171.html
全部,522,吻，吻，留堂,Fisiajgdjqosiwiand,/zh-cn/worlds/kiss-kiss-detention-njct,/worlds/kiss-kiss-detention-njct,YES,https://qunsyxsdbqpinxyjqrqp.supabase.co/storage/v1/object/public/covers/012ce406-7e6f-48a0-baf4-165ab2f0f1af/map-previews/c8561458-6299-4b37-8bcd-918fa537eb2b.webp?v=75170,YES,YES,YES,NOT_DISPLAYED,,/home/ubuntu/browser_html/worldos_cc_maps_1787653893171.html
全部,523,吻，吻，留堂,KmdxOxO,/zh-cn/worlds/kiss-kiss-detention-ehi5,/worlds/kiss-kiss-detention-ehi5,YES,https://qunsyxsdbqpinxyjqrqp.supabase.co/storage/v1/object/public/covers/012ce406-7e6f-48a0-baf4-165ab2f0f1af/map-previews/c8561458-6299-4b37-8bcd-918fa537eb2b.webp?v=75170,YES,YES,YES,NOT_DISPLAYED,,/home/ubuntu/browser_html/worldos_cc_maps_1787653893171.html
全部,524,WW2 Game Copy,Joel Willits,/zh-cn/worlds/ww2-5bbk,/worlds/ww2-5bbk,YES,https://qunsyxsdbqpinxyjqrqp.supabase.co/storage/v1/object/public/covers/6d0cdd49-7cbe-49b0-8d87-c4d248360881/map-previews/22222222-2222-2222-2222-222222222222.webp?v=23294,YES,YES,YES,NOT_DISPLAYED,,/home/ubuntu/browser_html/worldos_cc_maps_1787653893171.html
全部,525,权力的游戏：游戏,Adriana Dia,/zh-cn/worlds/westeros-x7wu,/worlds/westeros-x7wu,YES,https://qunsyxsdbqpinxyjqrqp.supabase.co/storage/v1/object/public/covers/6d0cdd49-7cbe-49b0-8d87-c4d248360881/map-previews/a50f1c33-0a17-4000-8b00-000000000003.webp?v=5130,YES,YES,YES,NOT_DISPLAYED,,/home/ubuntu/browser_html/worldos_cc_maps_1787653893171.html
全部,526,World War I Game Copy,Irsyad Lubis,/zh-cn/worlds/ww1-euz1,/worlds/ww1-euz1,YES,https://qunsyxsdbqpinxyjqrqp.supabase.co/storage/v1/object/public/covers/6d0cdd49-7cbe-49b0-8d87-c4d248360881/map-previews/19140000-0000-4000-8000-000000000001.webp?v=26972,YES,YES,YES,NOT_DISPLAYED,,/home/ubuntu/browser_html/worldos_cc_maps_1787653893171.html
全部,527,WW2 Game Copy,Ross Herrington,/zh-cn/worlds/ww2-rjl6,/worlds/ww2-rjl6,YES,https://qunsyxsdbqpinxyjqrqp.supabase.co/storage/v1/object/public/covers/6d0cdd49-7cbe-49b0-8d87-c4d248360881/map-previews/22222222-2222-2222-2222-222222222222.webp?v=23294,YES,YES,YES,NOT_DISPLAYED,,/home/ubuntu/browser_html/worldos_cc_maps_1787653893171.html
全部,528,Modern Day 2026 Copy,Etcguy Formore,/zh-cn/worlds/modern-day-w6pf,/worlds/modern-day-w6pf,YES,https://qunsyxsdbqpinxyjqrqp.supabase.co/storage/v1/object/public/covers/6d0cdd49-7cbe-49b0-8d87-c4d248360881/map-previews/2026aaaa-0000-4000-8000-000000000001.webp?v=19310,YES,YES,YES,NOT_DISPLAYED,,/home/ubuntu/browser_html/worldos_cc_maps_1787653893171.html
全部,529,American Civil War Simulator Copy,m05203798,/zh-cn/worlds/american-civil-war-y3r5,/worlds/american-civil-war-y3r5,YES,https://qunsyxsdbqpinxyjqrqp.supabase.co/storage/v1/object/public/covers/6d0cdd49-7cbe-49b0-8d87-c4d248360881/map-previews/c1710000-0000-4000-8000-000000000001.webp?v=25546,YES,YES,YES,NOT_DISPLAYED,,/home/ubuntu/browser_html/worldos_cc_maps_1787653893171.html
全部,530,鬼灭之刃模拟器,Legion,/zh-cn/worlds/demon-slayer-simulator-i5je,/worlds/demon-slayer-simulator-i5je,YES,/maps/demon-slayer-japan.webp,YES,YES,YES,NOT_DISPLAYED,,/home/ubuntu/browser_html/worldos_cc_maps_1787653893171.html
全部,531,鬼灭之刃模拟器,xje3231728,/zh-cn/worlds/demon-slayer-simulator-0wcg,/worlds/demon-slayer-simulator-0wcg,YES,/maps/demon-slayer-japan.webp,YES,YES,YES,NOT_DISPLAYED,,/home/ubuntu/browser_html/worldos_cc_maps_1787653893171.html
全部,532,三国模拟器,cjm906060079,/zh-cn/worlds/sanguo-warlords-rxd6,/worlds/sanguo-warlords-rxd6,YES,https://qunsyxsdbqpinxyjqrqp.supabase.co/storage/v1/object/public/covers/6d0cdd49-7cbe-49b0-8d87-c4d248360881/map-previews/f4a7d133-0a17-4000-8b00-000000000004.webp?v=48286,YES,YES,YES,NOT_DISPLAYED,,/home/ubuntu/browser_html/worldos_cc_maps_1787653893171.html
全部,533,Modern Day 2026 Copy,Ярослав,/zh-cn/worlds/modern-day-9xk8,/worlds/modern-day-9xk8,YES,https://qunsyxsdbqpinxyjqrqp.supabase.co/storage/v1/object/public/covers/6d0cdd49-7cbe-49b0-8d87-c4d248360881/map-previews/2026aaaa-0000-4000-8000-000000000001.webp?v=19310,YES,YES,YES,NOT_DISPLAYED,,/home/ubuntu/browser_html/worldos_cc_maps_1787653893171.html
全部,534,DC宇宙,ozuna.,/zh-cn/worlds/dc-universe-amrw,/worlds/dc-universe-amrw,YES,https://qunsyxsdbqpinxyjqrqp.supabase.co/storage/v1/object/public/covers/fb282042-b921-4489-9f13-e699ec7bd34f/map-previews/770c4509-fea2-4df8-8e17-7e7861376bb1.webp?v=27998,YES,YES,YES,NOT_DISPLAYED,,/home/ubuntu/browser_html/worldos_cc_maps_1787653893171.html
全部,535,DC宇宙,ozuna.,/zh-cn/worlds/dc-universe-mu44,/worlds/dc-universe-mu44,YES,https://qunsyxsdbqpinxyjqrqp.supabase.co/storage/v1/object/public/covers/fb282042-b921-4489-9f13-e699ec7bd34f/map-previews/770c4509-fea2-4df8-8e17-7e7861376bb1.webp?v=27998,YES,YES,YES,NOT_DISPLAYED,,/home/ubuntu/browser_html/worldos_cc_maps_1787653893171.html
全部,536,测试应用升级世界 001,mehraxbobaid78,/zh-cn/worlds/test-map-world-001-ukb1,/worlds/test-map-world-001-ukb1,YES,/maps/demon-slayer-japan.webp,YES,YES,YES,NOT_DISPLAYED,,/home/ubuntu/browser_html/worldos_cc_maps_1787653893171.html
全部,537,咒术回战世界：更多角色，更高自由度！,jusmehiyo jj,/zh-cn/worlds/jujutsu-sb49,/worlds/jujutsu-sb49,YES,https://qunsyxsdbqpinxyjqrqp.supabase.co/storage/v1/object/public/covers/e3899c58-3a5e-4a74-a18b-88e3caf9901f/map-previews/4d4d7273-b5cf-4a5f-879f-afd464ddefe5.webp?v=8034,YES,YES,YES,NOT_DISPLAYED,,/home/ubuntu/browser_html/worldos_cc_maps_1787653893171.html
全部,538,咒术回战世界：更多角色，更高自由度！,jusmehiyo jj,/zh-cn/worlds/jujutsu-22if,/worlds/jujutsu-22if,YES,https://qunsyxsdbqpinxyjqrqp.supabase.co/storage/v1/object/public/covers/e3899c58-3a5e-4a74-a18b-88e3caf9901f/map-previews/4d4d7273-b5cf-4a5f-879f-afd464ddefe5.webp?v=8034,YES,YES,YES,NOT_DISPLAYED,,/home/ubuntu/browser_html/worldos_cc_maps_1787653893171.html
全部,539,《精灵宝可梦》·万象旅途,3036845298,/zh-cn/worlds/jing-ling-bao-ke-meng-wan-xiang-l-tu-6ab-t9x1,/worlds/jing-ling-bao-ke-meng-wan-xiang-l-tu-6ab-t9x1,YES,https://qunsyxsdbqpinxyjqrqp.supabase.co/storage/v1/object/public/covers/ec732486-17ec-428a-9d22-0d7da8a01ee6/map-previews/1279b462-3e0c-48c6-9986-e647dbbc40c4.webp?v=36624,YES,YES,YES,NOT_DISPLAYED,,/home/ubuntu/browser_html/worldos_cc_maps_1787653893171.html
全部,540,WW2 Game Copy,Benjamin Erickson,/zh-cn/worlds/ww2-jsyv,/worlds/ww2-jsyv,YES,https://qunsyxsdbqpinxyjqrqp.supabase.co/storage/v1/object/public/covers/6d0cdd49-7cbe-49b0-8d87-c4d248360881/map-previews/22222222-2222-2222-2222-222222222222.webp?v=23294,YES,YES,YES,NOT_DISPLAYED,,/home/ubuntu/browser_html/worldos_cc_maps_1787653893171.html
全部,541,二战模拟器,Alexander Soriano,/zh-cn/worlds/ww2-ks1m,/worlds/ww2-ks1m,YES,https://qunsyxsdbqpinxyjqrqp.supabase.co/storage/v1/object/public/covers/6d0cdd49-7cbe-49b0-8d87-c4d248360881/map-previews/22222222-2222-2222-2222-222222222222.webp?v=23294,YES,YES,YES,NOT_DISPLAYED,,/home/ubuntu/browser_html/worldos_cc_maps_1787653893171.html
全部,542,鬼灭之刃模拟器,Gigi Chaaan,/zh-cn/worlds/demon-slayer-simulator-xv5r,/worlds/demon-slayer-simulator-xv5r,YES,/maps/demon-slayer-japan.webp,YES,YES,YES,NOT_DISPLAYED,,/home/ubuntu/browser_html/worldos_cc_maps_1787653893171.html
全部,543,历史模拟器：崇祯,interface75,/zh-cn/worlds/chongzhen-sbto,/worlds/chongzhen-sbto,YES,https://qunsyxsdbqpinxyjqrqp.supabase.co/storage/v1/object/public/covers/6d0cdd49-7cbe-49b0-8d87-c4d248360881/map-previews/c4302300-0000-4000-8000-000000000001.webp?v=45420,YES,YES,YES,NOT_DISPLAYED,,/home/ubuntu/browser_html/worldos_cc_maps_1787653893171.html
全部,544,Demon Slayer Simulator Copia,Lina Avi,/zh-cn/worlds/demon-slayer-simulator-8lzw,/worlds/demon-slayer-simulator-8lzw,YES,/maps/demon-slayer-japan.webp,YES,YES,YES,NOT_DISPLAYED,,/home/ubuntu/browser_html/worldos_cc_maps_1787653893171.html
全部,545,DC宇宙,Azriel,/zh-cn/worlds/dc-universe-k2mx,/worlds/dc-universe-k2mx,YES,https://qunsyxsdbqpinxyjqrqp.supabase.co/storage/v1/object/public/covers/fb282042-b921-4489-9f13-e699ec7bd34f/map-previews/770c4509-fea2-4df8-8e17-7e7861376bb1.webp?v=27998,YES,YES,YES,NOT_DISPLAYED,,/home/ubuntu/browser_html/worldos_cc_maps_1787653893171.html
全部,546,DC宇宙,Luz-313cd3,/zh-cn/worlds/dc-universe-ufbi,/worlds/dc-universe-ufbi,YES,https://qunsyxsdbqpinxyjqrqp.supabase.co/storage/v1/object/public/covers/fb282042-b921-4489-9f13-e699ec7bd34f/map-previews/770c4509-fea2-4df8-8e17-7e7861376bb1.webp?v=27998,YES,YES,YES,NOT_DISPLAYED,,/home/ubuntu/browser_html/worldos_cc_maps_1787653893171.html
全部,547,DC宇宙,Luz-313cd3,/zh-cn/worlds/dc-universe-40qc,/worlds/dc-universe-40qc,YES,https://qunsyxsdbqpinxyjqrqp.supabase.co/storage/v1/object/public/covers/fb282042-b921-4489-9f13-e699ec7bd34f/map-previews/770c4509-fea2-4df8-8e17-7e7861376bb1.webp?v=27998,YES,YES,YES,NOT_DISPLAYED,,/home/ubuntu/browser_html/worldos_cc_maps_1787653893171.html
全部,548,二战模拟器 副本,likyliky0504,/zh-cn/worlds/ww2-gzft,/worlds/ww2-gzft,YES,https://qunsyxsdbqpinxyjqrqp.supabase.co/storage/v1/object/public/covers/6d0cdd49-7cbe-49b0-8d87-c4d248360881/map-previews/22222222-2222-2222-2222-222222222222.webp?v=23294,YES,YES,YES,NOT_DISPLAYED,,/home/ubuntu/browser_html/worldos_cc_maps_1787653893171.html
全部,549,权力的游戏模拟器(冰与火之歌),Matilde Machado,/zh-cn/worlds/westeros-0m04,/worlds/westeros-0m04,YES,https://qunsyxsdbqpinxyjqrqp.supabase.co/storage/v1/object/public/covers/6d0cdd49-7cbe-49b0-8d87-c4d248360881/map-previews/a50f1c33-0a17-4000-8b00-000000000003.webp?v=5130,YES,YES,YES,NOT_DISPLAYED,,/home/ubuntu/browser_html/worldos_cc_maps_1787653893171.html
全部,550,权力的游戏模拟器(冰与火之歌),Matilde Machado,/zh-cn/worlds/westeros-nqmt,/worlds/westeros-nqmt,YES,https://qunsyxsdbqpinxyjqrqp.supabase.co/storage/v1/object/public/covers/6d0cdd49-7cbe-49b0-8d87-c4d248360881/map-previews/a50f1c33-0a17-4000-8b00-000000000003.webp?v=5130,YES,YES,YES,NOT_DISPLAYED,,/home/ubuntu/browser_html/worldos_cc_maps_1787653893171.html
全部,551,权力的游戏模拟器(冰与火之歌),Matilde Machado,/zh-cn/worlds/westeros-d6pj,/worlds/westeros-d6pj,YES,https://qunsyxsdbqpinxyjqrqp.supabase.co/storage/v1/object/public/covers/6d0cdd49-7cbe-49b0-8d87-c4d248360881/map-previews/a50f1c33-0a17-4000-8b00-000000000003.webp?v=5130,YES,YES,YES,NOT_DISPLAYED,,/home/ubuntu/browser_html/worldos_cc_maps_1787653893171.html
全部,552,权力的游戏模拟器(冰与火之歌),Matilde Machado,/zh-cn/worlds/westeros-ee88,/worlds/westeros-ee88,YES,https://qunsyxsdbqpinxyjqrqp.supabase.co/storage/v1/object/public/covers/6d0cdd49-7cbe-49b0-8d87-c4d248360881/map-previews/a50f1c33-0a17-4000-8b00-000000000003.webp?v=5130,YES,YES,YES,NOT_DISPLAYED,,/home/ubuntu/browser_html/worldos_cc_maps_1787653893171.html
全部,553,十字军之王3,Ayashi,/zh-cn/worlds/crusader-kings-3-eh8b,/worlds/crusader-kings-3-eh8b,YES,https://qunsyxsdbqpinxyjqrqp.supabase.co/storage/v1/object/public/covers/6d0cdd49-7cbe-49b0-8d87-c4d248360881/map-previews/c5300000-0000-4000-8000-000000000001.webp?v=21704,YES,YES,YES,NOT_DISPLAYED,,/home/ubuntu/browser_html/worldos_cc_maps_1787653893171.html
全部,554,A Game of Thrones: The Westerosi Life,alexandramec00l,/zh-cn/worlds/a-game-of-thrones-the-westerosi-life-1961d4fa4dbd,/worlds/a-game-of-thrones-the-westerosi-life-1961d4fa4dbd,YES,https://qunsyxsdbqpinxyjqrqp.supabase.co/storage/v1/object/public/covers/6d0cdd49-7cbe-49b0-8d87-c4d248360881/map-previews/a50f1c33-0a17-4000-8b00-000000000003.webp?v=5130,YES,YES,YES,NOT_DISPLAYED,,/home/ubuntu/browser_html/worldos_cc_maps_1787653893171.html
全部,555,鬼灭之刃模拟器,Gigi Chaaan,/zh-cn/worlds/demon-slayer-simulator-yv90,/worlds/demon-slayer-simulator-yv90,YES,/maps/demon-slayer-japan.webp,YES,YES,YES,NOT_DISPLAYED,,/home/ubuntu/browser_html/worldos_cc_maps_1787653893171.html
全部,556,权力的游戏：冰与火之歌,fatmanenorme,/zh-cn/worlds/westeros-xsxl,/worlds/westeros-xsxl,YES,https://qunsyxsdbqpinxyjqrqp.supabase.co/storage/v1/object/public/covers/6d0cdd49-7cbe-49b0-8d87-c4d248360881/map-previews/a50f1c33-0a17-4000-8b00-000000000003.webp?v=5130,YES,YES,YES,NOT_DISPLAYED,,/home/ubuntu/browser_html/worldos_cc_maps_1787653893171.html
全部,557,权力的游戏：血龙狂舞,fatmanenorme,/zh-cn/worlds/a-game-of-thrones-dance-of-the-dragons-8sur,/worlds/a-game-of-thrones-dance-of-the-dragons-8sur,YES,https://qunsyxsdbqpinxyjqrqp.supabase.co/storage/v1/object/public/covers/6d0cdd49-7cbe-49b0-8d87-c4d248360881/map-previews/a50f1c33-0a17-4000-8b00-000000000003.webp?v=5130,YES,YES,YES,NOT_DISPLAYED,,/home/ubuntu/browser_html/worldos_cc_maps_1787653893171.html
全部,558,Academia Elysium,Hedatte,/zh-cn/worlds/academia-elysium-871b33de8d4d,/worlds/academia-elysium-871b33de8d4d,YES,https://qunsyxsdbqpinxyjqrqp.supabase.co/storage/v1/object/public/covers/83c9157a-123c-426a-bf7f-93653d4b2c67/map-previews/4ce8f1cd-59d4-4cfd-b872-b4cbde87eb60.webp?v=83766,YES,YES,YES,NOT_DISPLAYED,,/home/ubuntu/browser_html/worldos_cc_maps_1787653893171.html
全部,559,测试应用升级世界 001,nixonelton9954,/zh-cn/worlds/test-map-world-001-s098,/worlds/test-map-world-001-s098,YES,/maps/demon-slayer-japan.webp,YES,YES,YES,NOT_DISPLAYED,,/home/ubuntu/browser_html/worldos_cc_maps_1787653893171.html
全部,560,恋上救生员,perseus75,/zh-cn/worlds/falling-for-the-lifeguard-gdvm,/worlds/falling-for-the-lifeguard-gdvm,YES,https://qunsyxsdbqpinxyjqrqp.supabase.co/storage/v1/object/public/covers/012ce406-7e6f-48a0-baf4-165ab2f0f1af/map-previews/4120bc16-b736-4e8f-a690-fcc270b9c92a.webp?v=112210,YES,YES,YES,NOT_DISPLAYED,,/home/ubuntu/browser_html/worldos_cc_maps_1787653893171.html
全部,561,"Kiss, Kiss, Detention Copy",achi,/zh-cn/worlds/kiss-kiss-detention-4zrn,/worlds/kiss-kiss-detention-4zrn,YES,https://qunsyxsdbqpinxyjqrqp.supabase.co/storage/v1/object/public/covers/012ce406-7e6f-48a0-baf4-165ab2f0f1af/map-previews/c8561458-6299-4b37-8bcd-918fa537eb2b.webp?v=75170,YES,YES,YES,NOT_DISPLAYED,,/home/ubuntu/browser_html/worldos_cc_maps_1787653893171.html
全部,562,Mundo de Elaria !,Roschette,/zh-cn/worlds/mundo-de-elaria-rfam,/worlds/mundo-de-elaria-rfam,YES,https://qunsyxsdbqpinxyjqrqp.supabase.co/storage/v1/object/public/covers/6f53ed91-c178-407e-9f4e-576ebd2c9d03/map-previews/e2920a24-a4c2-44f8-b3b6-0b3af599a71c.webp?v=81978,YES,YES,YES,NOT_DISPLAYED,,/home/ubuntu/browser_html/worldos_cc_maps_1787653893171.html
全部,563,三国模拟器,352041317,/zh-cn/worlds/sanguo-warlords-bhrb,/worlds/sanguo-warlords-bhrb,YES,https://qunsyxsdbqpinxyjqrqp.supabase.co/storage/v1/object/public/covers/6d0cdd49-7cbe-49b0-8d87-c4d248360881/map-previews/f4a7d133-0a17-4000-8b00-000000000004.webp?v=48286,YES,YES,YES,NOT_DISPLAYED,,/home/ubuntu/browser_html/worldos_cc_maps_1787653893171.html
全部,564,DC宇宙,lynn!,/zh-cn/worlds/dc-universe-5smz,/worlds/dc-universe-5smz,YES,https://qunsyxsdbqpinxyjqrqp.supabase.co/storage/v1/object/public/covers/fb282042-b921-4489-9f13-e699ec7bd34f/map-previews/770c4509-fea2-4df8-8e17-7e7861376bb1.webp?v=27998,YES,YES,YES,NOT_DISPLAYED,,/home/ubuntu/browser_html/worldos_cc_maps_1787653893171.html
全部,565,二战模拟器,504567928,/zh-cn/worlds/ww2-1nre,/worlds/ww2-1nre,YES,https://qunsyxsdbqpinxyjqrqp.supabase.co/storage/v1/object/public/covers/6d0cdd49-7cbe-49b0-8d87-c4d248360881/map-previews/22222222-2222-2222-2222-222222222222.webp?v=23294,YES,YES,YES,NOT_DISPLAYED,,/home/ubuntu/browser_html/worldos_cc_maps_1787653893171.html
全部,566,鬼灭模拟器：鬼之视角,sy,/zh-cn/worlds/demon-slayer-simulator-kjvo,/worlds/demon-slayer-simulator-kjvo,YES,https://qunsyxsdbqpinxyjqrqp.supabase.co/storage/v1/object/public/covers/6833fbfc-4fce-41ec-8ac1-f79c29fe4de3/map-previews/ba44dcdb-fbe0-44c6-899a-da178b8f0ee7.webp?v=8350,YES,YES,YES,NOT_DISPLAYED,,/home/ubuntu/browser_html/worldos_cc_maps_1787653893171.html
全部,567,放纵的鬼灭之刃,sy,/zh-cn/worlds/demon-slayer-simulator-di8e,/worlds/demon-slayer-simulator-di8e,YES,https://qunsyxsdbqpinxyjqrqp.supabase.co/storage/v1/object/public/covers/6833fbfc-4fce-41ec-8ac1-f79c29fe4de3/map-previews/ba44dcdb-fbe0-44c6-899a-da178b8f0ee7.webp?v=8350,YES,YES,YES,NOT_DISPLAYED,,/home/ubuntu/browser_html/worldos_cc_maps_1787653893171.html
全部,568,三国模拟器,Quackity,/zh-cn/worlds/sanguo-warlords-4g24,/worlds/sanguo-warlords-4g24,YES,https://qunsyxsdbqpinxyjqrqp.supabase.co/storage/v1/object/public/covers/6d0cdd49-7cbe-49b0-8d87-c4d248360881/map-previews/f4a7d133-0a17-4000-8b00-000000000004.webp?v=48286,YES,YES,YES,NOT_DISPLAYED,,/home/ubuntu/browser_html/worldos_cc_maps_1787653893171.html
全部,569,鬼灭模拟器：鬼之视角,sy,/zh-cn/worlds/demon-slayer-simulator-yzjg,/worlds/demon-slayer-simulator-yzjg,YES,https://qunsyxsdbqpinxyjqrqp.supabase.co/storage/v1/object/public/covers/6833fbfc-4fce-41ec-8ac1-f79c29fe4de3/map-previews/ba44dcdb-fbe0-44c6-899a-da178b8f0ee7.webp?v=8350,YES,YES,YES,NOT_DISPLAYED,,/home/ubuntu/browser_html/worldos_cc_maps_1787653893171.html
全部,570,十字军之王3,753373767,/zh-cn/worlds/crusader-kings-3-iwwz,/worlds/crusader-kings-3-iwwz,YES,https://qunsyxsdbqpinxyjqrqp.supabase.co/storage/v1/object/public/covers/6d0cdd49-7cbe-49b0-8d87-c4d248360881/map-previews/c5300000-0000-4000-8000-000000000001.webp?v=21704,YES,YES,YES,NOT_DISPLAYED,,/home/ubuntu/browser_html/worldos_cc_maps_1787653893171.html
全部,571,十字军之王3,753373767,/zh-cn/worlds/crusader-kings-3-oo8b,/worlds/crusader-kings-3-oo8b,YES,https://qunsyxsdbqpinxyjqrqp.supabase.co/storage/v1/object/public/covers/6d0cdd49-7cbe-49b0-8d87-c4d248360881/map-previews/c5300000-0000-4000-8000-000000000001.webp?v=21704,YES,YES,YES,NOT_DISPLAYED,,/home/ubuntu/browser_html/worldos_cc_maps_1787653893171.html
全部,572,Modern Day 2026 Copy,Dada Didi,/zh-cn/worlds/modern-day-c3sj,/worlds/modern-day-c3sj,YES,https://qunsyxsdbqpinxyjqrqp.supabase.co/storage/v1/object/public/covers/6d0cdd49-7cbe-49b0-8d87-c4d248360881/map-previews/2026aaaa-0000-4000-8000-000000000001.webp?v=19310,YES,YES,YES,NOT_DISPLAYED,,/home/ubuntu/browser_html/worldos_cc_maps_1787653893171.html
全部,573,全球地缘霸主：言出法随,a1824699,/zh-cn/worlds/quan-qiu-di-yuan-ba-zhu-yan-chu-fa-sui-981bf32e214d,/worlds/quan-qiu-di-yuan-ba-zhu-yan-chu-fa-sui-981bf32e214d,YES,https://qunsyxsdbqpinxyjqrqp.supabase.co/storage/v1/object/public/covers/6d0cdd49-7cbe-49b0-8d87-c4d248360881/map-previews/2026aaaa-0000-4000-8000-000000000001.webp?v=19310,YES,YES,YES,NOT_DISPLAYED,,/home/ubuntu/browser_html/worldos_cc_maps_1787653893171.html
全部,574,Demon Slayer Simulator Copia,luisa fernanda uchiha,/zh-cn/worlds/demon-slayer-simulator-2oyt,/worlds/demon-slayer-simulator-2oyt,YES,/maps/demon-slayer-japan.webp,YES,YES,YES,NOT_DISPLAYED,,/home/ubuntu/browser_html/worldos_cc_maps_1787653893171.html
全部,575,现代世界 2026,Danileon,/zh-cn/worlds/modern-day-x9e6,/worlds/modern-day-x9e6,YES,https://qunsyxsdbqpinxyjqrqp.supabase.co/storage/v1/object/public/covers/6d0cdd49-7cbe-49b0-8d87-c4d248360881/map-previews/2026aaaa-0000-4000-8000-000000000001.webp?v=19310,YES,YES,YES,NOT_DISPLAYED,,/home/ubuntu/browser_html/worldos_cc_maps_1787653893171.html
全部,576,Demon Slayer Simulator Copia,Erika Sophia Flores Mata,/zh-cn/worlds/demon-slayer-simulator-1l7g,/worlds/demon-slayer-simulator-1l7g,YES,/maps/demon-slayer-japan.webp,YES,YES,YES,NOT_DISPLAYED,,/home/ubuntu/browser_html/worldos_cc_maps_1787653893171.html
全部,577,咒术回战世界：更多角色，更高自由度！,luu-dae509,/zh-cn/worlds/jujutsu-pw0n,/worlds/jujutsu-pw0n,YES,https://qunsyxsdbqpinxyjqrqp.supabase.co/storage/v1/object/public/covers/e3899c58-3a5e-4a74-a18b-88e3caf9901f/map-previews/4d4d7273-b5cf-4a5f-879f-afd464ddefe5.webp?v=8034,YES,YES,YES,NOT_DISPLAYED,,/home/ubuntu/browser_html/worldos_cc_maps_1787653893171.html
全部,578,咒术回战世界：更多角色，更高自由度！,luu-dae509,/zh-cn/worlds/jujutsu-leev,/worlds/jujutsu-leev,YES,https://qunsyxsdbqpinxyjqrqp.supabase.co/storage/v1/object/public/covers/e3899c58-3a5e-4a74-a18b-88e3caf9901f/map-previews/4d4d7273-b5cf-4a5f-879f-afd464ddefe5.webp?v=8034,YES,YES,YES,NOT_DISPLAYED,,/home/ubuntu/browser_html/worldos_cc_maps_1787653893171.html
全部,579,吻，吻，留堂,Sca,/zh-cn/worlds/kiss-kiss-detention-4zdy,/worlds/kiss-kiss-detention-4zdy,YES,https://qunsyxsdbqpinxyjqrqp.supabase.co/storage/v1/object/public/covers/012ce406-7e6f-48a0-baf4-165ab2f0f1af/map-previews/c8561458-6299-4b37-8bcd-918fa537eb2b.webp?v=75170,YES,YES,YES,NOT_DISPLAYED,,/home/ubuntu/browser_html/worldos_cc_maps_1787653893171.html
全部,580,恋上救生员,leaballotgo,/zh-cn/worlds/falling-for-the-lifeguard-ndh5,/worlds/falling-for-the-lifeguard-ndh5,YES,https://qunsyxsdbqpinxyjqrqp.supabase.co/storage/v1/object/public/covers/012ce406-7e6f-48a0-baf4-165ab2f0f1af/map-previews/4120bc16-b736-4e8f-a690-fcc270b9c92a.webp?v=112210,YES,YES,YES,NOT_DISPLAYED,,/home/ubuntu/browser_html/worldos_cc_maps_1787653893171.html
全部,581,三国模拟器,Quackity,/zh-cn/worlds/sanguo-warlords-00jl,/worlds/sanguo-warlords-00jl,YES,https://qunsyxsdbqpinxyjqrqp.supabase.co/storage/v1/object/public/covers/6d0cdd49-7cbe-49b0-8d87-c4d248360881/map-previews/f4a7d133-0a17-4000-8b00-000000000004.webp?v=48286,YES,YES,YES,NOT_DISPLAYED,,/home/ubuntu/browser_html/worldos_cc_maps_1787653893171.html
全部,582,⚔️ 中世纪生活 ⚔️,Jolijule,/zh-cn/worlds/vida-medieval-82ew,/worlds/vida-medieval-82ew,YES,https://qunsyxsdbqpinxyjqrqp.supabase.co/storage/v1/object/public/covers/fbb3c935-209f-442b-982c-93e0e82b3fa9/map-previews/c191fa27-b6e3-4eef-9d40-e12a09244c6d.webp?v=70106,YES,YES,YES,NOT_DISPLAYED,,/home/ubuntu/browser_html/worldos_cc_maps_1787653893171.html
全部,583,战国模拟器,3348449093,/zh-cn/worlds/warring-73j4,/worlds/warring-73j4,YES,https://qunsyxsdbqpinxyjqrqp.supabase.co/storage/v1/object/public/covers/62c1071d-10eb-47a7-8a4a-c58bb464604d/map-previews/44d29c57-cabf-4e3d-9f18-a976a8bdeb2b.webp?v=34306,YES,YES,YES,NOT_DISPLAYED,,/home/ubuntu/browser_html/worldos_cc_maps_1787653893171.html
全部,584,《精灵宝可梦》·万象旅途,2765164352,/zh-cn/worlds/jing-ling-bao-ke-meng-wan-xiang-l-tu-6ab-3uqu,/worlds/jing-ling-bao-ke-meng-wan-xiang-l-tu-6ab-3uqu,YES,https://qunsyxsdbqpinxyjqrqp.supabase.co/storage/v1/object/public/covers/ec732486-17ec-428a-9d22-0d7da8a01ee6/map-previews/1279b462-3e0c-48c6-9986-e647dbbc40c4.webp?v=36624,YES,YES,YES,NOT_DISPLAYED,,/home/ubuntu/browser_html/worldos_cc_maps_1787653893171.html
全部,585,权力的游戏模拟器(冰与火之歌),176110447,/zh-cn/worlds/westeros-85if,/worlds/westeros-85if,YES,https://qunsyxsdbqpinxyjqrqp.supabase.co/storage/v1/object/public/covers/6d0cdd49-7cbe-49b0-8d87-c4d248360881/map-previews/a50f1c33-0a17-4000-8b00-000000000003.webp?v=5130,YES,YES,YES,NOT_DISPLAYED,,/home/ubuntu/browser_html/worldos_cc_maps_1787653893171.html
全部,586,三国模拟器 副本,2964004482,/zh-cn/worlds/sanguo-warlords-kg9h,/worlds/sanguo-warlords-kg9h,YES,https://qunsyxsdbqpinxyjqrqp.supabase.co/storage/v1/object/public/covers/6d0cdd49-7cbe-49b0-8d87-c4d248360881/map-previews/f4a7d133-0a17-4000-8b00-000000000004.webp?v=48286,YES,YES,YES,NOT_DISPLAYED,,/home/ubuntu/browser_html/worldos_cc_maps_1787653893171.html
全部,587,三国模拟器,2964004482,/zh-cn/worlds/sanguo-warlords-78sf,/worlds/sanguo-warlords-78sf,YES,https://qunsyxsdbqpinxyjqrqp.supabase.co/storage/v1/object/public/covers/6d0cdd49-7cbe-49b0-8d87-c4d248360881/map-previews/f4a7d133-0a17-4000-8b00-000000000004.webp?v=48286,YES,YES,YES,NOT_DISPLAYED,,/home/ubuntu/browser_html/worldos_cc_maps_1787653893171.html
全部,588,《精灵宝可梦》·万象旅途,2875353453,/zh-cn/worlds/jing-ling-bao-ke-meng-wan-xiang-l-tu-6ab-j6ot,/worlds/jing-ling-bao-ke-meng-wan-xiang-l-tu-6ab-j6ot,YES,https://qunsyxsdbqpinxyjqrqp.supabase.co/storage/v1/object/public/covers/ec732486-17ec-428a-9d22-0d7da8a01ee6/map-previews/1279b462-3e0c-48c6-9986-e647dbbc40c4.webp?v=36624,YES,YES,YES,NOT_DISPLAYED,,/home/ubuntu/browser_html/worldos_cc_maps_1787653893171.html
全部,589,《精灵宝可梦》·万象旅途,2875353453,/zh-cn/worlds/jing-ling-bao-ke-meng-wan-xiang-l-tu-6ab-0hn7,/worlds/jing-ling-bao-ke-meng-wan-xiang-l-tu-6ab-0hn7,YES,https://qunsyxsdbqpinxyjqrqp.supabase.co/storage/v1/object/public/covers/ec732486-17ec-428a-9d22-0d7da8a01ee6/map-previews/1279b462-3e0c-48c6-9986-e647dbbc40c4.webp?v=36624,YES,YES,YES,NOT_DISPLAYED,,/home/ubuntu/browser_html/worldos_cc_maps_1787653893171.html
全部,590,Simulador de Demon Slayer (Versión español y mejorada),1452805872,/zh-cn/worlds/demon-slayer-simulator-fucd,/worlds/demon-slayer-simulator-fucd,YES,https://qunsyxsdbqpinxyjqrqp.supabase.co/storage/v1/object/public/covers/9eb10afd-16b6-4c92-9621-873c90a660f3/map-previews/efb1914a-f410-47bf-a4b1-e50c5ae9fa01.webp?v=8350,YES,YES,YES,NOT_DISPLAYED,,/home/ubuntu/browser_html/worldos_cc_maps_1787653893171.html
全部,591,Simulador de Demon Slayer (Versión español y mejorada),1452805872,/zh-cn/worlds/demon-slayer-simulator-skhp,/worlds/demon-slayer-simulator-skhp,YES,https://qunsyxsdbqpinxyjqrqp.supabase.co/storage/v1/object/public/covers/9eb10afd-16b6-4c92-9621-873c90a660f3/map-previews/efb1914a-f410-47bf-a4b1-e50c5ae9fa01.webp?v=8350,YES,YES,YES,NOT_DISPLAYED,,/home/ubuntu/browser_html/worldos_cc_maps_1787653893171.html
全部,592,三国模拟器 副本,1303536430,/zh-cn/worlds/sanguo-warlords-0rc4,/worlds/sanguo-warlords-0rc4,YES,https://qunsyxsdbqpinxyjqrqp.supabase.co/storage/v1/object/public/covers/6d0cdd49-7cbe-49b0-8d87-c4d248360881/map-previews/f4a7d133-0a17-4000-8b00-000000000004.webp?v=48286,YES,YES,YES,NOT_DISPLAYED,,/home/ubuntu/browser_html/worldos_cc_maps_1787653893171.html
全部,593,现代世界 2026,3396158702,/zh-cn/worlds/modern-day-kou0,/worlds/modern-day-kou0,YES,https://qunsyxsdbqpinxyjqrqp.supabase.co/storage/v1/object/public/covers/6d0cdd49-7cbe-49b0-8d87-c4d248360881/map-previews/2026aaaa-0000-4000-8000-000000000001.webp?v=19310,YES,YES,YES,NOT_DISPLAYED,,/home/ubuntu/browser_html/worldos_cc_maps_1787653893171.html
全部,594,《精灵宝可梦》·万象旅途,2287974900,/zh-cn/worlds/jing-ling-bao-ke-meng-wan-xiang-l-tu-6ab-b3ms,/worlds/jing-ling-bao-ke-meng-wan-xiang-l-tu-6ab-b3ms,YES,https://qunsyxsdbqpinxyjqrqp.supabase.co/storage/v1/object/public/covers/ec732486-17ec-428a-9d22-0d7da8a01ee6/map-previews/1279b462-3e0c-48c6-9986-e647dbbc40c4.webp?v=36624,YES,YES,YES,NOT_DISPLAYED,,/home/ubuntu/browser_html/worldos_cc_maps_1787653893171.html
全部,595,⚔️ 中世纪生活 ⚔️,1757497488,/zh-cn/worlds/vida-medieval-iwmc,/worlds/vida-medieval-iwmc,YES,https://qunsyxsdbqpinxyjqrqp.supabase.co/storage/v1/object/public/covers/fbb3c935-209f-442b-982c-93e0e82b3fa9/map-previews/c191fa27-b6e3-4eef-9d40-e12a09244c6d.webp?v=70106,YES,YES,YES,NOT_DISPLAYED,,/home/ubuntu/browser_html/worldos_cc_maps_1787653893171.html
全部,596,二战模拟器,2693985354,/zh-cn/worlds/ww2-2mha,/worlds/ww2-2mha,YES,https://qunsyxsdbqpinxyjqrqp.supabase.co/storage/v1/object/public/covers/6d0cdd49-7cbe-49b0-8d87-c4d248360881/map-previews/22222222-2222-2222-2222-222222222222.webp?v=23294,YES,YES,YES,NOT_DISPLAYED,,/home/ubuntu/browser_html/worldos_cc_maps_1787653893171.html
全部,597,Demon Slayer Simulator Copia,maferc v,/zh-cn/worlds/demon-slayer-simulator-18kq,/worlds/demon-slayer-simulator-18kq,YES,/maps/demon-slayer-japan.webp,YES,YES,YES,NOT_DISPLAYED,,/home/ubuntu/browser_html/worldos_cc_maps_1787653893171.html
全部,598,Demon Slayer Simulator Copia,maferc v,/zh-cn/worlds/demon-slayer-simulator-cd0y,/worlds/demon-slayer-simulator-cd0y,YES,/maps/demon-slayer-japan.webp,YES,YES,YES,NOT_DISPLAYED,,/home/ubuntu/browser_html/worldos_cc_maps_1787653893171.html
全部,599,咒术回战世界：更多角色，更高自由度！,YOKI,/zh-cn/worlds/jujutsu-ezna,/worlds/jujutsu-ezna,YES,https://qunsyxsdbqpinxyjqrqp.supabase.co/storage/v1/object/public/covers/e3899c58-3a5e-4a74-a18b-88e3caf9901f/map-previews/4d4d7273-b5cf-4a5f-879f-afd464ddefe5.webp?v=8034,YES,YES,YES,NOT_DISPLAYED,,/home/ubuntu/browser_html/worldos_cc_maps_1787653893171.html
全部,600,《精灵宝可梦》·万象旅途,2375283415,/zh-cn/worlds/jing-ling-bao-ke-meng-wan-xiang-l-tu-6ab-uuhq,/worlds/jing-ling-bao-ke-meng-wan-xiang-l-tu-6ab-uuhq,YES,https://qunsyxsdbqpinxyjqrqp.supabase.co/storage/v1/object/public/covers/ec732486-17ec-428a-9d22-0d7da8a01ee6/map-previews/1279b462-3e0c-48c6-9986-e647dbbc40c4.webp?v=36624,YES,YES,YES,NOT_DISPLAYED,,/home/ubuntu/browser_html/worldos_cc_maps_1787653893171.html
全部,601,《精灵宝可梦》·万象旅途,2375283415,/zh-cn/worlds/jing-ling-bao-ke-meng-wan-xiang-l-tu-6ab-jn0o,/worlds/jing-ling-bao-ke-meng-wan-xiang-l-tu-6ab-jn0o,YES,https://qunsyxsdbqpinxyjqrqp.supabase.co/storage/v1/object/public/covers/ec732486-17ec-428a-9d22-0d7da8a01ee6/map-previews/1279b462-3e0c-48c6-9986-e647dbbc40c4.webp?v=36624,YES,YES,YES,NOT_DISPLAYED,,/home/ubuntu/browser_html/worldos_cc_maps_1787653893171.html
全部,602,《精灵宝可梦》·万象旅途,黄乐乐,/zh-cn/worlds/jing-ling-bao-ke-meng-wan-xiang-l-tu-6ab-16ma,/worlds/jing-ling-bao-ke-meng-wan-xiang-l-tu-6ab-16ma,YES,https://qunsyxsdbqpinxyjqrqp.supabase.co/storage/v1/object/public/covers/ec732486-17ec-428a-9d22-0d7da8a01ee6/map-previews/1279b462-3e0c-48c6-9986-e647dbbc40c4.webp?v=36624,YES,YES,YES,NOT_DISPLAYED,,/home/ubuntu/browser_html/worldos_cc_maps_1787653893171.html
全部,603,《精灵宝可梦》·万象旅途,2182346903,/zh-cn/worlds/jing-ling-bao-ke-meng-wan-xiang-l-tu-6ab-iyrl,/worlds/jing-ling-bao-ke-meng-wan-xiang-l-tu-6ab-iyrl,YES,https://qunsyxsdbqpinxyjqrqp.supabase.co/storage/v1/object/public/covers/ec732486-17ec-428a-9d22-0d7da8a01ee6/map-previews/1279b462-3e0c-48c6-9986-e647dbbc40c4.webp?v=36624,YES,YES,YES,NOT_DISPLAYED,,/home/ubuntu/browser_html/worldos_cc_maps_1787653893171.html
全部,604,《精灵宝可梦》·万象旅途,2182346903,/zh-cn/worlds/jing-ling-bao-ke-meng-wan-xiang-l-tu-6ab-4k9v,/worlds/jing-ling-bao-ke-meng-wan-xiang-l-tu-6ab-4k9v,YES,https://qunsyxsdbqpinxyjqrqp.supabase.co/storage/v1/object/public/covers/ec732486-17ec-428a-9d22-0d7da8a01ee6/map-previews/1279b462-3e0c-48c6-9986-e647dbbc40c4.webp?v=36624,YES,YES,YES,NOT_DISPLAYED,,/home/ubuntu/browser_html/worldos_cc_maps_1787653893171.html
全部,605,《精灵宝可梦》·万象旅途 副本,2517665617,/zh-cn/worlds/jing-ling-bao-ke-meng-wan-xiang-l-tu-6ab-hzow,/worlds/jing-ling-bao-ke-meng-wan-xiang-l-tu-6ab-hzow,YES,https://qunsyxsdbqpinxyjqrqp.supabase.co/storage/v1/object/public/covers/ec732486-17ec-428a-9d22-0d7da8a01ee6/map-previews/1279b462-3e0c-48c6-9986-e647dbbc40c4.webp?v=36624,YES,YES,YES,NOT_DISPLAYED,,/home/ubuntu/browser_html/worldos_cc_maps_1787653893171.html
全部,606,现代世界 2026,pauleneolga9,/zh-cn/worlds/modern-day-5l95,/worlds/modern-day-5l95,YES,https://qunsyxsdbqpinxyjqrqp.supabase.co/storage/v1/object/public/covers/6d0cdd49-7cbe-49b0-8d87-c4d248360881/map-previews/2026aaaa-0000-4000-8000-000000000001.webp?v=19310,YES,YES,YES,NOT_DISPLAYED,,/home/ubuntu/browser_html/worldos_cc_maps_1787653893171.html
全部,607,《精灵宝可梦》·万象旅途,3168602434,/zh-cn/worlds/jing-ling-bao-ke-meng-wan-xiang-l-tu-6ab-jm8c,/worlds/jing-ling-bao-ke-meng-wan-xiang-l-tu-6ab-jm8c,YES,https://qunsyxsdbqpinxyjqrqp.supabase.co/storage/v1/object/public/covers/ec732486-17ec-428a-9d22-0d7da8a01ee6/map-previews/1279b462-3e0c-48c6-9986-e647dbbc40c4.webp?v=36624,YES,YES,YES,NOT_DISPLAYED,,/home/ubuntu/browser_html/worldos_cc_maps_1787653893171.html
全部,608,中世纪奇幻模拟器,2100360989,/zh-cn/worlds/simulador-de-fantas-a-medieval-v09k,/worlds/simulador-de-fantas-a-medieval-v09k,YES,https://qunsyxsdbqpinxyjqrqp.supabase.co/storage/v1/object/public/covers/366d0e5e-fcac-4207-bb67-5fe29416c894/map-previews/6415e926-9c75-426f-9fd7-bb5ba3637c8f.webp?v=21292,YES,YES,YES,NOT_DISPLAYED,,/home/ubuntu/browser_html/worldos_cc_maps_1787653893171.html
全部,609,中世纪奇幻模拟器,2100360989,/zh-cn/worlds/simulador-de-fantas-a-medieval-cah4,/worlds/simulador-de-fantas-a-medieval-cah4,YES,https://qunsyxsdbqpinxyjqrqp.supabase.co/storage/v1/object/public/covers/366d0e5e-fcac-4207-bb67-5fe29416c894/map-previews/6415e926-9c75-426f-9fd7-bb5ba3637c8f.webp?v=21292,YES,YES,YES,NOT_DISPLAYED,,/home/ubuntu/browser_html/worldos_cc_maps_1787653893171.html
全部,610,《精灵宝可梦》·万象旅途,2949272879,/zh-cn/worlds/jing-ling-bao-ke-meng-wan-xiang-l-tu-6ab-oi6m,/worlds/jing-ling-bao-ke-meng-wan-xiang-l-tu-6ab-oi6m,YES,https://qunsyxsdbqpinxyjqrqp.supabase.co/storage/v1/object/public/covers/ec732486-17ec-428a-9d22-0d7da8a01ee6/map-previews/1279b462-3e0c-48c6-9986-e647dbbc40c4.webp?v=36624,YES,YES,YES,NOT_DISPLAYED,,/home/ubuntu/browser_html/worldos_cc_maps_1787653893171.html
全部,611,二战模拟器,Marlon Vasquez,/zh-cn/worlds/ww2-i0t4,/worlds/ww2-i0t4,YES,https://qunsyxsdbqpinxyjqrqp.supabase.co/storage/v1/object/public/covers/6d0cdd49-7cbe-49b0-8d87-c4d248360881/map-previews/22222222-2222-2222-2222-222222222222.webp?v=23294,YES,YES,YES,NOT_DISPLAYED,,/home/ubuntu/browser_html/worldos_cc_maps_1787653893171.html
全部,612,《精灵宝可梦》·万象旅途,1748309792,/zh-cn/worlds/jing-ling-bao-ke-meng-wan-xiang-l-tu-6ab-gz6n,/worlds/jing-ling-bao-ke-meng-wan-xiang-l-tu-6ab-gz6n,YES,https://qunsyxsdbqpinxyjqrqp.supabase.co/storage/v1/object/public/covers/ec732486-17ec-428a-9d22-0d7da8a01ee6/map-previews/1279b462-3e0c-48c6-9986-e647dbbc40c4.webp?v=36624,YES,YES,YES,NOT_DISPLAYED,,/home/ubuntu/browser_html/worldos_cc_maps_1787653893171.html
全部,613,《精灵宝可梦》·万象旅途 副本,1227554258,/zh-cn/worlds/jing-ling-bao-ke-meng-wan-xiang-l-tu-6ab-mc1m,/worlds/jing-ling-bao-ke-meng-wan-xiang-l-tu-6ab-mc1m,YES,https://qunsyxsdbqpinxyjqrqp.supabase.co/storage/v1/object/public/covers/ec732486-17ec-428a-9d22-0d7da8a01ee6/map-previews/1279b462-3e0c-48c6-9986-e647dbbc40c4.webp?v=36624,YES,YES,YES,NOT_DISPLAYED,,/home/ubuntu/browser_html/worldos_cc_maps_1787653893171.html
全部,614,World War I Game Copy,Виктор Коротков,/zh-cn/worlds/ww1-amyq,/worlds/ww1-amyq,YES,https://qunsyxsdbqpinxyjqrqp.supabase.co/storage/v1/object/public/covers/6d0cdd49-7cbe-49b0-8d87-c4d248360881/map-previews/19140000-0000-4000-8000-000000000001.webp?v=26972,YES,YES,YES,NOT_DISPLAYED,,/home/ubuntu/browser_html/worldos_cc_maps_1787653893171.html
全部,615,World War I Game Copy,Виктор Коротков,/zh-cn/worlds/ww1-iss9,/worlds/ww1-iss9,YES,https://qunsyxsdbqpinxyjqrqp.supabase.co/storage/v1/object/public/covers/6d0cdd49-7cbe-49b0-8d87-c4d248360881/map-previews/19140000-0000-4000-8000-000000000001.webp?v=26972,YES,YES,YES,NOT_DISPLAYED,,/home/ubuntu/browser_html/worldos_cc_maps_1787653893171.html
全部,616,《精灵宝可梦》·万象旅途,485129818,/zh-cn/worlds/jing-ling-bao-ke-meng-wan-xiang-l-tu-6ab-elhx,/worlds/jing-ling-bao-ke-meng-wan-xiang-l-tu-6ab-elhx,YES,https://qunsyxsdbqpinxyjqrqp.supabase.co/storage/v1/object/public/covers/ec732486-17ec-428a-9d22-0d7da8a01ee6/map-previews/1279b462-3e0c-48c6-9986-e647dbbc40c4.webp?v=36624,YES,YES,YES,NOT_DISPLAYED,,/home/ubuntu/browser_html/worldos_cc_maps_1787653893171.html
全部,617,《精灵宝可梦》·万象旅途,485129818,/zh-cn/worlds/jing-ling-bao-ke-meng-wan-xiang-l-tu-6ab-2sqw,/worlds/jing-ling-bao-ke-meng-wan-xiang-l-tu-6ab-2sqw,YES,https://qunsyxsdbqpinxyjqrqp.supabase.co/storage/v1/object/public/covers/ec732486-17ec-428a-9d22-0d7da8a01ee6/map-previews/1279b462-3e0c-48c6-9986-e647dbbc40c4.webp?v=36624,YES,YES,YES,NOT_DISPLAYED,,/home/ubuntu/browser_html/worldos_cc_maps_1787653893171.html
全部,618,现代大战略：2026,3410395417,/zh-cn/worlds/xian-dai-da-zhan-l-e-2026-93fa2b5e4bf1,/worlds/xian-dai-da-zhan-l-e-2026-93fa2b5e4bf1,YES,https://qunsyxsdbqpinxyjqrqp.supabase.co/storage/v1/object/public/covers/6d0cdd49-7cbe-49b0-8d87-c4d248360881/map-previews/2026aaaa-0000-4000-8000-000000000001.webp?v=19310,YES,YES,YES,NOT_DISPLAYED,,/home/ubuntu/browser_html/worldos_cc_maps_1787653893171.html
全部,619,现代世界 2026 副本,3410395417,/zh-cn/worlds/modern-day-knhf,/worlds/modern-day-knhf,YES,https://qunsyxsdbqpinxyjqrqp.supabase.co/storage/v1/object/public/covers/6d0cdd49-7cbe-49b0-8d87-c4d248360881/map-previews/2026aaaa-0000-4000-8000-000000000001.webp?v=19310,YES,YES,YES,NOT_DISPLAYED,,/home/ubuntu/browser_html/worldos_cc_maps_1787653893171.html
全部,620,《精灵宝可梦》·万象旅途,485129818,/zh-cn/worlds/jing-ling-bao-ke-meng-wan-xiang-l-tu-6ab-5bpf,/worlds/jing-ling-bao-ke-meng-wan-xiang-l-tu-6ab-5bpf,YES,https://qunsyxsdbqpinxyjqrqp.supabase.co/storage/v1/object/public/covers/ec732486-17ec-428a-9d22-0d7da8a01ee6/map-previews/1279b462-3e0c-48c6-9986-e647dbbc40c4.webp?v=36624,YES,YES,YES,NOT_DISPLAYED,,/home/ubuntu/browser_html/worldos_cc_maps_1787653893171.html
全部,621,《精灵宝可梦》·万象旅途,3601879075,/zh-cn/worlds/jing-ling-bao-ke-meng-wan-xiang-l-tu-6ab-awgm,/worlds/jing-ling-bao-ke-meng-wan-xiang-l-tu-6ab-awgm,YES,https://qunsyxsdbqpinxyjqrqp.supabase.co/storage/v1/object/public/covers/ec732486-17ec-428a-9d22-0d7da8a01ee6/map-previews/1279b462-3e0c-48c6-9986-e647dbbc40c4.webp?v=36624,YES,YES,YES,NOT_DISPLAYED,,/home/ubuntu/browser_html/worldos_cc_maps_1787653893171.html
全部,622,《精灵宝可梦》·万象旅途 副本,1064417090,/zh-cn/worlds/jing-ling-bao-ke-meng-wan-xiang-l-tu-6ab-ufww,/worlds/jing-ling-bao-ke-meng-wan-xiang-l-tu-6ab-ufww,YES,https://qunsyxsdbqpinxyjqrqp.supabase.co/storage/v1/object/public/covers/ec732486-17ec-428a-9d22-0d7da8a01ee6/map-previews/1279b462-3e0c-48c6-9986-e647dbbc40c4.webp?v=36624,YES,YES,YES,NOT_DISPLAYED,,/home/ubuntu/browser_html/worldos_cc_maps_1787653893171.html
全部,623,中世纪奇幻模拟器,1035915102,/zh-cn/worlds/simulador-de-fantas-a-medieval-nsyu,/worlds/simulador-de-fantas-a-medieval-nsyu,YES,https://qunsyxsdbqpinxyjqrqp.supabase.co/storage/v1/object/public/covers/366d0e5e-fcac-4207-bb67-5fe29416c894/map-previews/6415e926-9c75-426f-9fd7-bb5ba3637c8f.webp?v=21292,YES,YES,YES,NOT_DISPLAYED,,/home/ubuntu/browser_html/worldos_cc_maps_1787653893171.html
全部,624,三国模拟器,cjm906060079,/zh-cn/worlds/sanguo-warlords-kbab,/worlds/sanguo-warlords-kbab,YES,https://qunsyxsdbqpinxyjqrqp.supabase.co/storage/v1/object/public/covers/6d0cdd49-7cbe-49b0-8d87-c4d248360881/map-previews/f4a7d133-0a17-4000-8b00-000000000004.webp?v=48286,YES,YES,YES,NOT_DISPLAYED,,/home/ubuntu/browser_html/worldos_cc_maps_1787653893171.html
全部,625,Modern Day 2026: Influence & Power,Andrei Guillermo,/zh-cn/worlds/modern-day-2026-influence-power-7ff2920a978a,/worlds/modern-day-2026-influence-power-7ff2920a978a,YES,https://qunsyxsdbqpinxyjqrqp.supabase.co/storage/v1/object/public/covers/6d0cdd49-7cbe-49b0-8d87-c4d248360881/map-previews/2026aaaa-0000-4000-8000-000000000001.webp?v=19310,YES,YES,YES,NOT_DISPLAYED,,/home/ubuntu/browser_html/worldos_cc_maps_1787653893171.html
全部,626,冷战模拟器,yjy1028my,/zh-cn/worlds/cold-war-8712,/worlds/cold-war-8712,YES,https://qunsyxsdbqpinxyjqrqp.supabase.co/storage/v1/object/public/covers/6d0cdd49-7cbe-49b0-8d87-c4d248360881/map-previews/c01d1947-0000-4000-8000-000000000001.webp?v=29408,YES,YES,YES,NOT_DISPLAYED,,/home/ubuntu/browser_html/worldos_cc_maps_1787653893171.html
全部,627,现代世界 2026,李李渝,/zh-cn/worlds/modern-day-jk6m,/worlds/modern-day-jk6m,YES,https://qunsyxsdbqpinxyjqrqp.supabase.co/storage/v1/object/public/covers/6d0cdd49-7cbe-49b0-8d87-c4d248360881/map-previews/2026aaaa-0000-4000-8000-000000000001.webp?v=19310,YES,YES,YES,NOT_DISPLAYED,,/home/ubuntu/browser_html/worldos_cc_maps_1787653893171.html
全部,628,现代世界 2026,sunjunkai_2026,/zh-cn/worlds/modern-day-hpal,/worlds/modern-day-hpal,YES,https://qunsyxsdbqpinxyjqrqp.supabase.co/storage/v1/object/public/covers/6d0cdd49-7cbe-49b0-8d87-c4d248360881/map-previews/2026aaaa-0000-4000-8000-000000000001.webp?v=19310,YES,YES,YES,NOT_DISPLAYED,,/home/ubuntu/browser_html/worldos_cc_maps_1787653893171.html
全部,629,现代世界 2026,Денис Давыдов,/zh-cn/worlds/modern-day-59iv,/worlds/modern-day-59iv,YES,https://qunsyxsdbqpinxyjqrqp.supabase.co/storage/v1/object/public/covers/6d0cdd49-7cbe-49b0-8d87-c4d248360881/map-previews/2026aaaa-0000-4000-8000-000000000001.webp?v=19310,YES,YES,YES,NOT_DISPLAYED,,/home/ubuntu/browser_html/worldos_cc_maps_1787653893171.html
全部,630,三国模拟器,2951595779,/zh-cn/worlds/sanguo-warlords-vgre,/worlds/sanguo-warlords-vgre,YES,https://qunsyxsdbqpinxyjqrqp.supabase.co/storage/v1/object/public/covers/6d0cdd49-7cbe-49b0-8d87-c4d248360881/map-previews/f4a7d133-0a17-4000-8b00-000000000004.webp?v=48286,YES,YES,YES,NOT_DISPLAYED,,/home/ubuntu/browser_html/worldos_cc_maps_1787653893171.html
全部,631,《精灵宝可梦》·万象旅途 副本,H Ga,/zh-cn/worlds/jing-ling-bao-ke-meng-wan-xiang-l-tu-6ab-acpk,/worlds/jing-ling-bao-ke-meng-wan-xiang-l-tu-6ab-acpk,YES,https://qunsyxsdbqpinxyjqrqp.supabase.co/storage/v1/object/public/covers/ec732486-17ec-428a-9d22-0d7da8a01ee6/map-previews/1279b462-3e0c-48c6-9986-e647dbbc40c4.webp?v=36624,YES,YES,YES,NOT_DISPLAYED,,/home/ubuntu/browser_html/worldos_cc_maps_1787653893171.html
全部,632,二战模拟器,2662196219,/zh-cn/worlds/ww2-ica9,/worlds/ww2-ica9,YES,https://qunsyxsdbqpinxyjqrqp.supabase.co/storage/v1/object/public/covers/6d0cdd49-7cbe-49b0-8d87-c4d248360881/map-previews/22222222-2222-2222-2222-222222222222.webp?v=23294,YES,YES,YES,NOT_DISPLAYED,,/home/ubuntu/browser_html/worldos_cc_maps_1787653893171.html
全部,633,二战模拟器,2662196219,/zh-cn/worlds/ww2-u3pu,/worlds/ww2-u3pu,YES,https://qunsyxsdbqpinxyjqrqp.supabase.co/storage/v1/object/public/covers/6d0cdd49-7cbe-49b0-8d87-c4d248360881/map-previews/22222222-2222-2222-2222-222222222222.webp?v=23294,YES,YES,YES,NOT_DISPLAYED,,/home/ubuntu/browser_html/worldos_cc_maps_1787653893171.html
全部,634,鬼灭之刃模拟器,821200377,/zh-cn/worlds/demon-slayer-simulator-4j0u,/worlds/demon-slayer-simulator-4j0u,YES,/maps/demon-slayer-japan.webp,YES,YES,YES,NOT_DISPLAYED,,/home/ubuntu/browser_html/worldos_cc_maps_1787653893171.html
全部,635,《精灵宝可梦》·万象旅途,1435334717,/zh-cn/worlds/jing-ling-bao-ke-meng-wan-xiang-l-tu-6ab-qcx2,/worlds/jing-ling-bao-ke-meng-wan-xiang-l-tu-6ab-qcx2,YES,https://qunsyxsdbqpinxyjqrqp.supabase.co/storage/v1/object/public/covers/ec732486-17ec-428a-9d22-0d7da8a01ee6/map-previews/1279b462-3e0c-48c6-9986-e647dbbc40c4.webp?v=36624,YES,YES,YES,NOT_DISPLAYED,,/home/ubuntu/browser_html/worldos_cc_maps_1787653893171.html
全部,636,《精灵宝可梦》·万象旅途,1218201740,/zh-cn/worlds/jing-ling-bao-ke-meng-wan-xiang-l-tu-6ab-co45,/worlds/jing-ling-bao-ke-meng-wan-xiang-l-tu-6ab-co45,YES,https://qunsyxsdbqpinxyjqrqp.supabase.co/storage/v1/object/public/covers/ec732486-17ec-428a-9d22-0d7da8a01ee6/map-previews/1279b462-3e0c-48c6-9986-e647dbbc40c4.webp?v=36624,YES,YES,YES,NOT_DISPLAYED,,/home/ubuntu/browser_html/worldos_cc_maps_1787653893171.html
全部,637,三国模拟器,1650859278,/zh-cn/worlds/sanguo-warlords-hr9p,/worlds/sanguo-warlords-hr9p,YES,https://qunsyxsdbqpinxyjqrqp.supabase.co/storage/v1/object/public/covers/6d0cdd49-7cbe-49b0-8d87-c4d248360881/map-previews/f4a7d133-0a17-4000-8b00-000000000004.webp?v=48286,YES,YES,YES,NOT_DISPLAYED,,/home/ubuntu/browser_html/worldos_cc_maps_1787653893171.html
全部,638,《精灵宝可梦·万象旅途》,Luoyu,/zh-cn/worlds/jing-ling-bao-ke-meng-wan-xiang-l-tu-6ab-38xs,/worlds/jing-ling-bao-ke-meng-wan-xiang-l-tu-6ab-38xs,YES,https://qunsyxsdbqpinxyjqrqp.supabase.co/storage/v1/object/public/covers/ec732486-17ec-428a-9d22-0d7da8a01ee6/map-previews/1279b462-3e0c-48c6-9986-e647dbbc40c4.webp?v=36624,YES,YES,YES,NOT_DISPLAYED,,/home/ubuntu/browser_html/worldos_cc_maps_1787653893171.html
全部,639,三国模拟器,2916784700,/zh-cn/worlds/sanguo-warlords-u3dr,/worlds/sanguo-warlords-u3dr,YES,https://qunsyxsdbqpinxyjqrqp.supabase.co/storage/v1/object/public/covers/6d0cdd49-7cbe-49b0-8d87-c4d248360881/map-previews/f4a7d133-0a17-4000-8b00-000000000004.webp?v=48286,YES,YES,YES,NOT_DISPLAYED,,/home/ubuntu/browser_html/worldos_cc_maps_1787653893171.html
全部,640,二战模拟器 副本,Doris Zhang,/zh-cn/worlds/ww2-x3d1,/worlds/ww2-x3d1,YES,https://qunsyxsdbqpinxyjqrqp.supabase.co/storage/v1/object/public/covers/6d0cdd49-7cbe-49b0-8d87-c4d248360881/map-previews/22222222-2222-2222-2222-222222222222.webp?v=23294,YES,YES,YES,NOT_DISPLAYED,,/home/ubuntu/browser_html/worldos_cc_maps_1787653893171.html
全部,641,咒术回战世界-更多人物，更高自由！,YOKI,/zh-cn/worlds/jujutsu-ce5w,/worlds/jujutsu-ce5w,YES,https://qunsyxsdbqpinxyjqrqp.supabase.co/storage/v1/object/public/covers/e3899c58-3a5e-4a74-a18b-88e3caf9901f/map-previews/4d4d7273-b5cf-4a5f-879f-afd464ddefe5.webp?v=8034,YES,YES,YES,NOT_DISPLAYED,,/home/ubuntu/browser_html/worldos_cc_maps_1787653893171.html
全部,642,《精灵宝可梦·万象旅途》,薄荷荼靡（薄荷荼靡）,/zh-cn/worlds/jing-ling-bao-ke-meng-wan-xiang-l-tu-6ab-jiue,/worlds/jing-ling-bao-ke-meng-wan-xiang-l-tu-6ab-jiue,YES,https://qunsyxsdbqpinxyjqrqp.supabase.co/storage/v1/object/public/covers/ec732486-17ec-428a-9d22-0d7da8a01ee6/map-previews/1279b462-3e0c-48c6-9986-e647dbbc40c4.webp?v=36624,YES,YES,YES,NOT_DISPLAYED,,/home/ubuntu/browser_html/worldos_cc_maps_1787653893171.html
全部,643,《精灵宝可梦》·万象旅途,1435334717,/zh-cn/worlds/jing-ling-bao-ke-meng-wan-xiang-l-tu-6ab-3rkx,/worlds/jing-ling-bao-ke-meng-wan-xiang-l-tu-6ab-3rkx,YES,https://qunsyxsdbqpinxyjqrqp.supabase.co/storage/v1/object/public/covers/ec732486-17ec-428a-9d22-0d7da8a01ee6/map-previews/1279b462-3e0c-48c6-9986-e647dbbc40c4.webp?v=36624,YES,YES,YES,NOT_DISPLAYED,,/home/ubuntu/browser_html/worldos_cc_maps_1787653893171.html
全部,644,二战模拟器,l2662196229,/zh-cn/worlds/ww2-s8jh,/worlds/ww2-s8jh,YES,https://qunsyxsdbqpinxyjqrqp.supabase.co/storage/v1/object/public/covers/6d0cdd49-7cbe-49b0-8d87-c4d248360881/map-previews/22222222-2222-2222-2222-222222222222.webp?v=23294,YES,YES,YES,NOT_DISPLAYED,,/home/ubuntu/browser_html/worldos_cc_maps_1787653893171.html
全部,645,《精灵宝可梦》·万象旅途,1484911453,/zh-cn/worlds/jing-ling-bao-ke-meng-wan-xiang-l-tu-6ab-g55e,/worlds/jing-ling-bao-ke-meng-wan-xiang-l-tu-6ab-g55e,YES,https://qunsyxsdbqpinxyjqrqp.supabase.co/storage/v1/object/public/covers/ec732486-17ec-428a-9d22-0d7da8a01ee6/map-previews/1279b462-3e0c-48c6-9986-e647dbbc40c4.webp?v=36624,YES,YES,YES,NOT_DISPLAYED,,/home/ubuntu/browser_html/worldos_cc_maps_1787653893171.html
全部,646,《精灵宝可梦》·万象旅途,1484911453,/zh-cn/worlds/jing-ling-bao-ke-meng-wan-xiang-l-tu-6ab-m0st,/worlds/jing-ling-bao-ke-meng-wan-xiang-l-tu-6ab-m0st,YES,https://qunsyxsdbqpinxyjqrqp.supabase.co/storage/v1/object/public/covers/ec732486-17ec-428a-9d22-0d7da8a01ee6/map-previews/1279b462-3e0c-48c6-9986-e647dbbc40c4.webp?v=36624,YES,YES,YES,NOT_DISPLAYED,,/home/ubuntu/browser_html/worldos_cc_maps_1787653893171.html
全部,647,《精灵宝可梦》·万象旅途,1239123797,/zh-cn/worlds/jing-ling-bao-ke-meng-wan-xiang-l-tu-6ab-8kc0,/worlds/jing-ling-bao-ke-meng-wan-xiang-l-tu-6ab-8kc0,YES,https://qunsyxsdbqpinxyjqrqp.supabase.co/storage/v1/object/public/covers/ec732486-17ec-428a-9d22-0d7da8a01ee6/map-previews/1279b462-3e0c-48c6-9986-e647dbbc40c4.webp?v=36624,YES,YES,YES,NOT_DISPLAYED,,/home/ubuntu/browser_html/worldos_cc_maps_1787653893171.html
全部,648,《精灵宝可梦》·万象旅途 副本,2634766639,/zh-cn/worlds/jing-ling-bao-ke-meng-wan-xiang-l-tu-6ab-6dfn,/worlds/jing-ling-bao-ke-meng-wan-xiang-l-tu-6ab-6dfn,YES,https://qunsyxsdbqpinxyjqrqp.supabase.co/storage/v1/object/public/covers/ec732486-17ec-428a-9d22-0d7da8a01ee6/map-previews/1279b462-3e0c-48c6-9986-e647dbbc40c4.webp?v=36624,YES,YES,YES,NOT_DISPLAYED,,/home/ubuntu/browser_html/worldos_cc_maps_1787653893171.html
全部,649,《精灵宝可梦》·万象旅途,3070896775,/zh-cn/worlds/jing-ling-bao-ke-meng-wan-xiang-l-tu-6ab-kfvh,/worlds/jing-ling-bao-ke-meng-wan-xiang-l-tu-6ab-kfvh,YES,https://qunsyxsdbqpinxyjqrqp.supabase.co/storage/v1/object/public/covers/ec732486-17ec-428a-9d22-0d7da8a01ee6/map-previews/1279b462-3e0c-48c6-9986-e647dbbc40c4.webp?v=36624,YES,YES,YES,NOT_DISPLAYED,,/home/ubuntu/browser_html/worldos_cc_maps_1787653893171.html
全部,650,现代世界 2026,2734588443,/zh-cn/worlds/modern-day-5f8o,/worlds/modern-day-5f8o,YES,https://qunsyxsdbqpinxyjqrqp.supabase.co/storage/v1/object/public/covers/6d0cdd49-7cbe-49b0-8d87-c4d248360881/map-previews/2026aaaa-0000-4000-8000-000000000001.webp?v=19310,YES,YES,YES,NOT_DISPLAYED,,/home/ubuntu/browser_html/worldos_cc_maps_1787653893171.html
全部,651,三国模拟器,973075018,/zh-cn/worlds/sanguo-warlords-usz8,/worlds/sanguo-warlords-usz8,YES,https://qunsyxsdbqpinxyjqrqp.supabase.co/storage/v1/object/public/covers/6d0cdd49-7cbe-49b0-8d87-c4d248360881/map-previews/f4a7d133-0a17-4000-8b00-000000000004.webp?v=48286,YES,YES,YES,NOT_DISPLAYED,,/home/ubuntu/browser_html/worldos_cc_maps_1787653893171.html
全部,652,《精灵宝可梦》·万象旅途,927837469,/zh-cn/worlds/jing-ling-bao-ke-meng-wan-xiang-l-tu-6ab-g9hv,/worlds/jing-ling-bao-ke-meng-wan-xiang-l-tu-6ab-g9hv,YES,https://qunsyxsdbqpinxyjqrqp.supabase.co/storage/v1/object/public/covers/ec732486-17ec-428a-9d22-0d7da8a01ee6/map-previews/1279b462-3e0c-48c6-9986-e647dbbc40c4.webp?v=36624,YES,YES,YES,NOT_DISPLAYED,,/home/ubuntu/browser_html/worldos_cc_maps_1787653893171.html
全部,653,三国模拟器,3177075121,/zh-cn/worlds/sanguo-warlords-a6id,/worlds/sanguo-warlords-a6id,YES,https://qunsyxsdbqpinxyjqrqp.supabase.co/storage/v1/object/public/covers/6d0cdd49-7cbe-49b0-8d87-c4d248360881/map-previews/f4a7d133-0a17-4000-8b00-000000000004.webp?v=48286,YES,YES,YES,NOT_DISPLAYED,,/home/ubuntu/browser_html/worldos_cc_maps_1787653893171.html
全部,654,三国模拟器,woshifjl,/zh-cn/worlds/sanguo-warlords-ydiw,/worlds/sanguo-warlords-ydiw,YES,https://qunsyxsdbqpinxyjqrqp.supabase.co/storage/v1/object/public/covers/6d0cdd49-7cbe-49b0-8d87-c4d248360881/map-previews/f4a7d133-0a17-4000-8b00-000000000004.webp?v=48286,YES,YES,YES,NOT_DISPLAYED,,/home/ubuntu/browser_html/worldos_cc_maps_1787653893171.html
全部,655,三国模拟器,罗云龙,/zh-cn/worlds/sanguo-warlords-901k,/worlds/sanguo-warlords-901k,YES,https://qunsyxsdbqpinxyjqrqp.supabase.co/storage/v1/object/public/covers/6d0cdd49-7cbe-49b0-8d87-c4d248360881/map-previews/f4a7d133-0a17-4000-8b00-000000000004.webp?v=48286,YES,YES,YES,NOT_DISPLAYED,,/home/ubuntu/browser_html/worldos_cc_maps_1787653893171.html
全部,656,三国模拟器,罗云龙,/zh-cn/worlds/sanguo-warlords-q6e9,/worlds/sanguo-warlords-q6e9,YES,https://qunsyxsdbqpinxyjqrqp.supabase.co/storage/v1/object/public/covers/6d0cdd49-7cbe-49b0-8d87-c4d248360881/map-previews/f4a7d133-0a17-4000-8b00-000000000004.webp?v=48286,YES,YES,YES,NOT_DISPLAYED,,/home/ubuntu/browser_html/worldos_cc_maps_1787653893171.html
全部,657,三国模拟器,412347605,/zh-cn/worlds/sanguo-warlords-8akj,/worlds/sanguo-warlords-8akj,YES,https://qunsyxsdbqpinxyjqrqp.supabase.co/storage/v1/object/public/covers/6d0cdd49-7cbe-49b0-8d87-c4d248360881/map-previews/f4a7d133-0a17-4000-8b00-000000000004.webp?v=48286,YES,YES,YES,NOT_DISPLAYED,,/home/ubuntu/browser_html/worldos_cc_maps_1787653893171.html
全部,658,三国模拟器,412347605,/zh-cn/worlds/sanguo-warlords-jqip,/worlds/sanguo-warlords-jqip,YES,https://qunsyxsdbqpinxyjqrqp.supabase.co/storage/v1/object/public/covers/6d0cdd49-7cbe-49b0-8d87-c4d248360881/map-previews/f4a7d133-0a17-4000-8b00-000000000004.webp?v=48286,YES,YES,YES,NOT_DISPLAYED,,/home/ubuntu/browser_html/worldos_cc_maps_1787653893171.html
全部,659,《精灵宝可梦》·万象旅途,3619183865,/zh-cn/worlds/jing-ling-bao-ke-meng-wan-xiang-l-tu-6ab-c6e5,/worlds/jing-ling-bao-ke-meng-wan-xiang-l-tu-6ab-c6e5,YES,https://qunsyxsdbqpinxyjqrqp.supabase.co/storage/v1/object/public/covers/ec732486-17ec-428a-9d22-0d7da8a01ee6/map-previews/1279b462-3e0c-48c6-9986-e647dbbc40c4.webp?v=36624,YES,YES,YES,NOT_DISPLAYED,,/home/ubuntu/browser_html/worldos_cc_maps_1787653893171.html
全部,660,鬼灭之刃模拟器,2579014538,/zh-cn/worlds/demon-slayer-simulator-v5n4,/worlds/demon-slayer-simulator-v5n4,YES,/maps/demon-slayer-japan.webp,YES,YES,YES,NOT_DISPLAYED,,/home/ubuntu/browser_html/worldos_cc_maps_1787653893171.html
全部,661,现代世界 2026 副本,3410395417,/zh-cn/worlds/modern-day-vl7l,/worlds/modern-day-vl7l,YES,https://qunsyxsdbqpinxyjqrqp.supabase.co/storage/v1/object/public/covers/6d0cdd49-7cbe-49b0-8d87-c4d248360881/map-previews/2026aaaa-0000-4000-8000-000000000001.webp?v=19310,YES,YES,YES,NOT_DISPLAYED,,/home/ubuntu/browser_html/worldos_cc_maps_1787653893171.html
全部,662,《精灵宝可梦》·万象旅途,1909823471,/zh-cn/worlds/jing-ling-bao-ke-meng-wan-xiang-l-tu-6ab-ix8p,/worlds/jing-ling-bao-ke-meng-wan-xiang-l-tu-6ab-ix8p,YES,https://qunsyxsdbqpinxyjqrqp.supabase.co/storage/v1/object/public/covers/ec732486-17ec-428a-9d22-0d7da8a01ee6/map-previews/1279b462-3e0c-48c6-9986-e647dbbc40c4.webp?v=36624,YES,YES,YES,NOT_DISPLAYED,,/home/ubuntu/browser_html/worldos_cc_maps_1787653893171.html
全部,663,三国模拟器,874166278,/zh-cn/worlds/sanguo-warlords-2mx4,/worlds/sanguo-warlords-2mx4,YES,https://qunsyxsdbqpinxyjqrqp.supabase.co/storage/v1/object/public/covers/6d0cdd49-7cbe-49b0-8d87-c4d248360881/map-previews/f4a7d133-0a17-4000-8b00-000000000004.webp?v=48286,YES,YES,YES,NOT_DISPLAYED,,/home/ubuntu/browser_html/worldos_cc_maps_1787653893171.html
全部,664,《精灵宝可梦》·万象旅途,2042269734,/zh-cn/worlds/jing-ling-bao-ke-meng-wan-xiang-l-tu-6ab-fy4g,/worlds/jing-ling-bao-ke-meng-wan-xiang-l-tu-6ab-fy4g,YES,https://qunsyxsdbqpinxyjqrqp.supabase.co/storage/v1/object/public/covers/ec732486-17ec-428a-9d22-0d7da8a01ee6/map-previews/1279b462-3e0c-48c6-9986-e647dbbc40c4.webp?v=36624,YES,YES,YES,NOT_DISPLAYED,,/home/ubuntu/browser_html/worldos_cc_maps_1787653893171.html
全部,665,《精灵宝可梦》·万象旅途 副本,2042269734,/zh-cn/worlds/jing-ling-bao-ke-meng-wan-xiang-l-tu-6ab-mgr9,/worlds/jing-ling-bao-ke-meng-wan-xiang-l-tu-6ab-mgr9,YES,https://qunsyxsdbqpinxyjqrqp.supabase.co/storage/v1/object/public/covers/ec732486-17ec-428a-9d22-0d7da8a01ee6/map-previews/1279b462-3e0c-48c6-9986-e647dbbc40c4.webp?v=36624,YES,YES,YES,NOT_DISPLAYED,,/home/ubuntu/browser_html/worldos_cc_maps_1787653893171.html
全部,666,《精灵宝可梦》·万象旅途,2765164352,/zh-cn/worlds/jing-ling-bao-ke-meng-wan-xiang-l-tu-6ab-55v0,/worlds/jing-ling-bao-ke-meng-wan-xiang-l-tu-6ab-55v0,YES,https://qunsyxsdbqpinxyjqrqp.supabase.co/storage/v1/object/public/covers/ec732486-17ec-428a-9d22-0d7da8a01ee6/map-previews/1279b462-3e0c-48c6-9986-e647dbbc40c4.webp?v=36624,YES,YES,YES,NOT_DISPLAYED,,/home/ubuntu/browser_html/worldos_cc_maps_1787653893171.html
全部,667,咒术回战世界-更多人物，更高自由！,jusmehiyo jj,/zh-cn/worlds/jujutsu-7mni,/worlds/jujutsu-7mni,YES,https://qunsyxsdbqpinxyjqrqp.supabase.co/storage/v1/object/public/covers/e3899c58-3a5e-4a74-a18b-88e3caf9901f/map-previews/4d4d7273-b5cf-4a5f-879f-afd464ddefe5.webp?v=8034,YES,YES,YES,NOT_DISPLAYED,,/home/ubuntu/browser_html/worldos_cc_maps_1787653893171.html
全部,668,《精灵宝可梦》·万象旅途,1218201740,/zh-cn/worlds/jing-ling-bao-ke-meng-wan-xiang-l-tu-6ab-f8xa,/worlds/jing-ling-bao-ke-meng-wan-xiang-l-tu-6ab-f8xa,YES,https://qunsyxsdbqpinxyjqrqp.supabase.co/storage/v1/object/public/covers/ec732486-17ec-428a-9d22-0d7da8a01ee6/map-previews/1279b462-3e0c-48c6-9986-e647dbbc40c4.webp?v=36624,YES,YES,YES,NOT_DISPLAYED,,/home/ubuntu/browser_html/worldos_cc_maps_1787653893171.html
全部,669,鬼灭之刃模拟器,2579014538,/zh-cn/worlds/demon-slayer-simulator-ogrh,/worlds/demon-slayer-simulator-ogrh,YES,/maps/demon-slayer-japan.webp,YES,YES,YES,NOT_DISPLAYED,,/home/ubuntu/browser_html/worldos_cc_maps_1787653893171.html
全部,670,三国模拟器,2916784700,/zh-cn/worlds/sanguo-warlords-1j5p,/worlds/sanguo-warlords-1j5p,YES,https://qunsyxsdbqpinxyjqrqp.supabase.co/storage/v1/object/public/covers/6d0cdd49-7cbe-49b0-8d87-c4d248360881/map-previews/f4a7d133-0a17-4000-8b00-000000000004.webp?v=48286,YES,YES,YES,NOT_DISPLAYED,,/home/ubuntu/browser_html/worldos_cc_maps_1787653893171.html
全部,671,三国模拟器,657675065,/zh-cn/worlds/sanguo-warlords-e0tb,/worlds/sanguo-warlords-e0tb,YES,https://qunsyxsdbqpinxyjqrqp.supabase.co/storage/v1/object/public/covers/6d0cdd49-7cbe-49b0-8d87-c4d248360881/map-previews/f4a7d133-0a17-4000-8b00-000000000004.webp?v=48286,YES,YES,YES,NOT_DISPLAYED,,/home/ubuntu/browser_html/worldos_cc_maps_1787653893171.html
全部,672,《精灵宝可梦·万象旅途》,薄荷荼靡（薄荷荼靡）,/zh-cn/worlds/jing-ling-bao-ke-meng-wan-xiang-l-tu-6ab-iviq,/worlds/jing-ling-bao-ke-meng-wan-xiang-l-tu-6ab-iviq,YES,https://qunsyxsdbqpinxyjqrqp.supabase.co/storage/v1/object/public/covers/ec732486-17ec-428a-9d22-0d7da8a01ee6/map-previews/1279b462-3e0c-48c6-9986-e647dbbc40c4.webp?v=36624,YES,YES,YES,NOT_DISPLAYED,,/home/ubuntu/browser_html/worldos_cc_maps_1787653893171.html
全部,673,《精灵宝可梦·万象旅途》,薄荷荼靡（薄荷荼靡）,/zh-cn/worlds/jing-ling-bao-ke-meng-wan-xiang-l-tu-6ab-kylg,/worlds/jing-ling-bao-ke-meng-wan-xiang-l-tu-6ab-kylg,YES,https://qunsyxsdbqpinxyjqrqp.supabase.co/storage/v1/object/public/covers/ec732486-17ec-428a-9d22-0d7da8a01ee6/map-previews/1279b462-3e0c-48c6-9986-e647dbbc40c4.webp?v=36624,YES,YES,YES,NOT_DISPLAYED,,/home/ubuntu/browser_html/worldos_cc_maps_1787653893171.html
全部,674,三国模拟器,706307943,/zh-cn/worlds/sanguo-warlords-vihw,/worlds/sanguo-warlords-vihw,YES,https://qunsyxsdbqpinxyjqrqp.supabase.co/storage/v1/object/public/covers/6d0cdd49-7cbe-49b0-8d87-c4d248360881/map-previews/f4a7d133-0a17-4000-8b00-000000000004.webp?v=48286,YES,YES,YES,NOT_DISPLAYED,,/home/ubuntu/browser_html/worldos_cc_maps_1787653893171.html
全部,675,《精灵宝可梦》·万象旅途,3067529595,/zh-cn/worlds/jing-ling-bao-ke-meng-wan-xiang-l-tu-6ab-54uv,/worlds/jing-ling-bao-ke-meng-wan-xiang-l-tu-6ab-54uv,YES,https://qunsyxsdbqpinxyjqrqp.supabase.co/storage/v1/object/public/covers/ec732486-17ec-428a-9d22-0d7da8a01ee6/map-previews/1279b462-3e0c-48c6-9986-e647dbbc40c4.webp?v=36624,YES,YES,YES,NOT_DISPLAYED,,/home/ubuntu/browser_html/worldos_cc_maps_1787653893171.html
全部,676,二战模拟器,zhoufei00123,/zh-cn/worlds/ww2-z1ly,/worlds/ww2-z1ly,YES,https://qunsyxsdbqpinxyjqrqp.supabase.co/storage/v1/object/public/covers/6d0cdd49-7cbe-49b0-8d87-c4d248360881/map-previews/22222222-2222-2222-2222-222222222222.webp?v=23294,YES,YES,YES,NOT_DISPLAYED,,/home/ubuntu/browser_html/worldos_cc_maps_1787653893171.html
全部,677,三国模拟器,953947304,/zh-cn/worlds/sanguo-warlords-hw4g,/worlds/sanguo-warlords-hw4g,YES,https://qunsyxsdbqpinxyjqrqp.supabase.co/storage/v1/object/public/covers/6d0cdd49-7cbe-49b0-8d87-c4d248360881/map-previews/f4a7d133-0a17-4000-8b00-000000000004.webp?v=48286,YES,YES,YES,NOT_DISPLAYED,,/home/ubuntu/browser_html/worldos_cc_maps_1787653893171.html
全部,678,三国模拟器 副本,2914875472,/zh-cn/worlds/sanguo-warlords-ghhe,/worlds/sanguo-warlords-ghhe,YES,https://qunsyxsdbqpinxyjqrqp.supabase.co/storage/v1/object/public/covers/6d0cdd49-7cbe-49b0-8d87-c4d248360881/map-previews/f4a7d133-0a17-4000-8b00-000000000004.webp?v=48286,YES,YES,YES,NOT_DISPLAYED,,/home/ubuntu/browser_html/worldos_cc_maps_1787653893171.html
全部,679,三国模拟器,205784112,/zh-cn/worlds/sanguo-warlords-fswj,/worlds/sanguo-warlords-fswj,YES,https://qunsyxsdbqpinxyjqrqp.supabase.co/storage/v1/object/public/covers/6d0cdd49-7cbe-49b0-8d87-c4d248360881/map-previews/f4a7d133-0a17-4000-8b00-000000000004.webp?v=48286,YES,YES,YES,NOT_DISPLAYED,,/home/ubuntu/browser_html/worldos_cc_maps_1787653893171.html
全部,680,三国模拟器,205784112,/zh-cn/worlds/sanguo-warlords-xj6j,/worlds/sanguo-warlords-xj6j,YES,https://qunsyxsdbqpinxyjqrqp.supabase.co/storage/v1/object/public/covers/6d0cdd49-7cbe-49b0-8d87-c4d248360881/map-previews/f4a7d133-0a17-4000-8b00-000000000004.webp?v=48286,YES,YES,YES,NOT_DISPLAYED,,/home/ubuntu/browser_html/worldos_cc_maps_1787653893171.html
全部,681,《精灵宝可梦》·万象旅途,Luoyu,/zh-cn/worlds/jing-ling-bao-ke-meng-wan-xiang-l-tu-6ab-qhx8,/worlds/jing-ling-bao-ke-meng-wan-xiang-l-tu-6ab-qhx8,YES,https://qunsyxsdbqpinxyjqrqp.supabase.co/storage/v1/object/public/covers/ec732486-17ec-428a-9d22-0d7da8a01ee6/map-previews/1279b462-3e0c-48c6-9986-e647dbbc40c4.webp?v=36624,YES,YES,YES,NOT_DISPLAYED,,/home/ubuntu/browser_html/worldos_cc_maps_1787653893171.html
全部,682,鬼灭之刃模拟器,2665306431,/zh-cn/worlds/demon-slayer-simulator-2d75,/worlds/demon-slayer-simulator-2d75,YES,/maps/demon-slayer-japan.webp,YES,YES,YES,NOT_DISPLAYED,,/home/ubuntu/browser_html/worldos_cc_maps_1787653893171.html
全部,683,《精灵宝可梦》·万象旅途,2058048691,/zh-cn/worlds/jing-ling-bao-ke-meng-wan-xiang-l-tu-6ab-yhlu,/worlds/jing-ling-bao-ke-meng-wan-xiang-l-tu-6ab-yhlu,YES,https://qunsyxsdbqpinxyjqrqp.supabase.co/storage/v1/object/public/covers/ec732486-17ec-428a-9d22-0d7da8a01ee6/map-previews/1279b462-3e0c-48c6-9986-e647dbbc40c4.webp?v=36624,YES,YES,YES,NOT_DISPLAYED,,/home/ubuntu/browser_html/worldos_cc_maps_1787653893171.html
全部,684,《精灵宝可梦》·万象旅途,2058048691,/zh-cn/worlds/jing-ling-bao-ke-meng-wan-xiang-l-tu-6ab-i9ja,/worlds/jing-ling-bao-ke-meng-wan-xiang-l-tu-6ab-i9ja,YES,https://qunsyxsdbqpinxyjqrqp.supabase.co/storage/v1/object/public/covers/ec732486-17ec-428a-9d22-0d7da8a01ee6/map-previews/1279b462-3e0c-48c6-9986-e647dbbc40c4.webp?v=36624,YES,YES,YES,NOT_DISPLAYED,,/home/ubuntu/browser_html/worldos_cc_maps_1787653893171.html
全部,685,三国模拟器 副本,瓷瓶里都,/zh-cn/worlds/sanguo-warlords-8213,/worlds/sanguo-warlords-8213,YES,https://qunsyxsdbqpinxyjqrqp.supabase.co/storage/v1/object/public/covers/6d0cdd49-7cbe-49b0-8d87-c4d248360881/map-previews/f4a7d133-0a17-4000-8b00-000000000004.webp?v=48286,YES,YES,YES,NOT_DISPLAYED,,/home/ubuntu/browser_html/worldos_cc_maps_1787653893171.html
全部,686,二战模拟器,zhoufei00123,/zh-cn/worlds/ww2-6vmp,/worlds/ww2-6vmp,YES,https://qunsyxsdbqpinxyjqrqp.supabase.co/storage/v1/object/public/covers/6d0cdd49-7cbe-49b0-8d87-c4d248360881/map-previews/22222222-2222-2222-2222-222222222222.webp?v=23294,YES,YES,YES,NOT_DISPLAYED,,/home/ubuntu/browser_html/worldos_cc_maps_1787653893171.html
全部,687,三国模拟器 副本,4308343,/zh-cn/worlds/sanguo-warlords-3bcb,/worlds/sanguo-warlords-3bcb,YES,https://qunsyxsdbqpinxyjqrqp.supabase.co/storage/v1/object/public/covers/6d0cdd49-7cbe-49b0-8d87-c4d248360881/map-previews/f4a7d133-0a17-4000-8b00-000000000004.webp?v=48286,YES,YES,YES,NOT_DISPLAYED,,/home/ubuntu/browser_html/worldos_cc_maps_1787653893171.html
全部,688,三国模拟器,2265035724,/zh-cn/worlds/sanguo-warlords-iep3,/worlds/sanguo-warlords-iep3,YES,https://qunsyxsdbqpinxyjqrqp.supabase.co/storage/v1/object/public/covers/6d0cdd49-7cbe-49b0-8d87-c4d248360881/map-previews/f4a7d133-0a17-4000-8b00-000000000004.webp?v=48286,YES,YES,YES,NOT_DISPLAYED,,/home/ubuntu/browser_html/worldos_cc_maps_1787653893171.html
全部,689,三国模拟器,2265035724,/zh-cn/worlds/sanguo-warlords-r193,/worlds/sanguo-warlords-r193,YES,https://qunsyxsdbqpinxyjqrqp.supabase.co/storage/v1/object/public/covers/6d0cdd49-7cbe-49b0-8d87-c4d248360881/map-previews/f4a7d133-0a17-4000-8b00-000000000004.webp?v=48286,YES,YES,YES,NOT_DISPLAYED,,/home/ubuntu/browser_html/worldos_cc_maps_1787653893171.html
全部,690,中世纪奇幻模拟器,Guadaña960,/zh-cn/worlds/simulador-de-fantas-a-medieval-fk9p,/worlds/simulador-de-fantas-a-medieval-fk9p,YES,https://qunsyxsdbqpinxyjqrqp.supabase.co/storage/v1/object/public/covers/366d0e5e-fcac-4207-bb67-5fe29416c894/map-previews/6415e926-9c75-426f-9fd7-bb5ba3637c8f.webp?v=21292,YES,YES,YES,NOT_DISPLAYED,,/home/ubuntu/browser_html/worldos_cc_maps_1787653893171.html
全部,691,宝可梦：开局阿尔宙斯，修改万物资质,2017805301,/zh-cn/worlds/bao-ke-meng-kai-ju-a-er-zhou-si-xiu-gai--t9mb,/worlds/bao-ke-meng-kai-ju-a-er-zhou-si-xiu-gai--t9mb,YES,https://qunsyxsdbqpinxyjqrqp.supabase.co/storage/v1/object/public/covers/ec732486-17ec-428a-9d22-0d7da8a01ee6/map-previews/1279b462-3e0c-48c6-9986-e647dbbc40c4.webp?v=36624,YES,YES,YES,NOT_DISPLAYED,,/home/ubuntu/browser_html/worldos_cc_maps_1787653893171.html
全部,692,三国模拟器 副本,lumi bliss,/zh-cn/worlds/sanguo-warlords-yxab,/worlds/sanguo-warlords-yxab,YES,https://qunsyxsdbqpinxyjqrqp.supabase.co/storage/v1/object/public/covers/6d0cdd49-7cbe-49b0-8d87-c4d248360881/map-previews/f4a7d133-0a17-4000-8b00-000000000004.webp?v=48286,YES,YES,YES,NOT_DISPLAYED,,/home/ubuntu/browser_html/worldos_cc_maps_1787653893171.html
全部,693,三国模拟器,asipilin22,/zh-cn/worlds/sanguo-warlords-u8rk,/worlds/sanguo-warlords-u8rk,YES,https://qunsyxsdbqpinxyjqrqp.supabase.co/storage/v1/object/public/covers/6d0cdd49-7cbe-49b0-8d87-c4d248360881/map-previews/f4a7d133-0a17-4000-8b00-000000000004.webp?v=48286,YES,YES,YES,NOT_DISPLAYED,,/home/ubuntu/browser_html/worldos_cc_maps_1787653893171.html
全部,694,Simulador de Cazador de Demonios: Destino de Nezuko,Dibanhi León,/zh-cn/worlds/simulador-de-cazador-de-demonios-destino-16807cfadaa0,/worlds/simulador-de-cazador-de-demonios-destino-16807cfadaa0,YES,/maps/demon-slayer-japan.webp,YES,YES,YES,NOT_DISPLAYED,,/home/ubuntu/browser_html/worldos_cc_maps_1787653893171.html
全部,695,历史模拟器：崇祯,1745482913,/zh-cn/worlds/chongzhen-s1t7,/worlds/chongzhen-s1t7,YES,https://qunsyxsdbqpinxyjqrqp.supabase.co/storage/v1/object/public/covers/6d0cdd49-7cbe-49b0-8d87-c4d248360881/map-previews/c4302300-0000-4000-8000-000000000001.webp?v=45420,YES,YES,YES,NOT_DISPLAYED,,/home/ubuntu/browser_html/worldos_cc_maps_1787653893171.html
全部,696,三国模拟器,1871629809,/zh-cn/worlds/sanguo-warlords-ie1b,/worlds/sanguo-warlords-ie1b,YES,https://qunsyxsdbqpinxyjqrqp.supabase.co/storage/v1/object/public/covers/6d0cdd49-7cbe-49b0-8d87-c4d248360881/map-previews/f4a7d133-0a17-4000-8b00-000000000004.webp?v=48286,YES,YES,YES,NOT_DISPLAYED,,/home/ubuntu/browser_html/worldos_cc_maps_1787653893171.html
全部,697,《精灵宝可梦》·万象旅途,626897669,/zh-cn/worlds/jing-ling-bao-ke-meng-wan-xiang-l-tu-6ab-y5bg,/worlds/jing-ling-bao-ke-meng-wan-xiang-l-tu-6ab-y5bg,YES,https://qunsyxsdbqpinxyjqrqp.supabase.co/storage/v1/object/public/covers/ec732486-17ec-428a-9d22-0d7da8a01ee6/map-previews/1279b462-3e0c-48c6-9986-e647dbbc40c4.webp?v=36624,YES,YES,YES,NOT_DISPLAYED,,/home/ubuntu/browser_html/worldos_cc_maps_1787653893171.html
全部,698,《精灵宝可梦》·万象旅途 副本,lyh1993813,/zh-cn/worlds/jing-ling-bao-ke-meng-wan-xiang-l-tu-6ab-xqdn,/worlds/jing-ling-bao-ke-meng-wan-xiang-l-tu-6ab-xqdn,YES,https://qunsyxsdbqpinxyjqrqp.supabase.co/storage/v1/object/public/covers/ec732486-17ec-428a-9d22-0d7da8a01ee6/map-previews/1279b462-3e0c-48c6-9986-e647dbbc40c4.webp?v=36624,YES,YES,YES,NOT_DISPLAYED,,/home/ubuntu/browser_html/worldos_cc_maps_1787653893171.html
全部,699,测试应用升级世界 001,nixonelton9954,/zh-cn/worlds/test-map-world-001-ft9r,/worlds/test-map-world-001-ft9r,YES,/maps/demon-slayer-japan.webp,YES,YES,YES,NOT_DISPLAYED,,/home/ubuntu/browser_html/worldos_cc_maps_1787653893171.html
全部,700,《精灵宝可梦》·万象旅途 副本,lyh1993813,/zh-cn/worlds/jing-ling-bao-ke-meng-wan-xiang-l-tu-6ab-sgol,/worlds/jing-ling-bao-ke-meng-wan-xiang-l-tu-6ab-sgol,YES,https://qunsyxsdbqpinxyjqrqp.supabase.co/storage/v1/object/public/covers/ec732486-17ec-428a-9d22-0d7da8a01ee6/map-previews/1279b462-3e0c-48c6-9986-e647dbbc40c4.webp?v=36624,YES,YES,YES,NOT_DISPLAYED,,/home/ubuntu/browser_html/worldos_cc_maps_1787653893171.html
全部,701,咒术回战世界-更多人物，更高自由！,2271679337,/zh-cn/worlds/jujutsu-74cx,/worlds/jujutsu-74cx,YES,https://qunsyxsdbqpinxyjqrqp.supabase.co/storage/v1/object/public/covers/e3899c58-3a5e-4a74-a18b-88e3caf9901f/map-previews/4d4d7273-b5cf-4a5f-879f-afd464ddefe5.webp?v=8034,YES,YES,YES,NOT_DISPLAYED,,/home/ubuntu/browser_html/worldos_cc_maps_1787653893171.html
全部,702,三国模拟器,1469078400,/zh-cn/worlds/sanguo-warlords-hmlp,/worlds/sanguo-warlords-hmlp,YES,https://qunsyxsdbqpinxyjqrqp.supabase.co/storage/v1/object/public/covers/6d0cdd49-7cbe-49b0-8d87-c4d248360881/map-previews/f4a7d133-0a17-4000-8b00-000000000004.webp?v=48286,YES,YES,YES,NOT_DISPLAYED,,/home/ubuntu/browser_html/worldos_cc_maps_1787653893171.html
全部,703,《精灵宝可梦》·万象旅途,1908361500,/zh-cn/worlds/jing-ling-bao-ke-meng-wan-xiang-l-tu-6ab-vq50,/worlds/jing-ling-bao-ke-meng-wan-xiang-l-tu-6ab-vq50,YES,https://qunsyxsdbqpinxyjqrqp.supabase.co/storage/v1/object/public/covers/ec732486-17ec-428a-9d22-0d7da8a01ee6/map-previews/1279b462-3e0c-48c6-9986-e647dbbc40c4.webp?v=36624,YES,YES,YES,NOT_DISPLAYED,,/home/ubuntu/browser_html/worldos_cc_maps_1787653893171.html
全部,704,《精灵宝可梦》·万象旅途,monxuy,/zh-cn/worlds/jing-ling-bao-ke-meng-wan-xiang-l-tu-6ab-fsdo,/worlds/jing-ling-bao-ke-meng-wan-xiang-l-tu-6ab-fsdo,YES,https://qunsyxsdbqpinxyjqrqp.supabase.co/storage/v1/object/public/covers/ec732486-17ec-428a-9d22-0d7da8a01ee6/map-previews/1279b462-3e0c-48c6-9986-e647dbbc40c4.webp?v=36624,YES,YES,YES,NOT_DISPLAYED,,/home/ubuntu/browser_html/worldos_cc_maps_1787653893171.html
全部,705,三国模拟器,1475297473,/zh-cn/worlds/sanguo-warlords-t559,/worlds/sanguo-warlords-t559,YES,https://qunsyxsdbqpinxyjqrqp.supabase.co/storage/v1/object/public/covers/6d0cdd49-7cbe-49b0-8d87-c4d248360881/map-previews/f4a7d133-0a17-4000-8b00-000000000004.webp?v=48286,YES,YES,YES,NOT_DISPLAYED,,/home/ubuntu/browser_html/worldos_cc_maps_1787653893171.html
全部,706,十字军之王3,3147758146,/zh-cn/worlds/crusader-kings-3-iqga,/worlds/crusader-kings-3-iqga,YES,https://qunsyxsdbqpinxyjqrqp.supabase.co/storage/v1/object/public/covers/6d0cdd49-7cbe-49b0-8d87-c4d248360881/map-previews/c5300000-0000-4000-8000-000000000001.webp?v=21704,YES,YES,YES,NOT_DISPLAYED,,/home/ubuntu/browser_html/worldos_cc_maps_1787653893171.html
全部,707,三国模拟器,504874700,/zh-cn/worlds/sanguo-warlords-6k1n,/worlds/sanguo-warlords-6k1n,YES,https://qunsyxsdbqpinxyjqrqp.supabase.co/storage/v1/object/public/covers/6d0cdd49-7cbe-49b0-8d87-c4d248360881/map-previews/f4a7d133-0a17-4000-8b00-000000000004.webp?v=48286,YES,YES,YES,NOT_DISPLAYED,,/home/ubuntu/browser_html/worldos_cc_maps_1787653893171.html
全部,708,三国模拟器,504874700,/zh-cn/worlds/sanguo-warlords-ei6p,/worlds/sanguo-warlords-ei6p,YES,https://qunsyxsdbqpinxyjqrqp.supabase.co/storage/v1/object/public/covers/6d0cdd49-7cbe-49b0-8d87-c4d248360881/map-previews/f4a7d133-0a17-4000-8b00-000000000004.webp?v=48286,YES,YES,YES,NOT_DISPLAYED,,/home/ubuntu/browser_html/worldos_cc_maps_1787653893171.html
全部,709,三国模拟器,2591106058,/zh-cn/worlds/sanguo-warlords-jl2v,/worlds/sanguo-warlords-jl2v,YES,https://qunsyxsdbqpinxyjqrqp.supabase.co/storage/v1/object/public/covers/6d0cdd49-7cbe-49b0-8d87-c4d248360881/map-previews/f4a7d133-0a17-4000-8b00-000000000004.webp?v=48286,YES,YES,YES,NOT_DISPLAYED,,/home/ubuntu/browser_html/worldos_cc_maps_1787653893171.html
全部,710,三国模拟器,2591106058,/zh-cn/worlds/sanguo-warlords-y2rp,/worlds/sanguo-warlords-y2rp,YES,https://qunsyxsdbqpinxyjqrqp.supabase.co/storage/v1/object/public/covers/6d0cdd49-7cbe-49b0-8d87-c4d248360881/map-previews/f4a7d133-0a17-4000-8b00-000000000004.webp?v=48286,YES,YES,YES,NOT_DISPLAYED,,/home/ubuntu/browser_html/worldos_cc_maps_1787653893171.html
全部,711,三国模拟器 副本,4308343,/zh-cn/worlds/sanguo-warlords-4g21,/worlds/sanguo-warlords-4g21,YES,https://qunsyxsdbqpinxyjqrqp.supabase.co/storage/v1/object/public/covers/6d0cdd49-7cbe-49b0-8d87-c4d248360881/map-previews/f4a7d133-0a17-4000-8b00-000000000004.webp?v=48286,YES,YES,YES,NOT_DISPLAYED,,/home/ubuntu/browser_html/worldos_cc_maps_1787653893171.html
全部,712,三国模拟器,2916784700,/zh-cn/worlds/sanguo-warlords-wsro,/worlds/sanguo-warlords-wsro,YES,https://qunsyxsdbqpinxyjqrqp.supabase.co/storage/v1/object/public/covers/6d0cdd49-7cbe-49b0-8d87-c4d248360881/map-previews/f4a7d133-0a17-4000-8b00-000000000004.webp?v=48286,YES,YES,YES,NOT_DISPLAYED,,/home/ubuntu/browser_html/worldos_cc_maps_1787653893171.html
全部,713,十字军之王3,3147758146,/zh-cn/worlds/crusader-kings-3-1rt0,/worlds/crusader-kings-3-1rt0,YES,https://qunsyxsdbqpinxyjqrqp.supabase.co/storage/v1/object/public/covers/6d0cdd49-7cbe-49b0-8d87-c4d248360881/map-previews/c5300000-0000-4000-8000-000000000001.webp?v=21704,YES,YES,YES,NOT_DISPLAYED,,/home/ubuntu/browser_html/worldos_cc_maps_1787653893171.html
全部,714,三国模拟器,oho!,/zh-cn/worlds/sanguo-warlords-p8ps,/worlds/sanguo-warlords-p8ps,YES,https://qunsyxsdbqpinxyjqrqp.supabase.co/storage/v1/object/public/covers/6d0cdd49-7cbe-49b0-8d87-c4d248360881/map-previews/f4a7d133-0a17-4000-8b00-000000000004.webp?v=48286,YES,YES,YES,NOT_DISPLAYED,,/home/ubuntu/browser_html/worldos_cc_maps_1787653893171.html
全部,715,文明模拟器,Culp Ruwe,/zh-cn/worlds/wen-ming-mo-ni-qi-ar4w,/worlds/wen-ming-mo-ni-qi-ar4w,NO,,YES,YES,YES,NOT_DISPLAYED,,/home/ubuntu/browser_html/worldos_cc_maps_1787653893171.html
全部,716,咒术回战世界-更多人物，更高自由！,Cuelo Tek,/zh-cn/worlds/jujutsu-4gp9,/worlds/jujutsu-4gp9,YES,https://qunsyxsdbqpinxyjqrqp.supabase.co/storage/v1/object/public/covers/e3899c58-3a5e-4a74-a18b-88e3caf9901f/map-previews/4d4d7273-b5cf-4a5f-879f-afd464ddefe5.webp?v=8034,YES,YES,YES,NOT_DISPLAYED,,/home/ubuntu/browser_html/worldos_cc_maps_1787653893171.html
全部,717,Wotld,Jenny Ramos,/zh-cn/worlds/wotld-zlnf,/worlds/wotld-zlnf,YES,https://qunsyxsdbqpinxyjqrqp.supabase.co/storage/v1/object/public/covers/6d0cdd49-7cbe-49b0-8d87-c4d248360881/map-previews/2026aaaa-0000-4000-8000-000000000001.webp?v=19310,YES,YES,YES,NOT_DISPLAYED,,/home/ubuntu/browser_html/worldos_cc_maps_1787653893171.html
全部,718,三国模拟器 副本,wsh200808252024,/zh-cn/worlds/sanguo-warlords-dbel,/worlds/sanguo-warlords-dbel,YES,https://qunsyxsdbqpinxyjqrqp.supabase.co/storage/v1/object/public/covers/6d0cdd49-7cbe-49b0-8d87-c4d248360881/map-previews/f4a7d133-0a17-4000-8b00-000000000004.webp?v=48286,YES,YES,YES,NOT_DISPLAYED,,/home/ubuntu/browser_html/worldos_cc_maps_1787653893171.html
全部,719,现代世界 2026,ly13999393204,/zh-cn/worlds/modern-day-ispe,/worlds/modern-day-ispe,YES,https://qunsyxsdbqpinxyjqrqp.supabase.co/storage/v1/object/public/covers/6d0cdd49-7cbe-49b0-8d87-c4d248360881/map-previews/2026aaaa-0000-4000-8000-000000000001.webp?v=19310,YES,YES,YES,NOT_DISPLAYED,,/home/ubuntu/browser_html/worldos_cc_maps_1787653893171.html
全部,720,二战模拟器,2028077383,/zh-cn/worlds/er-zhan-mo-ni-qi-ornp,/worlds/er-zhan-mo-ni-qi-ornp,YES,https://qunsyxsdbqpinxyjqrqp.supabase.co/storage/v1/object/public/covers/6d0cdd49-7cbe-49b0-8d87-c4d248360881/map-previews/ae837808-52f9-44ac-8f33-80cd43c7de56.webp?v=48286,YES,YES,YES,NOT_DISPLAYED,,/home/ubuntu/browser_html/worldos_cc_maps_1787653893171.html
全部,721,测试应用升级世界 001,nixonelton9954,/zh-cn/worlds/test-map-world-001-ouue,/worlds/test-map-world-001-ouue,YES,/maps/demon-slayer-japan.webp,YES,YES,YES,NOT_DISPLAYED,,/home/ubuntu/browser_html/worldos_cc_maps_1787653893171.html
全部,722,三国浮生录·列女传,3042475886,/zh-cn/worlds/sanguo-58bc,/worlds/sanguo-58bc,YES,https://qunsyxsdbqpinxyjqrqp.supabase.co/storage/v1/object/public/covers/6d0cdd49-7cbe-49b0-8d87-c4d248360881/map-previews/fc9b154e-5193-4637-b1da-33b207555ed5.webp?v=48286,YES,YES,YES,NOT_DISPLAYED,,/home/ubuntu/browser_html/worldos_cc_maps_1787653893171.html
全部,723,二战模拟器,刘爱,/zh-cn/worlds/ww2-012f,/worlds/ww2-012f,YES,https://qunsyxsdbqpinxyjqrqp.supabase.co/storage/v1/object/public/covers/6d0cdd49-7cbe-49b0-8d87-c4d248360881/map-previews/8bfc84df-4c66-4f35-8050-7997709e73ba.webp?v=23294,YES,YES,YES,NOT_DISPLAYED,,/home/ubuntu/browser_html/worldos_cc_maps_1787653893171.html
全部,724,二战模拟器,陈RH,/zh-cn/worlds/ww2-1bdy,/worlds/ww2-1bdy,YES,https://qunsyxsdbqpinxyjqrqp.supabase.co/storage/v1/object/public/covers/6d0cdd49-7cbe-49b0-8d87-c4d248360881/map-previews/4b503baf-b0f9-406a-aec3-6b6f006e0ac7.webp?v=23294,YES,YES,YES,NOT_DISPLAYED,,/home/ubuntu/browser_html/worldos_cc_maps_1787653893171.html
全部,725,死,Samantha García,/zh-cn/worlds/si-2mek,/worlds/si-2mek,YES,https://qunsyxsdbqpinxyjqrqp.supabase.co/storage/v1/object/public/covers/6d0cdd49-7cbe-49b0-8d87-c4d248360881/map-previews/c01d1947-0000-4000-8000-000000000001.webp?v=29408,YES,YES,YES,NOT_DISPLAYED,,/home/ubuntu/browser_html/worldos_cc_maps_1787653893171.html
全部,726,冷战模拟器,mqqno38wslp7,/zh-cn/worlds/leng-zhan-mo-ni-qi-lb9w,/worlds/leng-zhan-mo-ni-qi-lb9w,YES,https://qunsyxsdbqpinxyjqrqp.supabase.co/storage/v1/object/public/covers/6d0cdd49-7cbe-49b0-8d87-c4d248360881/map-previews/c01d1947-0000-4000-8000-000000000001.webp?v=29408,YES,YES,YES,NOT_DISPLAYED,,/home/ubuntu/browser_html/worldos_cc_maps_1787653893171.html
全部,727,二战模拟器,兔猻,/zh-cn/worlds/er-zhan-mo-ni-qi-g45f,/worlds/er-zhan-mo-ni-qi-g45f,YES,https://qunsyxsdbqpinxyjqrqp.supabase.co/storage/v1/object/public/covers/6d0cdd49-7cbe-49b0-8d87-c4d248360881/map-previews/22222222-2222-2222-2222-222222222222.webp?v=23294,YES,YES,YES,NOT_DISPLAYED,,/home/ubuntu/browser_html/worldos_cc_maps_1787653893171.html
全部,728,二战模拟器,652106134,/zh-cn/worlds/ww2-j1aw,/worlds/ww2-j1aw,YES,https://qunsyxsdbqpinxyjqrqp.supabase.co/storage/v1/object/public/covers/6d0cdd49-7cbe-49b0-8d87-c4d248360881/map-previews/22222222-2222-2222-2222-222222222222.webp?v=23294,YES,YES,YES,NOT_DISPLAYED,,/home/ubuntu/browser_html/worldos_cc_maps_1787653893171.html
全部,729,现代世界 2026,yun ma,/zh-cn/worlds/xian-dai-shi-jie-2026-fx6u,/worlds/xian-dai-shi-jie-2026-fx6u,YES,https://qunsyxsdbqpinxyjqrqp.supabase.co/storage/v1/object/public/covers/6d0cdd49-7cbe-49b0-8d87-c4d248360881/map-previews/2026aaaa-0000-4000-8000-000000000001.webp?v=19310,YES,YES,YES,NOT_DISPLAYED,,/home/ubuntu/browser_html/worldos_cc_maps_1787653893171.html
全部,730,三国模拟器,Ray Mo,/zh-cn/worlds/san-guo-mo-ni-qi-axx9,/worlds/san-guo-mo-ni-qi-axx9,YES,https://qunsyxsdbqpinxyjqrqp.supabase.co/storage/v1/object/public/covers/6d0cdd49-7cbe-49b0-8d87-c4d248360881/map-previews/f4a7d133-0a17-4000-8b00-000000000004.webp?v=48286,YES,YES,YES,NOT_DISPLAYED,,/home/ubuntu/browser_html/worldos_cc_maps_1787653893171.html
全部,731,二战模拟器 副本,吴伟铭,/zh-cn/worlds/ww2-ga22,/worlds/ww2-ga22,YES,https://qunsyxsdbqpinxyjqrqp.supabase.co/storage/v1/object/public/covers/6d0cdd49-7cbe-49b0-8d87-c4d248360881/map-previews/e1a9d116-4433-4b91-85d2-14da0403b532.webp?v=23294,YES,YES,YES,NOT_DISPLAYED,,/home/ubuntu/browser_html/worldos_cc_maps_1787653893171.html
全部,732,二战模拟器 副本,吴伟铭,/zh-cn/worlds/ww2-8r9t,/worlds/ww2-8r9t,YES,https://qunsyxsdbqpinxyjqrqp.supabase.co/storage/v1/object/public/covers/6d0cdd49-7cbe-49b0-8d87-c4d248360881/map-previews/f2070654-7851-4299-8047-9640a0b16b90.webp?v=23294,YES,YES,YES,NOT_DISPLAYED,,/home/ubuntu/browser_html/worldos_cc_maps_1787653893171.html
全部,733,二战模拟器,1695452957,/zh-cn/worlds/ww2-yzph,/worlds/ww2-yzph,YES,https://qunsyxsdbqpinxyjqrqp.supabase.co/storage/v1/object/public/covers/6d0cdd49-7cbe-49b0-8d87-c4d248360881/map-previews/afe332bf-81e0-4ef5-8e2d-4c4b8a73986a.webp?v=23294,YES,YES,YES,NOT_DISPLAYED,,/home/ubuntu/browser_html/worldos_cc_maps_1787653893171.html
全部,734,冷战模拟器,Himent Pear,/zh-cn/worlds/leng-zhan-mo-ni-qi-rr9c,/worlds/leng-zhan-mo-ni-qi-rr9c,YES,https://qunsyxsdbqpinxyjqrqp.supabase.co/storage/v1/object/public/covers/6d0cdd49-7cbe-49b0-8d87-c4d248360881/map-previews/902e34de-9b5a-4126-9580-f08ee4c8b4cb.webp?v=29408,YES,YES,YES,NOT_DISPLAYED,,/home/ubuntu/browser_html/worldos_cc_maps_1787653893171.html
全部,735,二战模拟器,Minghao Liu,/zh-cn/worlds/ww2-gnm3,/worlds/ww2-gnm3,YES,https://qunsyxsdbqpinxyjqrqp.supabase.co/storage/v1/object/public/covers/6d0cdd49-7cbe-49b0-8d87-c4d248360881/map-previews/22222222-2222-2222-2222-222222222222.webp?v=23294,YES,YES,YES,NOT_DISPLAYED,,/home/ubuntu/browser_html/worldos_cc_maps_1787653893171.html
全部,736,现代篇 2026,Fefy,/zh-cn/worlds/modern-day-2026-gs8r,/worlds/modern-day-2026-gs8r,YES,https://qunsyxsdbqpinxyjqrqp.supabase.co/storage/v1/object/public/covers/d04cc185-a496-4ab9-ae74-0e9ef3522fb6/map-previews/1aebda63-a25b-445f-a32a-9130347825ee.webp?v=19364,YES,YES,YES,NOT_DISPLAYED,,/home/ubuntu/browser_html/worldos_cc_maps_1787653893171.html
全部,737,二战模拟器,yazuibi,/zh-cn/worlds/ww2-kh2u,/worlds/ww2-kh2u,YES,https://qunsyxsdbqpinxyjqrqp.supabase.co/storage/v1/object/public/covers/6d0cdd49-7cbe-49b0-8d87-c4d248360881/map-previews/22222222-2222-2222-2222-222222222222.webp?v=23294,YES,YES,YES,NOT_DISPLAYED,,/home/ubuntu/browser_html/worldos_cc_maps_1787653893171.html
全部,738,现代篇：2026,Ramo Chamaleon,/zh-cn/worlds/modern-day-2026-0oxe,/worlds/modern-day-2026-0oxe,YES,https://qunsyxsdbqpinxyjqrqp.supabase.co/storage/v1/object/public/covers/6d0cdd49-7cbe-49b0-8d87-c4d248360881/map-previews/2026aaaa-0000-4000-8000-000000000001.webp?v=19310,YES,YES,YES,NOT_DISPLAYED,,/home/ubuntu/browser_html/worldos_cc_maps_1787653893171.html
全部,739,二战模拟器 副本,404 NOT FOUND,/zh-cn/worlds/ww2-r0x3,/worlds/ww2-r0x3,YES,https://qunsyxsdbqpinxyjqrqp.supabase.co/storage/v1/object/public/covers/6d0cdd49-7cbe-49b0-8d87-c4d248360881/map-previews/22222222-2222-2222-2222-222222222222.webp?v=23294,YES,YES,YES,NOT_DISPLAYED,,/home/ubuntu/browser_html/worldos_cc_maps_1787653893171.html
全部,740,霓虹鬼杀队：未来兵团模拟器,Agustin Aguero,/zh-cn/worlds/neon-demon-slayer-future-corps-simulator-wna8,/worlds/neon-demon-slayer-future-corps-simulator-wna8,YES,https://qunsyxsdbqpinxyjqrqp.supabase.co/storage/v1/object/public/covers/6d0cdd49-7cbe-49b0-8d87-c4d248360881/map-previews/660115c0-156d-4474-b3c7-556e09522185.webp?v=8352,YES,YES,YES,NOT_DISPLAYED,,/home/ubuntu/browser_html/worldos_cc_maps_1787653893171.html
全部,741,三国模拟器 副本,wsh200808252024,/zh-cn/worlds/sanguo-warlords-kdr9,/worlds/sanguo-warlords-kdr9,YES,https://qunsyxsdbqpinxyjqrqp.supabase.co/storage/v1/object/public/covers/6d0cdd49-7cbe-49b0-8d87-c4d248360881/map-previews/f4a7d133-0a17-4000-8b00-000000000004.webp?v=48286,YES,YES,YES,NOT_DISPLAYED,,/home/ubuntu/browser_html/worldos_cc_maps_1787653893171.html
全部,742,二战模拟器,Dolce Tina,/zh-cn/worlds/ww2-8jje,/worlds/ww2-8jje,YES,https://qunsyxsdbqpinxyjqrqp.supabase.co/storage/v1/object/public/covers/6d0cdd49-7cbe-49b0-8d87-c4d248360881/map-previews/22222222-2222-2222-2222-222222222222.webp?v=23294,YES,YES,YES,NOT_DISPLAYED,,/home/ubuntu/browser_html/worldos_cc_maps_1787653893171.html
全部,743,测试应用升级世界 001,x161880,/zh-cn/worlds/test-map-world-001-k4do,/worlds/test-map-world-001-k4do,YES,/maps/demon-slayer-japan.webp,YES,YES,YES,NOT_DISPLAYED,,/home/ubuntu/browser_html/worldos_cc_maps_1787653893171.html
全部,744,现代篇 2026,Ivanistory nubex x7,/zh-cn/worlds/modern-day-2026-jomy,/worlds/modern-day-2026-jomy,YES,https://qunsyxsdbqpinxyjqrqp.supabase.co/storage/v1/object/public/covers/6d0cdd49-7cbe-49b0-8d87-c4d248360881/map-previews/2026aaaa-0000-4000-8000-000000000001.webp?v=19310,YES,YES,YES,NOT_DISPLAYED,,/home/ubuntu/browser_html/worldos_cc_maps_1787653893171.html
全部,745,二战模拟器,371301897,/zh-cn/worlds/ww2-1q8s,/worlds/ww2-1q8s,YES,https://qunsyxsdbqpinxyjqrqp.supabase.co/storage/v1/object/public/covers/6d0cdd49-7cbe-49b0-8d87-c4d248360881/map-previews/22222222-2222-2222-2222-222222222222.webp?v=23294,YES,YES,YES,NOT_DISPLAYED,,/home/ubuntu/browser_html/worldos_cc_maps_1787653893171.html
全部,746,现代社会 2026,Alma S.,/zh-cn/worlds/modern-day-2026-adid,/worlds/modern-day-2026-adid,YES,https://qunsyxsdbqpinxyjqrqp.supabase.co/storage/v1/object/public/covers/6d0cdd49-7cbe-49b0-8d87-c4d248360881/map-previews/2026aaaa-0000-4000-8000-000000000001.webp?v=19310,YES,YES,YES,NOT_DISPLAYED,,/home/ubuntu/browser_html/worldos_cc_maps_1787653893171.html
全部,747,二战模拟器,Oriana Salina,/zh-cn/worlds/ww2-ycqw,/worlds/ww2-ycqw,YES,https://qunsyxsdbqpinxyjqrqp.supabase.co/storage/v1/object/public/covers/6d0cdd49-7cbe-49b0-8d87-c4d248360881/map-previews/22222222-2222-2222-2222-222222222222.webp?v=23294,YES,YES,YES,NOT_DISPLAYED,,/home/ubuntu/browser_html/worldos_cc_maps_1787653893171.html
全部,748,现代纪元 2026,Alexa Torres moreno,/zh-cn/worlds/modern-day-2026-fmcc,/worlds/modern-day-2026-fmcc,YES,https://qunsyxsdbqpinxyjqrqp.supabase.co/storage/v1/object/public/covers/6d0cdd49-7cbe-49b0-8d87-c4d248360881/map-previews/2026aaaa-0000-4000-8000-000000000001.webp?v=19310,YES,YES,YES,NOT_DISPLAYED,,/home/ubuntu/browser_html/worldos_cc_maps_1787653893171.html
全部,749,Kny,Keio,/zh-cn/worlds/kny-56nd,/worlds/kny-56nd,YES,https://qunsyxsdbqpinxyjqrqp.supabase.co/storage/v1/object/public/covers/827d0074-01f5-4998-bba2-cb28602f082d/map-previews/ef6e93f9-82cd-4040-ad1f-abc8f355c02e.webp?v=8350,YES,YES,YES,NOT_DISPLAYED,,/home/ubuntu/browser_html/worldos_cc_maps_1787653893171.html
全部,750,二战模拟器,Lourdes Medina,/zh-cn/worlds/ww2-rzo5,/worlds/ww2-rzo5,YES,https://qunsyxsdbqpinxyjqrqp.supabase.co/storage/v1/object/public/covers/6d0cdd49-7cbe-49b0-8d87-c4d248360881/map-previews/22222222-2222-2222-2222-222222222222.webp?v=23294,YES,YES,YES,NOT_DISPLAYED,,/home/ubuntu/browser_html/worldos_cc_maps_1787653893171.html
全部,751,Demon Slayer Simulator Copy,Anais Leiva,/zh-cn/worlds/demon-slayer-simulator-khih,/worlds/demon-slayer-simulator-khih,YES,https://qunsyxsdbqpinxyjqrqp.supabase.co/storage/v1/object/public/covers/6d0cdd49-7cbe-49b0-8d87-c4d248360881/map-previews/94ea134c-798d-4b97-9884-afadfd0f72bd.webp?v=8352,YES,YES,YES,NOT_DISPLAYED,,/home/ubuntu/browser_html/worldos_cc_maps_1787653893171.html
全部,752,现代篇：2026,Ivanistory nubex x7,/zh-cn/worlds/modern-day-2026-cwan,/worlds/modern-day-2026-cwan,YES,https://qunsyxsdbqpinxyjqrqp.supabase.co/storage/v1/object/public/covers/6d0cdd49-7cbe-49b0-8d87-c4d248360881/map-previews/2026aaaa-0000-4000-8000-000000000001.webp?v=19310,YES,YES,YES,NOT_DISPLAYED,,/home/ubuntu/browser_html/worldos_cc_maps_1787653893171.html
全部,753,当今世界,Jetziel,/zh-cn/worlds/mundo-actual-p1a5,/worlds/mundo-actual-p1a5,YES,https://qunsyxsdbqpinxyjqrqp.supabase.co/storage/v1/object/public/covers/6d0cdd49-7cbe-49b0-8d87-c4d248360881/map-previews/2026aaaa-0000-4000-8000-000000000001.webp?v=19310,YES,YES,YES,NOT_DISPLAYED,,/home/ubuntu/browser_html/worldos_cc_maps_1787653893171.html
全部,754,Demon Slayer Simulator,Bts tus patrones Por siempre,/zh-cn/worlds/demon-slayer-simulator-qan9,/worlds/demon-slayer-simulator-qan9,YES,/maps/demon-slayer-japan.webp,YES,YES,YES,NOT_DISPLAYED,,/home/ubuntu/browser_html/worldos_cc_maps_1787653893171.html
全部,755,鼻子,JoaAlbaristo,/zh-cn/worlds/nose-qjba,/worlds/nose-qjba,YES,https://qunsyxsdbqpinxyjqrqp.supabase.co/storage/v1/object/public/covers/6d0cdd49-7cbe-49b0-8d87-c4d248360881/map-previews/2026aaaa-0000-4000-8000-000000000001.webp?v=19310,YES,YES,YES,NOT_DISPLAYED,,/home/ubuntu/browser_html/worldos_cc_maps_1787653893171.html
全部,756,Grys,Karla-653782,/zh-cn/worlds/grys-b76s,/worlds/grys-b76s,YES,https://qunsyxsdbqpinxyjqrqp.supabase.co/storage/v1/object/public/covers/6d0cdd49-7cbe-49b0-8d87-c4d248360881/map-previews/2026aaaa-0000-4000-8000-000000000001.webp?v=19310,YES,YES,YES,NOT_DISPLAYED,,/home/ubuntu/browser_html/worldos_cc_maps_1787653893171.html
全部,757,鬼灭模拟器,timofire gamer,/zh-cn/worlds/demon-slayer-simulator-copy-axy3,/worlds/demon-slayer-simulator-copy-axy3,YES,/maps/demon-slayer-japan.webp,YES,YES,YES,NOT_DISPLAYED,,/home/ubuntu/browser_html/worldos_cc_maps_1787653893171.html
全部,758,第二次世界大战：1935年世界,a Parra,/zh-cn/worlds/segunda-guerra-mundial-mundo-1935-u7dh,/worlds/segunda-guerra-mundial-mundo-1935-u7dh,YES,https://qunsyxsdbqpinxyjqrqp.supabase.co/storage/v1/object/public/covers/6b910cc3-b571-45b6-ae7b-414b0510e646/map-previews/2d2dce26-17b3-4c4b-96b5-8048a270bdaa.webp?v=23238,YES,YES,YES,NOT_DISPLAYED,,/home/ubuntu/browser_html/worldos_cc_maps_1787653893171.html
全部,759,2026年7月,Pizza,/zh-cn/worlds/julio-2026-ftrn,/worlds/julio-2026-ftrn,YES,https://qunsyxsdbqpinxyjqrqp.supabase.co/storage/v1/object/public/covers/6d0cdd49-7cbe-49b0-8d87-c4d248360881/map-previews/2026aaaa-0000-4000-8000-000000000001.webp?v=19310,YES,YES,YES,NOT_DISPLAYED,,/home/ubuntu/browser_html/worldos_cc_maps_1787653893171.html
全部,760,主播女孩重度依赖,pqo_202303230071,/zh-cn/worlds/needy-streamer-overload-w7xv,/worlds/needy-streamer-overload-w7xv,YES,https://qunsyxsdbqpinxyjqrqp.supabase.co/storage/v1/object/public/covers/d94500da-3456-4bab-808a-cae66bb196a3/map-previews/0c7ee824-4597-4715-af7f-894918633d15.webp?v=33316,YES,YES,YES,NOT_DISPLAYED,,/home/ubuntu/browser_html/worldos_cc_maps_1787653893171.html
全部,761,鬼灭之刃模拟器,Ultron,/zh-cn/worlds/demon-slayer-simulator-my0c,/worlds/demon-slayer-simulator-my0c,YES,/maps/demon-slayer-japan.webp,YES,YES,YES,NOT_DISPLAYED,,/home/ubuntu/browser_html/worldos_cc_maps_1787653893171.html
全部,762,测试2,Fisiajgdjqosiwiand,/zh-cn/worlds/ce-shi-2-soub,/worlds/ce-shi-2-soub,YES,https://qunsyxsdbqpinxyjqrqp.supabase.co/storage/v1/object/public/covers/6d0cdd49-7cbe-49b0-8d87-c4d248360881/map-previews/4f657b6d-0bee-4fc1-9170-6d1869a5b36f.webp?v=48286,YES,YES,YES,NOT_DISPLAYED,,/home/ubuntu/browser_html/worldos_cc_maps_1787653893171.html
全部,763,PA,Sheila Viramontes,/zh-cn/worlds/pa-ibfw,/worlds/pa-ibfw,YES,https://qunsyxsdbqpinxyjqrqp.supabase.co/storage/v1/object/public/covers/6e8b0ef9-8dc8-478f-b1ff-658d304dd5de/map-previews/bad27193-e147-41ac-83aa-c9f7433ab5d6.webp?v=19364,YES,YES,YES,NOT_DISPLAYED,,/home/ubuntu/browser_html/worldos_cc_maps_1787653893171.html
全部,764,鬼灭之刃模拟器,Ultron,/zh-cn/worlds/demon-slayer-simulator-q2he,/worlds/demon-slayer-simulator-q2he,YES,/maps/demon-slayer-japan.webp,YES,YES,YES,NOT_DISPLAYED,,/home/ubuntu/browser_html/worldos_cc_maps_1787653893171.html
全部,765,战争,Sopa,/zh-cn/worlds/guerra-u8rq,/worlds/guerra-u8rq,YES,https://qunsyxsdbqpinxyjqrqp.supabase.co/storage/v1/object/public/covers/6d0cdd49-7cbe-49b0-8d87-c4d248360881/map-previews/c01d1947-0000-4000-8000-000000000001.webp?v=29408,YES,YES,YES,NOT_DISPLAYED,,/home/ubuntu/browser_html/worldos_cc_maps_1787653893171.html
全部,766,现代传说 2026,LOVERRRQAFUS,/zh-cn/worlds/modern-day-2026-6dj2,/worlds/modern-day-2026-6dj2,YES,https://qunsyxsdbqpinxyjqrqp.supabase.co/storage/v1/object/public/covers/6d0cdd49-7cbe-49b0-8d87-c4d248360881/map-previews/2026aaaa-0000-4000-8000-000000000001.webp?v=19310,YES,YES,YES,NOT_DISPLAYED,,/home/ubuntu/browser_html/worldos_cc_maps_1787653893171.html
全部,767,权力的游戏 (冰与火之歌),Lexy-9dd009,/zh-cn/worlds/a-game-of-thrones-asoiaf-qko5,/worlds/a-game-of-thrones-asoiaf-qko5,YES,https://qunsyxsdbqpinxyjqrqp.supabase.co/storage/v1/object/public/covers/9dd00992-b73c-47d2-bd81-ac1b49295906/map-previews/1e862fda-6c07-43da-84b4-ca513ab0f365.webp?v=5142,YES,YES,YES,NOT_DISPLAYED,,/home/ubuntu/browser_html/worldos_cc_maps_1787653893171.html
全部,768,鬼灭之刃模拟器,Kisstheking 777,/zh-cn/worlds/demon-slayer-simulator-p1z4,/worlds/demon-slayer-simulator-p1z4,YES,/maps/demon-slayer-japan.webp,YES,YES,YES,NOT_DISPLAYED,,/home/ubuntu/browser_html/worldos_cc_maps_1787653893171.html
全部,769,现代 2026,maca,/zh-cn/worlds/modern-day-2026-rk2l,/worlds/modern-day-2026-rk2l,YES,https://qunsyxsdbqpinxyjqrqp.supabase.co/storage/v1/object/public/covers/6d0cdd49-7cbe-49b0-8d87-c4d248360881/map-previews/2026aaaa-0000-4000-8000-000000000001.webp?v=19310,YES,YES,YES,NOT_DISPLAYED,,/home/ubuntu/browser_html/worldos_cc_maps_1787653893171.html
全部,770,鬼灭之刃模拟器,denki kaminari,/zh-cn/worlds/demon-slayer-simulator-jqj3,/worlds/demon-slayer-simulator-jqj3,YES,/maps/demon-slayer-japan.webp,YES,YES,YES,NOT_DISPLAYED,,/home/ubuntu/browser_html/worldos_cc_maps_1787653893171.html
全部,771,现代纪元 2026,Aw9ng,/zh-cn/worlds/modern-day-2026-zedt,/worlds/modern-day-2026-zedt,YES,https://qunsyxsdbqpinxyjqrqp.supabase.co/storage/v1/object/public/covers/6d0cdd49-7cbe-49b0-8d87-c4d248360881/map-previews/2026aaaa-0000-4000-8000-000000000001.webp?v=19310,YES,YES,YES,NOT_DISPLAYED,,/home/ubuntu/browser_html/worldos_cc_maps_1787653893171.html
全部,772,鬼灭模拟器,Milena-46d079,/zh-cn/worlds/demon-slayer-simulator-h1yk,/worlds/demon-slayer-simulator-h1yk,YES,/maps/demon-slayer-japan.webp,YES,YES,YES,NOT_DISPLAYED,,/home/ubuntu/browser_html/worldos_cc_maps_1787653893171.html
全部,773,鬼灭之刃模拟器,Caso,/zh-cn/worlds/demon-slayer-simulator-yfez,/worlds/demon-slayer-simulator-yfez,YES,/maps/demon-slayer-japan.webp,YES,YES,YES,NOT_DISPLAYED,,/home/ubuntu/browser_html/worldos_cc_maps_1787653893171.html
全部,774,67,Samantha Hazel Campos ceja,/zh-cn/worlds/67-fbz3,/worlds/67-fbz3,YES,https://qunsyxsdbqpinxyjqrqp.supabase.co/storage/v1/object/public/covers/6d0cdd49-7cbe-49b0-8d87-c4d248360881/map-previews/2026aaaa-0000-4000-8000-000000000001.webp?v=19310,YES,YES,YES,NOT_DISPLAYED,,/home/ubuntu/browser_html/worldos_cc_maps_1787653893171.html
全部,775,鬼灭之刃模拟器,Charly-e3d2df,/zh-cn/worlds/demon-slayer-simulator-rky6,/worlds/demon-slayer-simulator-rky6,YES,/maps/demon-slayer-japan.webp,YES,YES,YES,NOT_DISPLAYED,,/home/ubuntu/browser_html/worldos_cc_maps_1787653893171.html
全部,776,鬼灭之刃模拟器,rina,/zh-cn/worlds/demon-slayer-simulator-s148,/worlds/demon-slayer-simulator-s148,YES,/maps/demon-slayer-japan.webp,YES,YES,YES,NOT_DISPLAYED,,/home/ubuntu/browser_html/worldos_cc_maps_1787653893171.html
全部,777,冷战模拟器,La Sorda Shizune,/zh-cn/worlds/cold-war-80oj,/worlds/cold-war-80oj,YES,https://qunsyxsdbqpinxyjqrqp.supabase.co/storage/v1/object/public/covers/6d0cdd49-7cbe-49b0-8d87-c4d248360881/map-previews/c01d1947-0000-4000-8000-000000000001.webp?v=29408,YES,YES,YES,NOT_DISPLAYED,,/home/ubuntu/browser_html/worldos_cc_maps_1787653893171.html
全部,778,现代阿卡迪亚,Yume,/zh-cn/worlds/arcadia-moderna-ult1,/worlds/arcadia-moderna-ult1,YES,https://qunsyxsdbqpinxyjqrqp.supabase.co/storage/v1/object/public/covers/6d0cdd49-7cbe-49b0-8d87-c4d248360881/map-previews/2026aaaa-0000-4000-8000-000000000001.webp?v=19310,YES,YES,YES,NOT_DISPLAYED,,/home/ubuntu/browser_html/worldos_cc_maps_1787653893171.html
全部,779,现代社会 2026,Siok Nose,/zh-cn/worlds/modern-day-2026-jm86,/worlds/modern-day-2026-jm86,YES,https://qunsyxsdbqpinxyjqrqp.supabase.co/storage/v1/object/public/covers/6d0cdd49-7cbe-49b0-8d87-c4d248360881/map-previews/2026aaaa-0000-4000-8000-000000000001.webp?v=19310,YES,YES,YES,NOT_DISPLAYED,,/home/ubuntu/browser_html/worldos_cc_maps_1787653893171.html
全部,780,Nose We,Fan Tokito,/zh-cn/worlds/nose-we-pb1k,/worlds/nose-we-pb1k,YES,/maps/demon-slayer-japan.webp,YES,YES,YES,NOT_DISPLAYED,,/home/ubuntu/browser_html/worldos_cc_maps_1787653893171.html
全部,781,权力的游戏模拟器(冰与火之歌),Sana Minatozaki-ceb231,/zh-cn/worlds/westeros-wor6,/worlds/westeros-wor6,YES,https://qunsyxsdbqpinxyjqrqp.supabase.co/storage/v1/object/public/covers/6d0cdd49-7cbe-49b0-8d87-c4d248360881/map-previews/a50f1c33-0a17-4000-8b00-000000000003.webp?v=5130,YES,YES,YES,NOT_DISPLAYED,,/home/ubuntu/browser_html/worldos_cc_maps_1787653893171.html
全部,782,权力的游戏（冰与火之歌）,Maia Doyhenart,/zh-cn/worlds/juego-de-tronos-canci-n-de-hielo-y-fuego-mhrr,/worlds/juego-de-tronos-canci-n-de-hielo-y-fuego-mhrr,YES,https://qunsyxsdbqpinxyjqrqp.supabase.co/storage/v1/object/public/covers/050dc003-6eb8-438b-b4ed-daf4c8d94713/map-previews/29261dbb-0557-48c6-b12d-f95aeed25c6c.webp?v=5142,YES,YES,YES,NOT_DISPLAYED,,/home/ubuntu/browser_html/worldos_cc_maps_1787653893171.html
全部,783,鬼灭之刃模拟器,Nim0s,/zh-cn/worlds/demon-slayer-simulator-1053,/worlds/demon-slayer-simulator-1053,YES,/maps/demon-slayer-japan.webp,YES,YES,YES,NOT_DISPLAYED,,/home/ubuntu/browser_html/worldos_cc_maps_1787653893171.html
全部,784,数字马戏团,Sol :3,/zh-cn/worlds/digital-circus-43ss,/worlds/digital-circus-43ss,YES,https://qunsyxsdbqpinxyjqrqp.supabase.co/storage/v1/object/public/covers/6d0cdd49-7cbe-49b0-8d87-c4d248360881/map-previews/2026aaaa-0000-4000-8000-000000000001.webp?v=19310,YES,YES,YES,NOT_DISPLAYED,,/home/ubuntu/browser_html/worldos_cc_maps_1787653893171.html
全部,785,二战模拟器,shiu wong,/zh-cn/worlds/er-zhan-mo-ni-qi-cjyz,/worlds/er-zhan-mo-ni-qi-cjyz,YES,https://qunsyxsdbqpinxyjqrqp.supabase.co/storage/v1/object/public/covers/6d0cdd49-7cbe-49b0-8d87-c4d248360881/map-previews/22222222-2222-2222-2222-222222222222.webp?v=23294,YES,YES,YES,NOT_DISPLAYED,,/home/ubuntu/browser_html/worldos_cc_maps_1787653893171.html
全部,786,鬼灭之刃模拟器,𖥻 ׁ ׅ 𝑳𝘶 ! ׁ ׅ 🪐,/zh-cn/worlds/demon-slayer-simulator-cq1z,/worlds/demon-slayer-simulator-cq1z,YES,/maps/demon-slayer-japan.webp,YES,YES,YES,NOT_DISPLAYED,,/home/ubuntu/browser_html/worldos_cc_maps_1787653893171.html
全部,787,我的世界,Heli,/zh-cn/worlds/my-world-cht3,/worlds/my-world-cht3,YES,https://qunsyxsdbqpinxyjqrqp.supabase.co/storage/v1/object/public/covers/6d0cdd49-7cbe-49b0-8d87-c4d248360881/map-previews/2026aaaa-0000-4000-8000-000000000001.webp?v=19310,YES,YES,YES,NOT_DISPLAYED,,/home/ubuntu/browser_html/worldos_cc_maps_1787653893171.html
全部,788,BTS,Anto-f7ab3b,/zh-cn/worlds/bts-2jpg,/worlds/bts-2jpg,YES,https://qunsyxsdbqpinxyjqrqp.supabase.co/storage/v1/object/public/covers/72be6f5d-c439-4c38-b82b-9e9dcfc17952/map-previews/1ca84369-09a5-4b16-b877-9d962bad993d.webp?v=16374,YES,YES,YES,NOT_DISPLAYED,,/home/ubuntu/browser_html/worldos_cc_maps_1787653893171.html
全部,789,二战模拟器,D Marrokuan,/zh-cn/worlds/ww2-k696,/worlds/ww2-k696,YES,https://qunsyxsdbqpinxyjqrqp.supabase.co/storage/v1/object/public/covers/6d0cdd49-7cbe-49b0-8d87-c4d248360881/map-previews/22222222-2222-2222-2222-222222222222.webp?v=23294,YES,YES,YES,NOT_DISPLAYED,,/home/ubuntu/browser_html/worldos_cc_maps_1787653893171.html
全部,790,史诗词锋,Iara Alvarez,/zh-cn/worlds/pendragon-word-u9px,/worlds/pendragon-word-u9px,YES,https://qunsyxsdbqpinxyjqrqp.supabase.co/storage/v1/object/public/covers/6d0cdd49-7cbe-49b0-8d87-c4d248360881/map-previews/a50f1c33-0a17-4000-8b00-000000000003.webp?v=5130,YES,YES,YES,NOT_DISPLAYED,,/home/ubuntu/browser_html/worldos_cc_maps_1787653893171.html
全部,791,Yoliieew,Yollie,/zh-cn/worlds/yoliieew-8wus,/worlds/yoliieew-8wus,YES,https://qunsyxsdbqpinxyjqrqp.supabase.co/storage/v1/object/public/covers/72be6f5d-c439-4c38-b82b-9e9dcfc17952/map-previews/1ca84369-09a5-4b16-b877-9d962bad993d.webp?v=16374,YES,YES,YES,NOT_DISPLAYED,,/home/ubuntu/browser_html/worldos_cc_maps_1787653893171.html
全部,792,权力的游戏模拟器(冰与火之歌),Debanhi flores,/zh-cn/worlds/westeros-pdxq,/worlds/westeros-pdxq,YES,https://qunsyxsdbqpinxyjqrqp.supabase.co/storage/v1/object/public/covers/6d0cdd49-7cbe-49b0-8d87-c4d248360881/map-previews/a50f1c33-0a17-4000-8b00-000000000003.webp?v=5130,YES,YES,YES,NOT_DISPLAYED,,/home/ubuntu/browser_html/worldos_cc_maps_1787653893171.html
全部,793,鬼灭之刃模拟器,Yunii Gusho,/zh-cn/worlds/demon-slayer-simulator-8uli,/worlds/demon-slayer-simulator-8uli,YES,/maps/demon-slayer-japan.webp,YES,YES,YES,NOT_DISPLAYED,,/home/ubuntu/browser_html/worldos_cc_maps_1787653893171.html
全部,794,霍格沃茨模拟器,Chan Wai Kian,/zh-cn/worlds/hogwarts-wing,/worlds/hogwarts-wing,YES,https://qunsyxsdbqpinxyjqrqp.supabase.co/storage/v1/object/public/covers/6d0cdd49-7cbe-49b0-8d87-c4d248360881/map-previews/22222222-2222-2222-2222-222222222222.webp?v=23294,YES,YES,YES,NOT_DISPLAYED,,/home/ubuntu/browser_html/worldos_cc_maps_1787653893171.html
全部,795,鬼灭之刃模拟器,nhajqk sjsjska,/zh-cn/worlds/demon-slayer-simulator-q4du,/worlds/demon-slayer-simulator-q4du,YES,/maps/demon-slayer-japan.webp,YES,YES,YES,NOT_DISPLAYED,,/home/ubuntu/browser_html/worldos_cc_maps_1787653893171.html
全部,796,现代 2026,bpwhyq,/zh-cn/worlds/modern-day-2026-aftk,/worlds/modern-day-2026-aftk,YES,https://qunsyxsdbqpinxyjqrqp.supabase.co/storage/v1/object/public/covers/6d0cdd49-7cbe-49b0-8d87-c4d248360881/map-previews/2026aaaa-0000-4000-8000-000000000001.webp?v=19310,YES,YES,YES,NOT_DISPLAYED,,/home/ubuntu/browser_html/worldos_cc_maps_1787653893171.html
全部,797,冷战模拟器,Maricarmen Navarrete,/zh-cn/worlds/simulador-de-guerra-fr-a-zi27,/worlds/simulador-de-guerra-fr-a-zi27,YES,https://qunsyxsdbqpinxyjqrqp.supabase.co/storage/v1/object/public/covers/6d0cdd49-7cbe-49b0-8d87-c4d248360881/map-previews/c01d1947-0000-4000-8000-000000000001.webp?v=29408,YES,YES,YES,NOT_DISPLAYED,,/home/ubuntu/browser_html/worldos_cc_maps_1787653893171.html
全部,798,现代篇 2026,Anarella Martínez,/zh-cn/worlds/modern-day-2026-d9nm,/worlds/modern-day-2026-d9nm,YES,https://qunsyxsdbqpinxyjqrqp.supabase.co/storage/v1/object/public/covers/6d0cdd49-7cbe-49b0-8d87-c4d248360881/map-previews/2026aaaa-0000-4000-8000-000000000001.webp?v=19310,YES,YES,YES,NOT_DISPLAYED,,/home/ubuntu/browser_html/worldos_cc_maps_1787653893171.html
全部,799,主播女孩重度依赖,Noel,/zh-cn/worlds/needy-streamer-overload-332h,/worlds/needy-streamer-overload-332h,YES,https://qunsyxsdbqpinxyjqrqp.supabase.co/storage/v1/object/public/covers/6d0cdd49-7cbe-49b0-8d87-c4d248360881/map-previews/57a1da00-0000-4000-8b00-000000000001.webp?v=33316,YES,YES,YES,NOT_DISPLAYED,,/home/ubuntu/browser_html/worldos_cc_maps_1787653893171.html
全部,800,主播女孩重度依赖,Noel,/zh-cn/worlds/needy-streamer-overload-qfqv,/worlds/needy-streamer-overload-qfqv,YES,https://qunsyxsdbqpinxyjqrqp.supabase.co/storage/v1/object/public/covers/6d0cdd49-7cbe-49b0-8d87-c4d248360881/map-previews/57a1da00-0000-4000-8b00-000000000001.webp?v=33316,YES,YES,YES,NOT_DISPLAYED,,/home/ubuntu/browser_html/worldos_cc_maps_1787653893171.html
全部,801,L,Estrella García Pérez,/zh-cn/worlds/l-7d6s,/worlds/l-7d6s,YES,https://qunsyxsdbqpinxyjqrqp.supabase.co/storage/v1/object/public/covers/6d0cdd49-7cbe-49b0-8d87-c4d248360881/map-previews/c4302300-0000-4000-8000-000000000001.webp?v=45420,YES,YES,YES,NOT_DISPLAYED,,/home/ubuntu/browser_html/worldos_cc_maps_1787653893171.html
全部,802,权力的游戏模拟器(冰与火之歌),espupi,/zh-cn/worlds/westeros-xe8x,/worlds/westeros-xe8x,YES,https://qunsyxsdbqpinxyjqrqp.supabase.co/storage/v1/object/public/covers/6d0cdd49-7cbe-49b0-8d87-c4d248360881/map-previews/a50f1c33-0a17-4000-8b00-000000000003.webp?v=5130,YES,YES,YES,NOT_DISPLAYED,,/home/ubuntu/browser_html/worldos_cc_maps_1787653893171.html
全部,803,鬼灭之刃模拟器,Koyami Uchiha,/zh-cn/worlds/demon-slayer-simulator-8i42,/worlds/demon-slayer-simulator-8i42,YES,/maps/demon-slayer-japan.webp,YES,YES,YES,NOT_DISPLAYED,,/home/ubuntu/browser_html/worldos_cc_maps_1787653893171.html
全部,804,权力的游戏模拟器(冰与火之歌),danaevargasc999,/zh-cn/worlds/westeros-niu1,/worlds/westeros-niu1,YES,https://qunsyxsdbqpinxyjqrqp.supabase.co/storage/v1/object/public/covers/6d0cdd49-7cbe-49b0-8d87-c4d248360881/map-previews/a50f1c33-0a17-4000-8b00-000000000003.webp?v=5130,YES,YES,YES,NOT_DISPLAYED,,/home/ubuntu/browser_html/worldos_cc_maps_1787653893171.html
全部,805,三国模拟器,Emmanuel Peguero,/zh-cn/worlds/simulador-de-los-tres-reinos-ww51,/worlds/simulador-de-los-tres-reinos-ww51,YES,https://qunsyxsdbqpinxyjqrqp.supabase.co/storage/v1/object/public/covers/b22b97b2-4262-4786-860f-1884fd1036e3/map-previews/fe2919ab-a766-4111-960e-e00da9f232e1.webp?v=48294,YES,YES,YES,NOT_DISPLAYED,,/home/ubuntu/browser_html/worldos_cc_maps_1787653893171.html
全部,806,日本,Grimm,/zh-cn/worlds/jap-n-i7bv,/worlds/jap-n-i7bv,YES,https://qunsyxsdbqpinxyjqrqp.supabase.co/storage/v1/object/public/covers/6d0cdd49-7cbe-49b0-8d87-c4d248360881/map-previews/2026aaaa-0000-4000-8000-000000000001.webp?v=19310,YES,YES,YES,NOT_DISPLAYED,,/home/ubuntu/browser_html/worldos_cc_maps_1787653893171.html
全部,807,权力的游戏模拟器(冰与火之歌),Ary2,/zh-cn/worlds/westeros-nhzo,/worlds/westeros-nhzo,YES,https://qunsyxsdbqpinxyjqrqp.supabase.co/storage/v1/object/public/covers/6d0cdd49-7cbe-49b0-8d87-c4d248360881/map-previews/a50f1c33-0a17-4000-8b00-000000000003.webp?v=5130,YES,YES,YES,NOT_DISPLAYED,,/home/ubuntu/browser_html/worldos_cc_maps_1787653893171.html
全部,808,皮囊 2007,Georgia Murphy,/zh-cn/worlds/skins-2007-8cs7,/worlds/skins-2007-8cs7,YES,https://qunsyxsdbqpinxyjqrqp.supabase.co/storage/v1/object/public/covers/6d0cdd49-7cbe-49b0-8d87-c4d248360881/map-previews/22222222-2222-2222-2222-222222222222.webp?v=23294,YES,YES,YES,NOT_DISPLAYED,,/home/ubuntu/browser_html/worldos_cc_maps_1787653893171.html
全部,809,鬼灭之刃模拟器,Yuls López,/zh-cn/worlds/demon-slayer-simulator-w1z5,/worlds/demon-slayer-simulator-w1z5,YES,/maps/demon-slayer-japan.webp,YES,YES,YES,NOT_DISPLAYED,,/home/ubuntu/browser_html/worldos_cc_maps_1787653893171.html
全部,810,二战：1935世界,Georgia Murphy,/zh-cn/worlds/ww2-world-1935-bd2n,/worlds/ww2-world-1935-bd2n,YES,https://qunsyxsdbqpinxyjqrqp.supabase.co/storage/v1/object/public/covers/6d0cdd49-7cbe-49b0-8d87-c4d248360881/map-previews/22222222-2222-2222-2222-222222222222.webp?v=23294,YES,YES,YES,NOT_DISPLAYED,,/home/ubuntu/browser_html/worldos_cc_maps_1787653893171.html
全部,811,鬼灭模拟器,Avril Pascucci,/zh-cn/worlds/demon-slayer-simulator-i0wp,/worlds/demon-slayer-simulator-i0wp,YES,/maps/demon-slayer-japan.webp,YES,YES,YES,NOT_DISPLAYED,,/home/ubuntu/browser_html/worldos_cc_maps_1787653893171.html
全部,812,权力的游戏：血龙狂舞,Daella,/zh-cn/worlds/a-game-of-thrones-dance-of-the-dragons-vt31,/worlds/a-game-of-thrones-dance-of-the-dragons-vt31,YES,https://qunsyxsdbqpinxyjqrqp.supabase.co/storage/v1/object/public/covers/6d0cdd49-7cbe-49b0-8d87-c4d248360881/map-previews/a50f1c33-0a17-4000-8b00-000000000003.webp?v=5130,YES,YES,YES,NOT_DISPLAYED,,/home/ubuntu/browser_html/worldos_cc_maps_1787653893171.html
全部,813,赤壁,Yamileth Santos valdez,/zh-cn/worlds/chibi-uwmd,/worlds/chibi-uwmd,YES,/maps/demon-slayer-japan.webp,YES,YES,YES,NOT_DISPLAYED,,/home/ubuntu/browser_html/worldos_cc_maps_1787653893171.html
全部,814,鬼灭之刃模拟器 副本,lijiu394,/zh-cn/worlds/demon-slayer-simulator-44na,/worlds/demon-slayer-simulator-44na,YES,/maps/demon-slayer-japan.webp,YES,YES,YES,NOT_DISPLAYED,,/home/ubuntu/browser_html/worldos_cc_maps_1787653893171.html
全部,815,现代 2026,Pepe Naldo,/zh-cn/worlds/modern-day-2026-qyc2,/worlds/modern-day-2026-qyc2,YES,https://qunsyxsdbqpinxyjqrqp.supabase.co/storage/v1/object/public/covers/6d0cdd49-7cbe-49b0-8d87-c4d248360881/map-previews/2026aaaa-0000-4000-8000-000000000001.webp?v=19310,YES,YES,YES,NOT_DISPLAYED,,/home/ubuntu/browser_html/worldos_cc_maps_1787653893171.html
全部,816,鬼灭之刃模拟器,Ale222xxx,/zh-cn/worlds/demon-slayer-simulator-ytic,/worlds/demon-slayer-simulator-ytic,YES,/maps/demon-slayer-japan.webp,YES,YES,YES,NOT_DISPLAYED,,/home/ubuntu/browser_html/worldos_cc_maps_1787653893171.html
全部,817,现代世界 2026,jennyfsol2,/zh-cn/worlds/modern-day-k4f9,/worlds/modern-day-k4f9,YES,https://qunsyxsdbqpinxyjqrqp.supabase.co/storage/v1/object/public/covers/6d0cdd49-7cbe-49b0-8d87-c4d248360881/map-previews/2026aaaa-0000-4000-8000-000000000001.webp?v=19310,YES,YES,YES,NOT_DISPLAYED,,/home/ubuntu/browser_html/worldos_cc_maps_1787653893171.html
全部,818,现代篇 2026,Pepe Naldo,/zh-cn/worlds/modern-day-2026-are7,/worlds/modern-day-2026-are7,YES,https://qunsyxsdbqpinxyjqrqp.supabase.co/storage/v1/object/public/covers/6d0cdd49-7cbe-49b0-8d87-c4d248360881/map-previews/2026aaaa-0000-4000-8000-000000000001.webp?v=19310,YES,YES,YES,NOT_DISPLAYED,,/home/ubuntu/browser_html/worldos_cc_maps_1787653893171.html
全部,819,鬼灭之刃模拟器,Chat gpt,/zh-cn/worlds/demon-slayer-simulator-68m1,/worlds/demon-slayer-simulator-68m1,YES,/maps/demon-slayer-japan.webp,YES,YES,YES,NOT_DISPLAYED,,/home/ubuntu/browser_html/worldos_cc_maps_1787653893171.html
全部,820,Demon Slayer Simulator Copia,Keny-2c073f,/zh-cn/worlds/demon-slayer-simulator-ogro,/worlds/demon-slayer-simulator-ogro,YES,/maps/demon-slayer-japan.webp,YES,YES,YES,NOT_DISPLAYED,,/home/ubuntu/browser_html/worldos_cc_maps_1787653893171.html
全部,821,鬼灭之刃模拟器,felixfranciscocendejasmata708,/zh-cn/worlds/demon-slayer-simulator-dk1l,/worlds/demon-slayer-simulator-dk1l,YES,/maps/demon-slayer-japan.webp,YES,YES,YES,NOT_DISPLAYED,,/home/ubuntu/browser_html/worldos_cc_maps_1787653893171.html
全部,822,权力的游戏（冰与火之歌）,Yeisi Villarreal,/zh-cn/worlds/juego-de-tronos-canci-n-de-hielo-y-fuego-vdr0,/worlds/juego-de-tronos-canci-n-de-hielo-y-fuego-vdr0,YES,https://qunsyxsdbqpinxyjqrqp.supabase.co/storage/v1/object/public/covers/6d0cdd49-7cbe-49b0-8d87-c4d248360881/map-previews/a50f1c33-0a17-4000-8b00-000000000003.webp?v=5130,YES,YES,YES,NOT_DISPLAYED,,/home/ubuntu/browser_html/worldos_cc_maps_1787653893171.html
全部,823,卢卡,Luka Medina,/zh-cn/worlds/luka-6iey,/worlds/luka-6iey,YES,https://qunsyxsdbqpinxyjqrqp.supabase.co/storage/v1/object/public/covers/006de0e1-4f07-4b06-9042-75fc4ada367e/map-previews/ac941843-0215-431d-95b6-df45a711eac6.webp?v=19364,YES,YES,YES,NOT_DISPLAYED,,/home/ubuntu/browser_html/worldos_cc_maps_1787653893171.html
全部,824,权力的游戏模拟器(冰与火之歌),made33,/zh-cn/worlds/westeros-y0uw,/worlds/westeros-y0uw,YES,https://qunsyxsdbqpinxyjqrqp.supabase.co/storage/v1/object/public/covers/2dec12a0-2db5-4ae3-9f53-73e9c5f1f8a1/map-previews/1df31dd1-cbcd-45fa-b003-e8c5451c95bb.webp?v=5142,YES,YES,YES,NOT_DISPLAYED,,/home/ubuntu/browser_html/worldos_cc_maps_1787653893171.html
全部,825,怪诞小镇：斯坦福疯狂AU,Emma Williams,/zh-cn/worlds/gravity-falls-insanity-ford-au-198q,/worlds/gravity-falls-insanity-ford-au-198q,YES,https://qunsyxsdbqpinxyjqrqp.supabase.co/storage/v1/object/public/covers/c61fb126-89ee-4760-b5a4-cc533c565fda/map-previews/6649b744-4c72-40d4-b80f-b6a162ad0d15.webp?v=15502,YES,YES,YES,NOT_DISPLAYED,,/home/ubuntu/browser_html/worldos_cc_maps_1787653893171.html
全部,826,Ggvva,Sebastian El mejor taquero,/zh-cn/worlds/ggvva-3xil,/worlds/ggvva-3xil,YES,https://qunsyxsdbqpinxyjqrqp.supabase.co/storage/v1/object/public/covers/6d0cdd49-7cbe-49b0-8d87-c4d248360881/map-previews/2026aaaa-0000-4000-8000-000000000001.webp?v=19310,YES,YES,YES,NOT_DISPLAYED,,/home/ubuntu/browser_html/worldos_cc_maps_1787653893171.html
全部,827,鬼灭模拟器,Tyler Johnson,/zh-cn/worlds/demon-slayer-simulator-5zzu,/worlds/demon-slayer-simulator-5zzu,YES,/maps/demon-slayer-japan.webp,YES,YES,YES,NOT_DISPLAYED,,/home/ubuntu/browser_html/worldos_cc_maps_1787653893171.html
全部,828,现代 2026,Soe.Htur,/zh-cn/worlds/modern-day-2026-ha9c,/worlds/modern-day-2026-ha9c,YES,https://qunsyxsdbqpinxyjqrqp.supabase.co/storage/v1/object/public/covers/6d0cdd49-7cbe-49b0-8d87-c4d248360881/map-previews/2026aaaa-0000-4000-8000-000000000001.webp?v=19310,YES,YES,YES,NOT_DISPLAYED,,/home/ubuntu/browser_html/worldos_cc_maps_1787653893171.html
全部,829,权力的游戏模拟器(冰与火之歌),Aismar aquino,/zh-cn/worlds/westeros-2jmh,/worlds/westeros-2jmh,YES,https://qunsyxsdbqpinxyjqrqp.supabase.co/storage/v1/object/public/covers/6d0cdd49-7cbe-49b0-8d87-c4d248360881/map-previews/a50f1c33-0a17-4000-8b00-000000000003.webp?v=5130,YES,YES,YES,NOT_DISPLAYED,,/home/ubuntu/browser_html/worldos_cc_maps_1787653893171.html
全部,830,历史,Carolina Del norte,/zh-cn/worlds/historia-cthg,/worlds/historia-cthg,YES,https://qunsyxsdbqpinxyjqrqp.supabase.co/storage/v1/object/public/covers/75318171-0501-4776-9434-71fe0cd71272/map-previews/62949cdc-9657-4547-86d1-d14e7ae0b8f5.webp?v=19364,YES,YES,YES,NOT_DISPLAYED,,/home/ubuntu/browser_html/worldos_cc_maps_1787653893171.html
全部,831,三国模拟器,Neus Azule,/zh-cn/worlds/simulador-de-los-tres-reinos-52ow,/worlds/simulador-de-los-tres-reinos-52ow,YES,https://qunsyxsdbqpinxyjqrqp.supabase.co/storage/v1/object/public/covers/6d0cdd49-7cbe-49b0-8d87-c4d248360881/map-previews/f4a7d133-0a17-4000-8b00-000000000004.webp?v=48286,YES,YES,YES,NOT_DISPLAYED,,/home/ubuntu/browser_html/worldos_cc_maps_1787653893171.html
全部,832,现代 2026,Karmantic,/zh-cn/worlds/modern-day-2026-vwk5,/worlds/modern-day-2026-vwk5,YES,https://qunsyxsdbqpinxyjqrqp.supabase.co/storage/v1/object/public/covers/6d0cdd49-7cbe-49b0-8d87-c4d248360881/map-previews/2026aaaa-0000-4000-8000-000000000001.webp?v=19310,YES,YES,YES,NOT_DISPLAYED,,/home/ubuntu/browser_html/worldos_cc_maps_1787653893171.html
全部,833,第二次世界大战：1935世界,̸༘Nini౨ৎ,/zh-cn/worlds/segunda-guerra-mundial-mundo-1935-wt3x,/worlds/segunda-guerra-mundial-mundo-1935-wt3x,YES,https://qunsyxsdbqpinxyjqrqp.supabase.co/storage/v1/object/public/covers/6d0cdd49-7cbe-49b0-8d87-c4d248360881/map-previews/22222222-2222-2222-2222-222222222222.webp?v=23294,YES,YES,YES,NOT_DISPLAYED,,/home/ubuntu/browser_html/worldos_cc_maps_1787653893171.html
全部,834,Jjaj,Ximena Rodriguez-3a1d10,/zh-cn/worlds/jjaj-06hy,/worlds/jjaj-06hy,YES,https://qunsyxsdbqpinxyjqrqp.supabase.co/storage/v1/object/public/covers/3a1d100e-efc5-4b0b-b78d-6635cd22bb72/map-previews/bc3c9a79-5fa7-4c65-a561-c8210379a3d5.webp?v=19364,YES,YES,YES,NOT_DISPLAYED,,/home/ubuntu/browser_html/worldos_cc_maps_1787653893171.html
全部,835,BTS,Verónica Tutillo,/zh-cn/worlds/bts-2fxx,/worlds/bts-2fxx,YES,https://qunsyxsdbqpinxyjqrqp.supabase.co/storage/v1/object/public/covers/72be6f5d-c439-4c38-b82b-9e9dcfc17952/map-previews/1ca84369-09a5-4b16-b877-9d962bad993d.webp?v=16374,YES,YES,YES,NOT_DISPLAYED,,/home/ubuntu/browser_html/worldos_cc_maps_1787653893171.html
全部,836,Penne,Luna-44eafb,/zh-cn/worlds/penne-yulh,/worlds/penne-yulh,YES,https://qunsyxsdbqpinxyjqrqp.supabase.co/storage/v1/object/public/covers/6d0cdd49-7cbe-49b0-8d87-c4d248360881/map-previews/2026aaaa-0000-4000-8000-000000000001.webp?v=19310,YES,YES,YES,NOT_DISPLAYED,,/home/ubuntu/browser_html/worldos_cc_maps_1787653893171.html
全部,837,鬼灭模拟器,Marlon Arenas,/zh-cn/worlds/demon-slayer-simulator-hric,/worlds/demon-slayer-simulator-hric,YES,/maps/demon-slayer-japan.webp,YES,YES,YES,NOT_DISPLAYED,,/home/ubuntu/browser_html/worldos_cc_maps_1787653893171.html
全部,838,二战模拟器,Mr.chisme,/zh-cn/worlds/ww2-qaik,/worlds/ww2-qaik,YES,https://qunsyxsdbqpinxyjqrqp.supabase.co/storage/v1/object/public/covers/6d0cdd49-7cbe-49b0-8d87-c4d248360881/map-previews/22222222-2222-2222-2222-222222222222.webp?v=23294,YES,YES,YES,NOT_DISPLAYED,,/home/ubuntu/browser_html/worldos_cc_maps_1787653893171.html
全部,839,欧米伽世界,jimena stylinson,/zh-cn/worlds/omegaverse-xpli,/worlds/omegaverse-xpli,YES,https://qunsyxsdbqpinxyjqrqp.supabase.co/storage/v1/object/public/covers/6d0cdd49-7cbe-49b0-8d87-c4d248360881/map-previews/2026aaaa-0000-4000-8000-000000000001.webp?v=19310,YES,YES,YES,NOT_DISPLAYED,,/home/ubuntu/browser_html/worldos_cc_maps_1787653893171.html
全部,840,三国模拟器 副本,wsh200808252024,/zh-cn/worlds/sanguo-warlords-kiil,/worlds/sanguo-warlords-kiil,YES,https://qunsyxsdbqpinxyjqrqp.supabase.co/storage/v1/object/public/covers/6d0cdd49-7cbe-49b0-8d87-c4d248360881/map-previews/f4a7d133-0a17-4000-8b00-000000000004.webp?v=48286,YES,YES,YES,NOT_DISPLAYED,,/home/ubuntu/browser_html/worldos_cc_maps_1787653893171.html
全部,841,现代 2026,unf414062,/zh-cn/worlds/modern-day-2026-0rjs,/worlds/modern-day-2026-0rjs,YES,https://qunsyxsdbqpinxyjqrqp.supabase.co/storage/v1/object/public/covers/6d0cdd49-7cbe-49b0-8d87-c4d248360881/map-previews/2026aaaa-0000-4000-8000-000000000001.webp?v=19310,YES,YES,YES,NOT_DISPLAYED,,/home/ubuntu/browser_html/worldos_cc_maps_1787653893171.html
全部,842,第二次世界大战：1935年世界,Luther,/zh-cn/worlds/segunda-guerra-mundial-mundo-1935-jj01,/worlds/segunda-guerra-mundial-mundo-1935-jj01,YES,https://qunsyxsdbqpinxyjqrqp.supabase.co/storage/v1/object/public/covers/6d0cdd49-7cbe-49b0-8d87-c4d248360881/map-previews/22222222-2222-2222-2222-222222222222.webp?v=23294,YES,YES,YES,NOT_DISPLAYED,,/home/ubuntu/browser_html/worldos_cc_maps_1787653893171.html
全部,843,鬼灭模拟器,Steph-ab6c44,/zh-cn/worlds/demon-slayer-simulator-ejxq,/worlds/demon-slayer-simulator-ejxq,YES,/maps/demon-slayer-japan.webp,YES,YES,YES,NOT_DISPLAYED,,/home/ubuntu/browser_html/worldos_cc_maps_1787653893171.html
全部,844,冷战模拟器,Escartor López,/zh-cn/worlds/cold-war-e2xr,/worlds/cold-war-e2xr,YES,https://qunsyxsdbqpinxyjqrqp.supabase.co/storage/v1/object/public/covers/6d0cdd49-7cbe-49b0-8d87-c4d248360881/map-previews/c01d1947-0000-4000-8000-000000000001.webp?v=29408,YES,YES,YES,NOT_DISPLAYED,,/home/ubuntu/browser_html/worldos_cc_maps_1787653893171.html
全部,845,确定,Vicente Aravena,/zh-cn/worlds/seguro-4nse,/worlds/seguro-4nse,YES,https://qunsyxsdbqpinxyjqrqp.supabase.co/storage/v1/object/public/covers/8c723a86-0606-475d-a905-7174a72b9f84/map-previews/d6813e73-d6bc-41b1-91d0-fbd1f96de968.webp?v=23238,YES,YES,YES,NOT_DISPLAYED,,/home/ubuntu/browser_html/worldos_cc_maps_1787653893171.html
全部,846,鬼灭之刃模拟器,Sandiaaa🌺🍉,/zh-cn/worlds/demon-slayer-simulator-ceup,/worlds/demon-slayer-simulator-ceup,YES,/maps/demon-slayer-japan.webp,YES,YES,YES,NOT_DISPLAYED,,/home/ubuntu/browser_html/worldos_cc_maps_1787653893171.html
全部,847,鬼灭之刃,Vicente Aravena,/zh-cn/worlds/demon-slayer-v4kd,/worlds/demon-slayer-v4kd,YES,/maps/demon-slayer-japan.webp,YES,YES,YES,NOT_DISPLAYED,,/home/ubuntu/browser_html/worldos_cc_maps_1787653893171.html
全部,848,二战模拟器,Camila Torres,/zh-cn/worlds/ww2-38yo,/worlds/ww2-38yo,YES,https://qunsyxsdbqpinxyjqrqp.supabase.co/storage/v1/object/public/covers/6d0cdd49-7cbe-49b0-8d87-c4d248360881/map-previews/22222222-2222-2222-2222-222222222222.webp?v=23294,YES,YES,YES,NOT_DISPLAYED,,/home/ubuntu/browser_html/worldos_cc_maps_1787653893171.html
全部,849,第二次世界大战：1935世界,Sevendepan De perro,/zh-cn/worlds/segunda-guerra-mundial-mundo-1935-ubu9,/worlds/segunda-guerra-mundial-mundo-1935-ubu9,YES,https://qunsyxsdbqpinxyjqrqp.supabase.co/storage/v1/object/public/covers/6d0cdd49-7cbe-49b0-8d87-c4d248360881/map-previews/22222222-2222-2222-2222-222222222222.webp?v=23294,YES,YES,YES,NOT_DISPLAYED,,/home/ubuntu/browser_html/worldos_cc_maps_1787653893171.html
全部,850,权力的游戏模拟器(冰与火之歌),Valentina Rodriguez,/zh-cn/worlds/westeros-p3wo,/worlds/westeros-p3wo,YES,https://qunsyxsdbqpinxyjqrqp.supabase.co/storage/v1/object/public/covers/6d0cdd49-7cbe-49b0-8d87-c4d248360881/map-previews/a50f1c33-0a17-4000-8b00-000000000003.webp?v=5130,YES,YES,YES,NOT_DISPLAYED,,/home/ubuntu/browser_html/worldos_cc_maps_1787653893171.html
全部,851,鬼灭之刃模拟器,Tsuki Maluma,/zh-cn/worlds/demon-slayer-simulator-5k75,/worlds/demon-slayer-simulator-5k75,YES,/maps/demon-slayer-japan.webp,YES,YES,YES,NOT_DISPLAYED,,/home/ubuntu/browser_html/worldos_cc_maps_1787653893171.html
全部,852,真诚之美,Sevendepan De perro,/zh-cn/worlds/belleza-verdadera-xcx5,/worlds/belleza-verdadera-xcx5,YES,https://qunsyxsdbqpinxyjqrqp.supabase.co/storage/v1/object/public/covers/cab2ee56-6564-49a9-a4b7-1ef9ab2265cb/map-previews/10a7f086-b2d0-473a-86d0-0f83c3f47268.webp?v=5142,YES,YES,YES,NOT_DISPLAYED,,/home/ubuntu/browser_html/worldos_cc_maps_1787653893171.html
全部,853,鬼灭之刃模拟器,PEPITO8K,/zh-cn/worlds/demon-slayer-simulator-epgl,/worlds/demon-slayer-simulator-epgl,YES,/maps/demon-slayer-japan.webp,YES,YES,YES,NOT_DISPLAYED,,/home/ubuntu/browser_html/worldos_cc_maps_1787653893171.html
全部,854,鬼灭之刃模拟器,PEPITO8K,/zh-cn/worlds/demon-slayer-simulator-7aiw,/worlds/demon-slayer-simulator-7aiw,YES,/maps/demon-slayer-japan.webp,YES,YES,YES,NOT_DISPLAYED,,/home/ubuntu/browser_html/worldos_cc_maps_1787653893171.html
全部,855,二战：1935世界,Cassiel Arlette,/zh-cn/worlds/ww2-world-1935-kme5,/worlds/ww2-world-1935-kme5,YES,https://qunsyxsdbqpinxyjqrqp.supabase.co/storage/v1/object/public/covers/6d0cdd49-7cbe-49b0-8d87-c4d248360881/map-previews/8c98b8bf-7fd7-4079-b4f0-ceffc88da896.webp?v=23294,YES,YES,YES,NOT_DISPLAYED,,/home/ubuntu/browser_html/worldos_cc_maps_1787653893171.html
全部,856,新城镇,Evelyn Cibau,/zh-cn/worlds/new-town-xest,/worlds/new-town-xest,YES,https://qunsyxsdbqpinxyjqrqp.supabase.co/storage/v1/object/public/covers/7c5b208a-6a98-42d5-8fa8-d95356fc0218/map-previews/4ce4fc95-5e25-4c48-9ab8-2e88af4b3ba7.webp?v=19364,YES,YES,YES,NOT_DISPLAYED,,/home/ubuntu/browser_html/worldos_cc_maps_1787653893171.html
全部,857,Demon Slayer Simulator Copy,Misaki Brownbear,/zh-cn/worlds/demon-slayer-simulator-mu8c,/worlds/demon-slayer-simulator-mu8c,YES,/maps/demon-slayer-japan.webp,YES,YES,YES,NOT_DISPLAYED,,/home/ubuntu/browser_html/worldos_cc_maps_1787653893171.html
全部,858,权力的游戏,Matelu,/zh-cn/worlds/got-wy1y,/worlds/got-wy1y,YES,https://qunsyxsdbqpinxyjqrqp.supabase.co/storage/v1/object/public/covers/6d0cdd49-7cbe-49b0-8d87-c4d248360881/map-previews/a50f1c33-0a17-4000-8b00-000000000003.webp?v=5130,YES,YES,YES,NOT_DISPLAYED,,/home/ubuntu/browser_html/worldos_cc_maps_1787653893171.html
全部,859,三国模拟器,lely4358,/zh-cn/worlds/simulador-de-los-tres-reinos-2jxz,/worlds/simulador-de-los-tres-reinos-2jxz,YES,https://qunsyxsdbqpinxyjqrqp.supabase.co/storage/v1/object/public/covers/6d0cdd49-7cbe-49b0-8d87-c4d248360881/map-previews/f4a7d133-0a17-4000-8b00-000000000004.webp?v=48286,YES,YES,YES,NOT_DISPLAYED,,/home/ubuntu/browser_html/worldos_cc_maps_1787653893171.html
全部,860,鬼杀模拟器,DeathcorzZ,/zh-cn/worlds/demon-slayer-simulator-4ypj,/worlds/demon-slayer-simulator-4ypj,YES,/maps/demon-slayer-japan.webp,YES,YES,YES,NOT_DISPLAYED,,/home/ubuntu/browser_html/worldos_cc_maps_1787653893171.html
全部,861,Em,More Lucero,/zh-cn/worlds/em-66e6,/worlds/em-66e6,YES,https://qunsyxsdbqpinxyjqrqp.supabase.co/storage/v1/object/public/covers/fbb3c935-209f-442b-982c-93e0e82b3fa9/map-previews/c191fa27-b6e3-4eef-9d40-e12a09244c6d.webp?v=70106,YES,YES,YES,NOT_DISPLAYED,,/home/ubuntu/browser_html/worldos_cc_maps_1787653893171.html
全部,862,鬼灭之刃模拟器,Iris Vanessa,/zh-cn/worlds/demon-slayer-simulator-t31u,/worlds/demon-slayer-simulator-t31u,YES,https://qunsyxsdbqpinxyjqrqp.supabase.co/storage/v1/object/public/covers/02b8a286-187e-4450-921a-e7578914cafa/map-previews/fe32cafe-2272-490b-88ef-e32c5ac400e3.webp?v=8350,YES,YES,YES,NOT_DISPLAYED,,/home/ubuntu/browser_html/worldos_cc_maps_1787653893171.html
全部,863,Demon Slayer Simulator Copia,Nekoneko,/zh-cn/worlds/demon-slayer-simulator-uirg,/worlds/demon-slayer-simulator-uirg,YES,/maps/demon-slayer-japan.webp,YES,YES,YES,NOT_DISPLAYED,,/home/ubuntu/browser_html/worldos_cc_maps_1787653893171.html
全部,864,鬼灭之刃模拟器,Aki Lr,/zh-cn/worlds/demon-slayer-simulator-pjp1,/worlds/demon-slayer-simulator-pjp1,YES,/maps/demon-slayer-japan.webp,YES,YES,YES,NOT_DISPLAYED,,/home/ubuntu/browser_html/worldos_cc_maps_1787653893171.html
全部,865,鬼灭之刃模拟器,kiara maureen Vargas paez,/zh-cn/worlds/demon-slayer-simulator-ivos,/worlds/demon-slayer-simulator-ivos,YES,/maps/demon-slayer-japan.webp,YES,YES,YES,NOT_DISPLAYED,,/home/ubuntu/browser_html/worldos_cc_maps_1787653893171.html
全部,866,鬼灭之刃模拟器,Hanae,/zh-cn/worlds/demon-slayer-simulator-09sx,/worlds/demon-slayer-simulator-09sx,YES,/maps/demon-slayer-japan.webp,YES,YES,YES,NOT_DISPLAYED,,/home/ubuntu/browser_html/worldos_cc_maps_1787653893171.html
全部,867,鬼灭之刃模拟器,Hanae,/zh-cn/worlds/demon-slayer-simulator-sc06,/worlds/demon-slayer-simulator-sc06,YES,/maps/demon-slayer-japan.webp,YES,YES,YES,NOT_DISPLAYED,,/home/ubuntu/browser_html/worldos_cc_maps_1787653893171.html
全部,868,鬼灭之刃模拟器,Hanae,/zh-cn/worlds/demon-slayer-simulator-a3dw,/worlds/demon-slayer-simulator-a3dw,YES,/maps/demon-slayer-japan.webp,YES,YES,YES,NOT_DISPLAYED,,/home/ubuntu/browser_html/worldos_cc_maps_1787653893171.html
全部,869,鬼灭之刃模拟器,Leyla Guerra,/zh-cn/worlds/demon-slayer-simulator-45sp,/worlds/demon-slayer-simulator-45sp,YES,/maps/demon-slayer-japan.webp,YES,YES,YES,NOT_DISPLAYED,,/home/ubuntu/browser_html/worldos_cc_maps_1787653893171.html
全部,870,蝙蝠家族大冒险,Licy Lopez,/zh-cn/worlds/batfamily-adventures-y2th,/worlds/batfamily-adventures-y2th,YES,https://qunsyxsdbqpinxyjqrqp.supabase.co/storage/v1/object/public/covers/896ef9fe-7ab0-46d8-8da5-2f9d5af1413a/map-previews/f5d5aa5a-0c9d-43d9-97d5-47656d69a265.webp?v=83596,YES,YES,YES,NOT_DISPLAYED,,/home/ubuntu/browser_html/worldos_cc_maps_1787653893171.html
全部,871,Demon Slayer Simulator Copia,Janyurit,/zh-cn/worlds/demon-slayer-simulator-yq9s,/worlds/demon-slayer-simulator-yq9s,YES,/maps/demon-slayer-japan.webp,YES,YES,YES,NOT_DISPLAYED,,/home/ubuntu/browser_html/worldos_cc_maps_1787653893171.html
全部,872,2026,Jaze,/zh-cn/worlds/2026-mn2e,/worlds/2026-mn2e,YES,https://qunsyxsdbqpinxyjqrqp.supabase.co/storage/v1/object/public/covers/6d0cdd49-7cbe-49b0-8d87-c4d248360881/map-previews/2026aaaa-0000-4000-8000-000000000001.webp?v=19310,YES,YES,YES,NOT_DISPLAYED,,/home/ubuntu/browser_html/worldos_cc_maps_1787653893171.html
全部,873,二战：1935世界,Ria,/zh-cn/worlds/ww2-world-1935-itl7,/worlds/ww2-world-1935-itl7,YES,https://qunsyxsdbqpinxyjqrqp.supabase.co/storage/v1/object/public/covers/6d0cdd49-7cbe-49b0-8d87-c4d248360881/map-previews/22222222-2222-2222-2222-222222222222.webp?v=23294,YES,YES,YES,NOT_DISPLAYED,,/home/ubuntu/browser_html/worldos_cc_maps_1787653893171.html
全部,874,鬼灭之刃模拟器,Jazmin Salvador Ibarra,/zh-cn/worlds/demon-slayer-simulator-1wcv,/worlds/demon-slayer-simulator-1wcv,YES,/maps/demon-slayer-japan.webp,YES,YES,YES,NOT_DISPLAYED,,/home/ubuntu/browser_html/worldos_cc_maps_1787653893171.html
全部,875,鬼灭之刃模拟器,Jazmin Salvador Ibarra,/zh-cn/worlds/demon-slayer-simulator-1b8o,/worlds/demon-slayer-simulator-1b8o,YES,/maps/demon-slayer-japan.webp,YES,YES,YES,NOT_DISPLAYED,,/home/ubuntu/browser_html/worldos_cc_maps_1787653893171.html
全部,876,权力的游戏（冰与火之歌）,Candela Gómez García,/zh-cn/worlds/juego-de-tronos-canci-n-de-hielo-y-fuego-lvs3,/worlds/juego-de-tronos-canci-n-de-hielo-y-fuego-lvs3,YES,https://qunsyxsdbqpinxyjqrqp.supabase.co/storage/v1/object/public/covers/6d0cdd49-7cbe-49b0-8d87-c4d248360881/map-previews/a50f1c33-0a17-4000-8b00-000000000003.webp?v=5130,YES,YES,YES,NOT_DISPLAYED,,/home/ubuntu/browser_html/worldos_cc_maps_1787653893171.html
全部,877,Ff,Less,/zh-cn/worlds/ff-ilst,/worlds/ff-ilst,YES,https://qunsyxsdbqpinxyjqrqp.supabase.co/storage/v1/object/public/covers/6d0cdd49-7cbe-49b0-8d87-c4d248360881/map-previews/2026aaaa-0000-4000-8000-000000000001.webp?v=19310,YES,YES,YES,NOT_DISPLAYED,,/home/ubuntu/browser_html/worldos_cc_maps_1787653893171.html
全部,878,二战模拟器,Paloma Manzanero,/zh-cn/worlds/ww2-uelg,/worlds/ww2-uelg,YES,https://qunsyxsdbqpinxyjqrqp.supabase.co/storage/v1/object/public/covers/6d0cdd49-7cbe-49b0-8d87-c4d248360881/map-previews/22222222-2222-2222-2222-222222222222.webp?v=23294,YES,YES,YES,NOT_DISPLAYED,,/home/ubuntu/browser_html/worldos_cc_maps_1787653893171.html
全部,879,权力的游戏（冰与火之歌）,Ximena Garcia,/zh-cn/worlds/juego-de-tronos-canci-n-de-hielo-y-fuego-zvwx,/worlds/juego-de-tronos-canci-n-de-hielo-y-fuego-zvwx,YES,https://qunsyxsdbqpinxyjqrqp.supabase.co/storage/v1/object/public/covers/977a944b-1716-4b4a-899d-8fabc59bc6e4/map-previews/83d86c4e-2fcf-4cee-bf42-81464bb8c496.webp?v=5142,YES,YES,YES,NOT_DISPLAYED,,/home/ubuntu/browser_html/worldos_cc_maps_1787653893171.html
全部,880,BNH-1,Itzel lagos,/zh-cn/worlds/bnh-1-atah,/worlds/bnh-1-atah,YES,https://qunsyxsdbqpinxyjqrqp.supabase.co/storage/v1/object/public/covers/30358954-acc3-4c89-ba57-ecb4e36636fd/map-previews/256c30f4-fc2d-4816-8bd0-bd137bafe88c.webp?v=19364,YES,YES,YES,NOT_DISPLAYED,,/home/ubuntu/browser_html/worldos_cc_maps_1787653893171.html
全部,881,权力的游戏模拟器(冰与火之歌),espupi,/zh-cn/worlds/westeros-vhgq,/worlds/westeros-vhgq,YES,https://qunsyxsdbqpinxyjqrqp.supabase.co/storage/v1/object/public/covers/6d0cdd49-7cbe-49b0-8d87-c4d248360881/map-previews/a50f1c33-0a17-4000-8b00-000000000003.webp?v=5130,YES,YES,YES,NOT_DISPLAYED,,/home/ubuntu/browser_html/worldos_cc_maps_1787653893171.html
全部,882,鬼灭之刃模拟器,eydan David,/zh-cn/worlds/demon-slayer-simulator-97gt,/worlds/demon-slayer-simulator-97gt,YES,/maps/demon-slayer-japan.webp,YES,YES,YES,NOT_DISPLAYED,,/home/ubuntu/browser_html/worldos_cc_maps_1787653893171.html
全部,883,美国,Gato gordo-084b22,/zh-cn/worlds/estados-unidos-n6z8,/worlds/estados-unidos-n6z8,YES,https://qunsyxsdbqpinxyjqrqp.supabase.co/storage/v1/object/public/covers/6d0cdd49-7cbe-49b0-8d87-c4d248360881/map-previews/c1710000-0000-4000-8000-000000000001.webp?v=25546,YES,YES,YES,NOT_DISPLAYED,,/home/ubuntu/browser_html/worldos_cc_maps_1787653893171.html
全部,884,世界,Gato gordo-084b22,/zh-cn/worlds/mundo-apuf,/worlds/mundo-apuf,YES,https://qunsyxsdbqpinxyjqrqp.supabase.co/storage/v1/object/public/covers/6d0cdd49-7cbe-49b0-8d87-c4d248360881/map-previews/2026aaaa-0000-4000-8000-000000000001.webp?v=19310,YES,YES,YES,NOT_DISPLAYED,,/home/ubuntu/browser_html/worldos_cc_maps_1787653893171.html
全部,885,鬼灭之刃模拟器,Linnn,/zh-cn/worlds/demon-slayer-simulator-e8yu,/worlds/demon-slayer-simulator-e8yu,YES,/maps/demon-slayer-japan.webp,YES,YES,YES,NOT_DISPLAYED,,/home/ubuntu/browser_html/worldos_cc_maps_1787653893171.html
全部,886,⚔️ 中世纪生活 ⚔️,Paulina Carrizo Otero,/zh-cn/worlds/vida-medieval-zvyd,/worlds/vida-medieval-zvyd,YES,https://qunsyxsdbqpinxyjqrqp.supabase.co/storage/v1/object/public/covers/fbb3c935-209f-442b-982c-93e0e82b3fa9/map-previews/c191fa27-b6e3-4eef-9d40-e12a09244c6d.webp?v=70106,YES,YES,YES,NOT_DISPLAYED,,/home/ubuntu/browser_html/worldos_cc_maps_1787653893171.html
全部,887,现代世界,María0928,/zh-cn/worlds/mundo-actual-k72x,/worlds/mundo-actual-k72x,YES,https://qunsyxsdbqpinxyjqrqp.supabase.co/storage/v1/object/public/covers/679b199f-8dc1-4ade-9339-db6b8edf9b0e/map-previews/c7ce0854-7830-4e54-b264-fe17b8ee26df.webp?v=19364,YES,YES,YES,NOT_DISPLAYED,,/home/ubuntu/browser_html/worldos_cc_maps_1787653893171.html
全部,888,1,Camila Gelabert,/zh-cn/worlds/1-3qpb,/worlds/1-3qpb,YES,https://qunsyxsdbqpinxyjqrqp.supabase.co/storage/v1/object/public/covers/6d0cdd49-7cbe-49b0-8d87-c4d248360881/map-previews/2026aaaa-0000-4000-8000-000000000001.webp?v=19310,YES,YES,YES,NOT_DISPLAYED,,/home/ubuntu/browser_html/worldos_cc_maps_1787653893171.html
全部,889,鬼灭模拟器,Carin Valenzuela,/zh-cn/worlds/demon-slayer-simulator-764h,/worlds/demon-slayer-simulator-764h,YES,/maps/demon-slayer-japan.webp,YES,YES,YES,NOT_DISPLAYED,,/home/ubuntu/browser_html/worldos_cc_maps_1787653893171.html
全部,890,二战模拟器,ep312418,/zh-cn/worlds/ww2-cbsb,/worlds/ww2-cbsb,YES,https://qunsyxsdbqpinxyjqrqp.supabase.co/storage/v1/object/public/covers/6d0cdd49-7cbe-49b0-8d87-c4d248360881/map-previews/22222222-2222-2222-2222-222222222222.webp?v=23294,YES,YES,YES,NOT_DISPLAYED,,/home/ubuntu/browser_html/worldos_cc_maps_1787653893171.html
全部,891,权力的游戏模拟器(冰与火之歌),made33,/zh-cn/worlds/westeros-8aor,/worlds/westeros-8aor,YES,https://qunsyxsdbqpinxyjqrqp.supabase.co/storage/v1/object/public/covers/6d0cdd49-7cbe-49b0-8d87-c4d248360881/map-previews/a50f1c33-0a17-4000-8b00-000000000003.webp?v=5130,YES,YES,YES,NOT_DISPLAYED,,/home/ubuntu/browser_html/worldos_cc_maps_1787653893171.html
全部,892,龙之舞（火与血）,made33,/zh-cn/worlds/westeros-2k0j,/worlds/westeros-2k0j,YES,https://qunsyxsdbqpinxyjqrqp.supabase.co/storage/v1/object/public/covers/2dec12a0-2db5-4ae3-9f53-73e9c5f1f8a1/map-previews/7914f7d9-3b55-448c-81be-9a4d61953319.webp?v=5142,YES,YES,YES,NOT_DISPLAYED,,/home/ubuntu/browser_html/worldos_cc_maps_1787653893171.html
全部,893,鬼灭之刃模拟器,GISELLE,/zh-cn/worlds/demon-slayer-simulator-z1bn,/worlds/demon-slayer-simulator-z1bn,YES,/maps/demon-slayer-japan.webp,YES,YES,YES,NOT_DISPLAYED,,/home/ubuntu/browser_html/worldos_cc_maps_1787653893171.html
全部,894,鬼灭之刃模拟器,V3SPER1,/zh-cn/worlds/demon-slayer-simulator-6u52,/worlds/demon-slayer-simulator-6u52,YES,/maps/demon-slayer-japan.webp,YES,YES,YES,NOT_DISPLAYED,,/home/ubuntu/browser_html/worldos_cc_maps_1787653893171.html
全部,895,鬼灭之刃模拟器,V3SPER1,/zh-cn/worlds/demon-slayer-simulator-45lm,/worlds/demon-slayer-simulator-45lm,YES,/maps/demon-slayer-japan.webp,YES,YES,YES,NOT_DISPLAYED,,/home/ubuntu/browser_html/worldos_cc_maps_1787653893171.html
全部,896,鬼灭之刃模拟器,abrahamzeus59,/zh-cn/worlds/demon-slayer-simulator-y8ya,/worlds/demon-slayer-simulator-y8ya,YES,/maps/demon-slayer-japan.webp,YES,YES,YES,NOT_DISPLAYED,,/home/ubuntu/browser_html/worldos_cc_maps_1787653893171.html
全部,897,Sans AU 多元宇宙,Krist,/zh-cn/worlds/sans-au-s-noz7,/worlds/sans-au-s-noz7,YES,https://qunsyxsdbqpinxyjqrqp.supabase.co/storage/v1/object/public/covers/d7a1416a-397f-4ad6-b2f2-b153346e047c/map-previews/bf20142c-0590-4bd0-b1dd-5038c708abe8.webp?v=33740,YES,YES,YES,NOT_DISPLAYED,,/home/ubuntu/browser_html/worldos_cc_maps_1787653893171.html
全部,898,鬼灭之刃模拟器,pistacho,/zh-cn/worlds/demon-slayer-simulator-xmvn,/worlds/demon-slayer-simulator-xmvn,YES,/maps/demon-slayer-japan.webp,YES,YES,YES,NOT_DISPLAYED,,/home/ubuntu/browser_html/worldos_cc_maps_1787653893171.html
全部,899,三国模拟器,major,/zh-cn/worlds/sanguo-warlords-twlc,/worlds/sanguo-warlords-twlc,YES,https://qunsyxsdbqpinxyjqrqp.supabase.co/storage/v1/object/public/covers/6d0cdd49-7cbe-49b0-8d87-c4d248360881/map-previews/f4a7d133-0a17-4000-8b00-000000000004.webp?v=48286,YES,YES,YES,NOT_DISPLAYED,,/home/ubuntu/browser_html/worldos_cc_maps_1787653893171.html
全部,900,鬼灭之刃模拟器,MariAleJC Jimenez Claros,/zh-cn/worlds/demon-slayer-simulator-lua0,/worlds/demon-slayer-simulator-lua0,YES,/maps/demon-slayer-japan.webp,YES,YES,YES,NOT_DISPLAYED,,/home/ubuntu/browser_html/worldos_cc_maps_1787653893171.html
全部,901,龙之舞（火与血）,made33,/zh-cn/worlds/westeros-leek,/worlds/westeros-leek,YES,https://qunsyxsdbqpinxyjqrqp.supabase.co/storage/v1/object/public/covers/2dec12a0-2db5-4ae3-9f53-73e9c5f1f8a1/map-previews/fb658c85-2601-4d63-9805-792f2adcd946.webp?v=94220,YES,YES,YES,NOT_DISPLAYED,,/home/ubuntu/browser_html/worldos_cc_maps_1787653893171.html
全部,902,鬼灭之刃模拟器,Tatsu Midoriya,/zh-cn/worlds/demon-slayer-simulator-6c5i,/worlds/demon-slayer-simulator-6c5i,YES,/maps/demon-slayer-japan.webp,YES,YES,YES,NOT_DISPLAYED,,/home/ubuntu/browser_html/worldos_cc_maps_1787653893171.html
全部,903,第二次世界大战：1935世界,Tomas león Blanco Santiago,/zh-cn/worlds/segunda-guerra-mundial-mundo-1935-2lz1,/worlds/segunda-guerra-mundial-mundo-1935-2lz1,YES,https://qunsyxsdbqpinxyjqrqp.supabase.co/storage/v1/object/public/covers/6d0cdd49-7cbe-49b0-8d87-c4d248360881/map-previews/22222222-2222-2222-2222-222222222222.webp?v=23294,YES,YES,YES,NOT_DISPLAYED,,/home/ubuntu/browser_html/worldos_cc_maps_1787653893171.html
全部,904,鬼灭之刃模拟器,Cod,/zh-cn/worlds/demon-slayer-simulator-5hyw,/worlds/demon-slayer-simulator-5hyw,YES,/maps/demon-slayer-japan.webp,YES,YES,YES,NOT_DISPLAYED,,/home/ubuntu/browser_html/worldos_cc_maps_1787653893171.html
全部,905,鬼灭之刃模拟器,Katerin Mayta,/zh-cn/worlds/demon-slayer-simulator-czzo,/worlds/demon-slayer-simulator-czzo,YES,/maps/demon-slayer-japan.webp,YES,YES,YES,NOT_DISPLAYED,,/home/ubuntu/browser_html/worldos_cc_maps_1787653893171.html
全部,906,二战模拟器,Alex-b13285,/zh-cn/worlds/ww2-gu2n,/worlds/ww2-gu2n,YES,https://qunsyxsdbqpinxyjqrqp.supabase.co/storage/v1/object/public/covers/6d0cdd49-7cbe-49b0-8d87-c4d248360881/map-previews/22222222-2222-2222-2222-222222222222.webp?v=23294,YES,YES,YES,NOT_DISPLAYED,,/home/ubuntu/browser_html/worldos_cc_maps_1787653893171.html
全部,907,权力的游戏模拟器(冰与火之歌),Rochigame,/zh-cn/worlds/westeros-a3nu,/worlds/westeros-a3nu,YES,https://qunsyxsdbqpinxyjqrqp.supabase.co/storage/v1/object/public/covers/6d0cdd49-7cbe-49b0-8d87-c4d248360881/map-previews/a50f1c33-0a17-4000-8b00-000000000003.webp?v=5130,YES,YES,YES,NOT_DISPLAYED,,/home/ubuntu/browser_html/worldos_cc_maps_1787653893171.html
全部,908,Demon Slayer Simulator Copia,Nekoneko,/zh-cn/worlds/demon-slayer-simulator-e0rv,/worlds/demon-slayer-simulator-e0rv,YES,/maps/demon-slayer-japan.webp,YES,YES,YES,NOT_DISPLAYED,,/home/ubuntu/browser_html/worldos_cc_maps_1787653893171.html
全部,909,三国模拟器,班启超,/zh-cn/worlds/sanguo-warlords-9em4,/worlds/sanguo-warlords-9em4,YES,https://qunsyxsdbqpinxyjqrqp.supabase.co/storage/v1/object/public/covers/6d0cdd49-7cbe-49b0-8d87-c4d248360881/map-previews/f4a7d133-0a17-4000-8b00-000000000004.webp?v=48286,YES,YES,YES,NOT_DISPLAYED,,/home/ubuntu/browser_html/worldos_cc_maps_1787653893171.html
全部,910,战国模拟器,1057958425,/zh-cn/worlds/warring-94yd,/worlds/warring-94yd,YES,https://qunsyxsdbqpinxyjqrqp.supabase.co/storage/v1/object/public/covers/0da05300-f063-4f5d-91ba-ecd8db190fe9/map-previews/58528af0-007e-435e-8f8c-7fbdc68e5668.webp?v=34306,YES,YES,YES,NOT_DISPLAYED,,/home/ubuntu/browser_html/worldos_cc_maps_1787653893171.html
全部,911,鬼灭之刃模拟器,Rhae,/zh-cn/worlds/demon-slayer-simulator-3855,/worlds/demon-slayer-simulator-3855,YES,/maps/demon-slayer-japan.webp,YES,YES,YES,NOT_DISPLAYED,,/home/ubuntu/browser_html/worldos_cc_maps_1787653893171.html
全部,912,测试应用升级世界 001,mehraxbobaid78,/zh-cn/worlds/test-map-world-001-rev0,/worlds/test-map-world-001-rev0,YES,/maps/demon-slayer-japan.webp,YES,YES,YES,NOT_DISPLAYED,,/home/ubuntu/browser_html/worldos_cc_maps_1787653893171.html
全部,913,鬼灭之刃模拟器,Rhae,/zh-cn/worlds/demon-slayer-simulator-42r6,/worlds/demon-slayer-simulator-42r6,YES,/maps/demon-slayer-japan.webp,YES,YES,YES,NOT_DISPLAYED,,/home/ubuntu/browser_html/worldos_cc_maps_1787653893171.html
全部,914,鬼灭之刃模拟器,Maria Martínez,/zh-cn/worlds/demon-slayer-simulator-vcrk,/worlds/demon-slayer-simulator-vcrk,YES,/maps/demon-slayer-japan.webp,YES,YES,YES,NOT_DISPLAYED,,/home/ubuntu/browser_html/worldos_cc_maps_1787653893171.html
全部,915,鬼灭之刃模拟器,904229833,/zh-cn/worlds/demon-slayer-simulator-br6w,/worlds/demon-slayer-simulator-br6w,YES,/maps/demon-slayer-japan.webp,YES,YES,YES,NOT_DISPLAYED,,/home/ubuntu/browser_html/worldos_cc_maps_1787653893171.html
全部,916,权力的游戏模拟器(冰与火之歌),valentina badell,/zh-cn/worlds/westeros-6zto,/worlds/westeros-6zto,YES,https://qunsyxsdbqpinxyjqrqp.supabase.co/storage/v1/object/public/covers/6d0cdd49-7cbe-49b0-8d87-c4d248360881/map-previews/a50f1c33-0a17-4000-8b00-000000000003.webp?v=5130,YES,YES,YES,NOT_DISPLAYED,,/home/ubuntu/browser_html/worldos_cc_maps_1787653893171.html
全部,917,斯坦福,Lemy,/zh-cn/worlds/stanford-vq5s,/worlds/stanford-vq5s,YES,https://qunsyxsdbqpinxyjqrqp.supabase.co/storage/v1/object/public/covers/6d0cdd49-7cbe-49b0-8d87-c4d248360881/map-previews/57a1da00-0000-4000-8b00-000000000001.webp?v=33316,YES,YES,YES,NOT_DISPLAYED,,/home/ubuntu/browser_html/worldos_cc_maps_1787653893171.html
全部,918,主播女孩重度依赖,3037260597,/zh-cn/worlds/needy-streamer-overload-1442,/worlds/needy-streamer-overload-1442,YES,https://qunsyxsdbqpinxyjqrqp.supabase.co/storage/v1/object/public/covers/6d0cdd49-7cbe-49b0-8d87-c4d248360881/map-previews/57a1da00-0000-4000-8b00-000000000001.webp?v=33316,YES,YES,YES,NOT_DISPLAYED,,/home/ubuntu/browser_html/worldos_cc_maps_1787653893171.html
全部,919,2026新冷战模拟器,Jan Boolman,/zh-cn/worlds/new-cold-war-2026-simulator-zfr6,/worlds/new-cold-war-2026-simulator-zfr6,YES,https://qunsyxsdbqpinxyjqrqp.supabase.co/storage/v1/object/public/covers/5feb27e9-fb5f-498b-ad24-46352080762f/map-previews/561ab28f-3148-4cd7-9668-5490ff9e080a.webp?v=19364,YES,YES,YES,NOT_DISPLAYED,,/home/ubuntu/browser_html/worldos_cc_maps_1787653893171.html
全部,920,鬼灭之刃模拟器,Aismar aquino,/zh-cn/worlds/demon-slayer-simulator-9h0i,/worlds/demon-slayer-simulator-9h0i,YES,/maps/demon-slayer-japan.webp,YES,YES,YES,NOT_DISPLAYED,,/home/ubuntu/browser_html/worldos_cc_maps_1787653893171.html
全部,921,三国模拟器,major,/zh-cn/worlds/sanguo-warlords-npgw,/worlds/sanguo-warlords-npgw,YES,https://qunsyxsdbqpinxyjqrqp.supabase.co/storage/v1/object/public/covers/6d0cdd49-7cbe-49b0-8d87-c4d248360881/map-previews/f4a7d133-0a17-4000-8b00-000000000004.webp?v=48286,YES,YES,YES,NOT_DISPLAYED,,/home/ubuntu/browser_html/worldos_cc_maps_1787653893171.html
全部,922,鬼灭模拟器,Arjun Kulkarni,/zh-cn/worlds/demon-slayer-simulator-ogk3,/worlds/demon-slayer-simulator-ogk3,YES,/maps/demon-slayer-japan.webp,YES,YES,YES,NOT_DISPLAYED,,/home/ubuntu/browser_html/worldos_cc_maps_1787653893171.html
全部,923,鬼灭之刃模拟器,camila melones,/zh-cn/worlds/demon-slayer-simulator-tqzy,/worlds/demon-slayer-simulator-tqzy,YES,/maps/demon-slayer-japan.webp,YES,YES,YES,NOT_DISPLAYED,,/home/ubuntu/browser_html/worldos_cc_maps_1787653893171.html
全部,924,咒术回战世界-更多人物，更高自由！,yuan7,/zh-cn/worlds/jujutsu-zv89,/worlds/jujutsu-zv89,YES,https://qunsyxsdbqpinxyjqrqp.supabase.co/storage/v1/object/public/covers/e3899c58-3a5e-4a74-a18b-88e3caf9901f/map-previews/4d4d7273-b5cf-4a5f-879f-afd464ddefe5.webp?v=8034,YES,YES,YES,NOT_DISPLAYED,,/home/ubuntu/browser_html/worldos_cc_maps_1787653893171.html
全部,925,测试应用升级世界 001,mehraxbobaid78,/zh-cn/worlds/test-map-world-001-xxt9,/worlds/test-map-world-001-xxt9,YES,/maps/demon-slayer-japan.webp,YES,YES,YES,NOT_DISPLAYED,,/home/ubuntu/browser_html/worldos_cc_maps_1787653893171.html
全部,926,鬼灭之刃模拟器,Quackity,/zh-cn/worlds/demon-slayer-simulator-1jgt,/worlds/demon-slayer-simulator-1jgt,YES,https://qunsyxsdbqpinxyjqrqp.supabase.co/storage/v1/object/public/covers/9cc7bead-d1db-4632-8c74-35ff4efa51eb/map-previews/8700cebb-6e30-48e2-b4b2-3a60b46431d8.webp?v=8350,YES,YES,YES,NOT_DISPLAYED,,/home/ubuntu/browser_html/worldos_cc_maps_1787653893171.html
全部,927,三国模拟器,896347062,/zh-cn/worlds/san-guo-mo-ni-qi-g292,/worlds/san-guo-mo-ni-qi-g292,YES,https://qunsyxsdbqpinxyjqrqp.supabase.co/storage/v1/object/public/covers/6d0cdd49-7cbe-49b0-8d87-c4d248360881/map-previews/f4a7d133-0a17-4000-8b00-000000000004.webp?v=48286,YES,YES,YES,NOT_DISPLAYED,,/home/ubuntu/browser_html/worldos_cc_maps_1787653893171.html
全部,928,Smiling Critters 教会设定集,Luna HibrydDragon,/zh-cn/worlds/smiling-critters-church-au-svbl,/worlds/smiling-critters-church-au-svbl,YES,https://qunsyxsdbqpinxyjqrqp.supabase.co/storage/v1/object/public/covers/01c77e9e-e6f6-48d1-ad0b-8e99b957d847/map-previews/70691684-d304-4ceb-a4b4-a02ede38471b.webp?v=48706,YES,YES,YES,NOT_DISPLAYED,,/home/ubuntu/browser_html/worldos_cc_maps_1787653893171.html
全部,929,主播女孩重度依赖,Monserrat-3886f3,/zh-cn/worlds/needy-streamer-overload-kpvn,/worlds/needy-streamer-overload-kpvn,YES,https://qunsyxsdbqpinxyjqrqp.supabase.co/storage/v1/object/public/covers/6d0cdd49-7cbe-49b0-8d87-c4d248360881/map-previews/57a1da00-0000-4000-8b00-000000000001.webp?v=33316,YES,YES,YES,NOT_DISPLAYED,,/home/ubuntu/browser_html/worldos_cc_maps_1787653893171.html
全部,930,主播女孩重度依赖,Creole,/zh-cn/worlds/needy-streamer-overload-pfek,/worlds/needy-streamer-overload-pfek,YES,https://qunsyxsdbqpinxyjqrqp.supabase.co/storage/v1/object/public/covers/6d0cdd49-7cbe-49b0-8d87-c4d248360881/map-previews/57a1da00-0000-4000-8b00-000000000001.webp?v=33316,YES,YES,YES,NOT_DISPLAYED,,/home/ubuntu/browser_html/worldos_cc_maps_1787653893171.html
全部,931,主播女孩重度依赖,Luu,/zh-cn/worlds/needy-streamer-overload-tz4f,/worlds/needy-streamer-overload-tz4f,YES,https://qunsyxsdbqpinxyjqrqp.supabase.co/storage/v1/object/public/covers/6d0cdd49-7cbe-49b0-8d87-c4d248360881/map-previews/57a1da00-0000-4000-8b00-000000000001.webp?v=33316,YES,YES,YES,NOT_DISPLAYED,,/home/ubuntu/browser_html/worldos_cc_maps_1787653893171.html
全部,932,鬼灭之刃模拟器,Madelyn Rios,/zh-cn/worlds/demon-slayer-simulator-o7j6,/worlds/demon-slayer-simulator-o7j6,YES,/maps/demon-slayer-japan.webp,YES,YES,YES,NOT_DISPLAYED,,/home/ubuntu/browser_html/worldos_cc_maps_1787653893171.html
全部,933,鬼灭之刃模拟器,Ana sofia Mena clarete,/zh-cn/worlds/demon-slayer-simulator-hqk7,/worlds/demon-slayer-simulator-hqk7,YES,/maps/demon-slayer-japan.webp,YES,YES,YES,NOT_DISPLAYED,,/home/ubuntu/browser_html/worldos_cc_maps_1787653893171.html
全部,934,第二次世界大战：1935世界,Antonella-e68a0c,/zh-cn/worlds/segunda-guerra-mundial-mundo-1935-v1jk,/worlds/segunda-guerra-mundial-mundo-1935-v1jk,YES,https://qunsyxsdbqpinxyjqrqp.supabase.co/storage/v1/object/public/covers/6d0cdd49-7cbe-49b0-8d87-c4d248360881/map-previews/22222222-2222-2222-2222-222222222222.webp?v=23294,YES,YES,YES,NOT_DISPLAYED,,/home/ubuntu/browser_html/worldos_cc_maps_1787653893171.html
全部,935,现代世界 2026,822209482,/zh-cn/worlds/xian-dai-shi-jie-2026-wytq,/worlds/xian-dai-shi-jie-2026-wytq,YES,https://qunsyxsdbqpinxyjqrqp.supabase.co/storage/v1/object/public/covers/6d0cdd49-7cbe-49b0-8d87-c4d248360881/map-previews/2026aaaa-0000-4000-8000-000000000001.webp?v=19310,YES,YES,YES,NOT_DISPLAYED,,/home/ubuntu/browser_html/worldos_cc_maps_1787653893171.html
全部,936,鬼灭之刃模拟器,1434039264,/zh-cn/worlds/demon-slayer-simulator-svyp,/worlds/demon-slayer-simulator-svyp,YES,/maps/demon-slayer-japan.webp,YES,YES,YES,NOT_DISPLAYED,,/home/ubuntu/browser_html/worldos_cc_maps_1787653893171.html
全部,937,鬼灭之刃模拟器,m15830754452,/zh-cn/worlds/demon-slayer-simulator-6bkr,/worlds/demon-slayer-simulator-6bkr,YES,/maps/demon-slayer-japan.webp,YES,YES,YES,NOT_DISPLAYED,,/home/ubuntu/browser_html/worldos_cc_maps_1787653893171.html
全部,938,冷战模拟器,Palma Marroquín Messironaldo,/zh-cn/worlds/simulador-de-guerra-fr-a-h3c4,/worlds/simulador-de-guerra-fr-a-h3c4,YES,https://qunsyxsdbqpinxyjqrqp.supabase.co/storage/v1/object/public/covers/6d0cdd49-7cbe-49b0-8d87-c4d248360881/map-previews/c01d1947-0000-4000-8000-000000000001.webp?v=29408,YES,YES,YES,NOT_DISPLAYED,,/home/ubuntu/browser_html/worldos_cc_maps_1787653893171.html
全部,939,鬼灭之刃模拟器,Milo ojota,/zh-cn/worlds/demon-slayer-simulator-h9c2,/worlds/demon-slayer-simulator-h9c2,YES,/maps/demon-slayer-japan.webp,YES,YES,YES,NOT_DISPLAYED,,/home/ubuntu/browser_html/worldos_cc_maps_1787653893171.html
全部,940,鬼灭之刃模拟器,...fix,/zh-cn/worlds/demon-slayer-simulator-6qt5,/worlds/demon-slayer-simulator-6qt5,YES,/maps/demon-slayer-japan.webp,YES,YES,YES,NOT_DISPLAYED,,/home/ubuntu/browser_html/worldos_cc_maps_1787653893171.html
全部,941,权力的游戏模拟器(冰与火之歌),Javiera Miranda,/zh-cn/worlds/westeros-a5c2,/worlds/westeros-a5c2,YES,https://qunsyxsdbqpinxyjqrqp.supabase.co/storage/v1/object/public/covers/6d0cdd49-7cbe-49b0-8d87-c4d248360881/map-previews/a50f1c33-0a17-4000-8b00-000000000003.webp?v=5130,YES,YES,YES,NOT_DISPLAYED,,/home/ubuntu/browser_html/worldos_cc_maps_1787653893171.html
全部,942,权力的游戏模拟器(冰与火之歌),Alfonso Rodríguez,/zh-cn/worlds/westeros-jm1y,/worlds/westeros-jm1y,YES,https://qunsyxsdbqpinxyjqrqp.supabase.co/storage/v1/object/public/covers/6d0cdd49-7cbe-49b0-8d87-c4d248360881/map-previews/a50f1c33-0a17-4000-8b00-000000000003.webp?v=5130,YES,YES,YES,NOT_DISPLAYED,,/home/ubuntu/browser_html/worldos_cc_maps_1787653893171.html
全部,943,现代世界 2026,2660027705,/zh-cn/worlds/xian-dai-shi-jie-2026-cr99,/worlds/xian-dai-shi-jie-2026-cr99,YES,https://qunsyxsdbqpinxyjqrqp.supabase.co/storage/v1/object/public/covers/6d0cdd49-7cbe-49b0-8d87-c4d248360881/map-previews/2026aaaa-0000-4000-8000-000000000001.webp?v=19310,YES,YES,YES,NOT_DISPLAYED,,/home/ubuntu/browser_html/worldos_cc_maps_1787653893171.html
全部,944,现代 2026,Aa Sf,/zh-cn/worlds/modern-day-2026-djwz,/worlds/modern-day-2026-djwz,YES,https://qunsyxsdbqpinxyjqrqp.supabase.co/storage/v1/object/public/covers/6d0cdd49-7cbe-49b0-8d87-c4d248360881/map-previews/2026aaaa-0000-4000-8000-000000000001.webp?v=19310,YES,YES,YES,NOT_DISPLAYED,,/home/ubuntu/browser_html/worldos_cc_maps_1787653893171.html
全部,945,现代世界 2026,lkf13833546066,/zh-cn/worlds/xian-dai-shi-jie-2026-t4w5,/worlds/xian-dai-shi-jie-2026-t4w5,YES,https://qunsyxsdbqpinxyjqrqp.supabase.co/storage/v1/object/public/covers/e007fee4-bc9a-4758-84fc-e1d3049a3cf6/map-previews/540fe692-1a13-405e-9000-2f1a4fa97e66.webp?v=19364,YES,YES,YES,NOT_DISPLAYED,,/home/ubuntu/browser_html/worldos_cc_maps_1787653893171.html
全部,946,龙之家族 (未完成),Dominic Palacio,/zh-cn/worlds/house-of-the-dragon-v4it,/worlds/house-of-the-dragon-v4it,YES,https://qunsyxsdbqpinxyjqrqp.supabase.co/storage/v1/object/public/covers/b68deb6c-811e-4267-9739-7b8ee18ab3ec/map-previews/ecc0220e-7bcd-4f0a-9503-41cc0f042e0f.webp?v=5142,YES,YES,YES,NOT_DISPLAYED,,/home/ubuntu/browser_html/worldos_cc_maps_1787653893171.html
全部,947,战国模拟器,1057958425,/zh-cn/worlds/warring-68tm,/worlds/warring-68tm,YES,https://qunsyxsdbqpinxyjqrqp.supabase.co/storage/v1/object/public/covers/0da05300-f063-4f5d-91ba-ecd8db190fe9/map-previews/89e5721d-13a1-4b16-a5e8-3e2d80060933.webp?v=34306,YES,YES,YES,NOT_DISPLAYED,,/home/ubuntu/browser_html/worldos_cc_maps_1787653893171.html
全部,948,.,Tati Rodriguez,/zh-cn/worlds/world-bzrm,/worlds/world-bzrm,YES,https://qunsyxsdbqpinxyjqrqp.supabase.co/storage/v1/object/public/covers/fbb3c935-209f-442b-982c-93e0e82b3fa9/map-previews/c191fa27-b6e3-4eef-9d40-e12a09244c6d.webp?v=70106,YES,YES,YES,NOT_DISPLAYED,,/home/ubuntu/browser_html/worldos_cc_maps_1787653893171.html
全部,949,三国模拟器,2183158154,/zh-cn/worlds/sanguo-warlords-k2bm,/worlds/sanguo-warlords-k2bm,YES,https://qunsyxsdbqpinxyjqrqp.supabase.co/storage/v1/object/public/covers/6d0cdd49-7cbe-49b0-8d87-c4d248360881/map-previews/f4a7d133-0a17-4000-8b00-000000000004.webp?v=48286,YES,YES,YES,NOT_DISPLAYED,,/home/ubuntu/browser_html/worldos_cc_maps_1787653893171.html
全部,950,二战模拟器,626057893,/zh-cn/worlds/ww2-k8yh,/worlds/ww2-k8yh,YES,https://qunsyxsdbqpinxyjqrqp.supabase.co/storage/v1/object/public/covers/6d0cdd49-7cbe-49b0-8d87-c4d248360881/map-previews/22222222-2222-2222-2222-222222222222.webp?v=23294,YES,YES,YES,NOT_DISPLAYED,,/home/ubuntu/browser_html/worldos_cc_maps_1787653893171.html
全部,951,现代世界 2026,NIUrni,/zh-cn/worlds/modern-day-192u,/worlds/modern-day-192u,YES,https://qunsyxsdbqpinxyjqrqp.supabase.co/storage/v1/object/public/covers/6d0cdd49-7cbe-49b0-8d87-c4d248360881/map-previews/2026aaaa-0000-4000-8000-000000000001.webp?v=19310,YES,YES,YES,NOT_DISPLAYED,,/home/ubuntu/browser_html/worldos_cc_maps_1787653893171.html
全部,952,鬼灭之刃模拟器,2685174814,/zh-cn/worlds/demon-slayer-simulator-bg1g,/worlds/demon-slayer-simulator-bg1g,YES,/maps/demon-slayer-japan.webp,YES,YES,YES,NOT_DISPLAYED,,/home/ubuntu/browser_html/worldos_cc_maps_1787653893171.html
全部,953,鬼灭之刃模拟器,Daniela Toapanta,/zh-cn/worlds/demon-slayer-simulator-1akm,/worlds/demon-slayer-simulator-1akm,YES,/maps/demon-slayer-japan.webp,YES,YES,YES,NOT_DISPLAYED,,/home/ubuntu/browser_html/worldos_cc_maps_1787653893171.html
全部,954,鬼灭之刃模拟器,Celia Solis tola,/zh-cn/worlds/demon-slayer-simulator-ha6v,/worlds/demon-slayer-simulator-ha6v,YES,/maps/demon-slayer-japan.webp,YES,YES,YES,NOT_DISPLAYED,,/home/ubuntu/browser_html/worldos_cc_maps_1787653893171.html
全部,955,鬼灭之刃模拟器,Celia Solis tola,/zh-cn/worlds/demon-slayer-simulator-w4m5,/worlds/demon-slayer-simulator-w4m5,YES,/maps/demon-slayer-japan.webp,YES,YES,YES,NOT_DISPLAYED,,/home/ubuntu/browser_html/worldos_cc_maps_1787653893171.html
全部,956,二战模拟器,SHUGAAA,/zh-cn/worlds/ww2-tsy9,/worlds/ww2-tsy9,YES,https://qunsyxsdbqpinxyjqrqp.supabase.co/storage/v1/object/public/covers/6d0cdd49-7cbe-49b0-8d87-c4d248360881/map-previews/22222222-2222-2222-2222-222222222222.webp?v=23294,YES,YES,YES,NOT_DISPLAYED,,/home/ubuntu/browser_html/worldos_cc_maps_1787653893171.html
全部,957,权力的游戏模拟器(冰与火之歌),Lola Fernandes,/zh-cn/worlds/westeros-9j0d,/worlds/westeros-9j0d,YES,https://qunsyxsdbqpinxyjqrqp.supabase.co/storage/v1/object/public/covers/6d0cdd49-7cbe-49b0-8d87-c4d248360881/map-previews/a50f1c33-0a17-4000-8b00-000000000003.webp?v=5130,YES,YES,YES,NOT_DISPLAYED,,/home/ubuntu/browser_html/worldos_cc_maps_1787653893171.html
全部,958,鬼灭之刃模拟器,Gael Perez,/zh-cn/worlds/demon-slayer-simulator-5lo4,/worlds/demon-slayer-simulator-5lo4,YES,/maps/demon-slayer-japan.webp,YES,YES,YES,NOT_DISPLAYED,,/home/ubuntu/browser_html/worldos_cc_maps_1787653893171.html
全部,959,主播模拟器,Sentomaru,/zh-cn/worlds/streamer-simulator-moao,/worlds/streamer-simulator-moao,YES,https://qunsyxsdbqpinxyjqrqp.supabase.co/storage/v1/object/public/covers/e502b3b8-b813-4ddb-ad42-98cfd4d9272e/map-previews/a23c63f9-aab3-4dc7-9441-07562559c4ce.webp?v=33316,YES,YES,YES,NOT_DISPLAYED,,/home/ubuntu/browser_html/worldos_cc_maps_1787653893171.html
全部,960,权力的游戏模拟器(冰与火之歌),Mikita187 Que,/zh-cn/worlds/westeros-yt6y,/worlds/westeros-yt6y,YES,https://qunsyxsdbqpinxyjqrqp.supabase.co/storage/v1/object/public/covers/6d0cdd49-7cbe-49b0-8d87-c4d248360881/map-previews/a50f1c33-0a17-4000-8b00-000000000003.webp?v=5130,YES,YES,YES,NOT_DISPLAYED,,/home/ubuntu/browser_html/worldos_cc_maps_1787653893171.html
全部,961,DC宇宙,Keshi445,/zh-cn/worlds/dc-universe-zn5b,/worlds/dc-universe-zn5b,YES,https://qunsyxsdbqpinxyjqrqp.supabase.co/storage/v1/object/public/covers/fb496361-f66c-4282-a436-d38708c75b40/map-previews/10d3f541-d658-47f0-b199-978b64d96330.webp?v=27998,YES,YES,YES,NOT_DISPLAYED,,/home/ubuntu/browser_html/worldos_cc_maps_1787653893171.html
全部,962,甜心恋爱,sato e,/zh-cn/worlds/coraz-n-de-melon-istituto-sweet-amoris-rlzx,/worlds/coraz-n-de-melon-istituto-sweet-amoris-rlzx,YES,https://qunsyxsdbqpinxyjqrqp.supabase.co/storage/v1/object/public/covers/3e8a22aa-1440-4f15-ba3b-36eb372f0c57/map-previews/200ff2fc-fa9a-4655-890d-0ae3d7565db7.webp?v=8350,YES,YES,YES,NOT_DISPLAYED,,/home/ubuntu/browser_html/worldos_cc_maps_1787653893171.html
全部,963,二战模拟器,MADAME,/zh-cn/worlds/ww2-ivn7,/worlds/ww2-ivn7,YES,https://qunsyxsdbqpinxyjqrqp.supabase.co/storage/v1/object/public/covers/6d0cdd49-7cbe-49b0-8d87-c4d248360881/map-previews/22222222-2222-2222-2222-222222222222.webp?v=23294,YES,YES,YES,NOT_DISPLAYED,,/home/ubuntu/browser_html/worldos_cc_maps_1787653893171.html
全部,964,权力的游戏模拟器(冰与火之歌),Mikita187 Que,/zh-cn/worlds/westeros-8nm9,/worlds/westeros-8nm9,YES,https://qunsyxsdbqpinxyjqrqp.supabase.co/storage/v1/object/public/covers/6d0cdd49-7cbe-49b0-8d87-c4d248360881/map-previews/a50f1c33-0a17-4000-8b00-000000000003.webp?v=5130,YES,YES,YES,NOT_DISPLAYED,,/home/ubuntu/browser_html/worldos_cc_maps_1787653893171.html
全部,965,第二次世界大战：1935世界,Emba Rramela,/zh-cn/worlds/segunda-guerra-mundial-mundo-1935-fz0r,/worlds/segunda-guerra-mundial-mundo-1935-fz0r,YES,https://qunsyxsdbqpinxyjqrqp.supabase.co/storage/v1/object/public/covers/6d0cdd49-7cbe-49b0-8d87-c4d248360881/map-previews/22222222-2222-2222-2222-222222222222.webp?v=23294,YES,YES,YES,NOT_DISPLAYED,,/home/ubuntu/browser_html/worldos_cc_maps_1787653893171.html
全部,966,二战模拟器,NIUrni,/zh-cn/worlds/ww2-d7j5,/worlds/ww2-d7j5,YES,https://qunsyxsdbqpinxyjqrqp.supabase.co/storage/v1/object/public/covers/6d0cdd49-7cbe-49b0-8d87-c4d248360881/map-previews/22222222-2222-2222-2222-222222222222.webp?v=23294,YES,YES,YES,NOT_DISPLAYED,,/home/ubuntu/browser_html/worldos_cc_maps_1787653893171.html
全部,967,嘿,Hitomi,/zh-cn/worlds/oi-368w,/worlds/oi-368w,YES,https://qunsyxsdbqpinxyjqrqp.supabase.co/storage/v1/object/public/covers/6d0cdd49-7cbe-49b0-8d87-c4d248360881/map-previews/57a1da00-0000-4000-8b00-000000000001.webp?v=33316,YES,YES,YES,NOT_DISPLAYED,,/home/ubuntu/browser_html/worldos_cc_maps_1787653893171.html
全部,968,主播女孩重度依赖,3226452974,/zh-cn/worlds/zhu-bo-n-hai-zhong-du-yi-lai-p61f,/worlds/zhu-bo-n-hai-zhong-du-yi-lai-p61f,YES,https://qunsyxsdbqpinxyjqrqp.supabase.co/storage/v1/object/public/covers/6d0cdd49-7cbe-49b0-8d87-c4d248360881/map-previews/57a1da00-0000-4000-8b00-000000000001.webp?v=33316,YES,YES,YES,NOT_DISPLAYED,,/home/ubuntu/browser_html/worldos_cc_maps_1787653893171.html
全部,969,鬼灭之刃模拟器,mjdesigns,/zh-cn/worlds/demon-slayer-simulator-kbkm,/worlds/demon-slayer-simulator-kbkm,YES,/maps/demon-slayer-japan.webp,YES,YES,YES,NOT_DISPLAYED,,/home/ubuntu/browser_html/worldos_cc_maps_1787653893171.html
全部,970,现代世界 2026,啊啊啊,/zh-cn/worlds/xian-dai-shi-jie-2026-0bhd,/worlds/xian-dai-shi-jie-2026-0bhd,YES,https://qunsyxsdbqpinxyjqrqp.supabase.co/storage/v1/object/public/covers/6d0cdd49-7cbe-49b0-8d87-c4d248360881/map-previews/2026aaaa-0000-4000-8000-000000000001.webp?v=19310,YES,YES,YES,NOT_DISPLAYED,,/home/ubuntu/browser_html/worldos_cc_maps_1787653893171.html
全部,971,鬼灭之刃模拟器,xiansong9323,/zh-cn/worlds/demon-slayer-simulator-fwmd,/worlds/demon-slayer-simulator-fwmd,YES,/maps/demon-slayer-japan.webp,YES,YES,YES,NOT_DISPLAYED,,/home/ubuntu/browser_html/worldos_cc_maps_1787653893171.html
全部,972,现代 2026,Scara Bajo,/zh-cn/worlds/modern-day-2026-xcx3,/worlds/modern-day-2026-xcx3,YES,https://qunsyxsdbqpinxyjqrqp.supabase.co/storage/v1/object/public/covers/6d0cdd49-7cbe-49b0-8d87-c4d248360881/map-previews/2026aaaa-0000-4000-8000-000000000001.webp?v=19310,YES,YES,YES,NOT_DISPLAYED,,/home/ubuntu/browser_html/worldos_cc_maps_1787653893171.html
全部,973,DC宇宙,Carloticakal,/zh-cn/worlds/universo-dc-qcf0,/worlds/universo-dc-qcf0,YES,https://qunsyxsdbqpinxyjqrqp.supabase.co/storage/v1/object/public/covers/fb282042-b921-4489-9f13-e699ec7bd34f/map-previews/770c4509-fea2-4df8-8e17-7e7861376bb1.webp?v=27998,YES,YES,YES,NOT_DISPLAYED,,/home/ubuntu/browser_html/worldos_cc_maps_1787653893171.html
全部,974,十字军之王：法兰西,黄逸卓,/zh-cn/worlds/crusader-rxzi,/worlds/crusader-rxzi,YES,https://qunsyxsdbqpinxyjqrqp.supabase.co/storage/v1/object/public/covers/6d0cdd49-7cbe-49b0-8d87-c4d248360881/map-previews/c5300000-0000-4000-8000-000000000001.webp?v=21704,YES,YES,YES,NOT_DISPLAYED,,/home/ubuntu/browser_html/worldos_cc_maps_1787653893171.html
全部,975,十字军之王：法兰西,黄逸卓,/zh-cn/worlds/crusader-3uqq,/worlds/crusader-3uqq,YES,https://qunsyxsdbqpinxyjqrqp.supabase.co/storage/v1/object/public/covers/6d0cdd49-7cbe-49b0-8d87-c4d248360881/map-previews/c5300000-0000-4000-8000-000000000001.webp?v=21704,YES,YES,YES,NOT_DISPLAYED,,/home/ubuntu/browser_html/worldos_cc_maps_1787653893171.html
全部,976,十字军之王：法兰西,黄逸卓,/zh-cn/worlds/crusader-2f56,/worlds/crusader-2f56,YES,https://qunsyxsdbqpinxyjqrqp.supabase.co/storage/v1/object/public/covers/6d0cdd49-7cbe-49b0-8d87-c4d248360881/map-previews/c5300000-0000-4000-8000-000000000001.webp?v=21704,YES,YES,YES,NOT_DISPLAYED,,/home/ubuntu/browser_html/worldos_cc_maps_1787653893171.html
全部,977,十字军之王：法兰西,黄逸卓,/zh-cn/worlds/crusader-ak43,/worlds/crusader-ak43,YES,https://qunsyxsdbqpinxyjqrqp.supabase.co/storage/v1/object/public/covers/6d0cdd49-7cbe-49b0-8d87-c4d248360881/map-previews/c5300000-0000-4000-8000-000000000001.webp?v=21704,YES,YES,YES,NOT_DISPLAYED,,/home/ubuntu/browser_html/worldos_cc_maps_1787653893171.html
全部,978,S,Constanza Correa-de2f7a,/zh-cn/worlds/s-i2fi,/worlds/s-i2fi,YES,https://qunsyxsdbqpinxyjqrqp.supabase.co/storage/v1/object/public/covers/fb282042-b921-4489-9f13-e699ec7bd34f/map-previews/770c4509-fea2-4df8-8e17-7e7861376bb1.webp?v=27998,YES,YES,YES,NOT_DISPLAYED,,/home/ubuntu/browser_html/worldos_cc_maps_1787653893171.html
全部,979,Cazador de Demonios: El Destino Final,Francis Lucia Diaz Palma,/zh-cn/worlds/cazador-de-demonios-el-destino-final-t59f,/worlds/cazador-de-demonios-el-destino-final-t59f,YES,https://qunsyxsdbqpinxyjqrqp.supabase.co/storage/v1/object/public/covers/c7ae4a1d-d4ca-4d39-9e60-4e913cf7afb1/map-previews/86332c6f-8f0f-4936-bf53-a2032bf5e321.webp?v=8350,YES,YES,YES,NOT_DISPLAYED,,/home/ubuntu/browser_html/worldos_cc_maps_1787653893171.html
全部,980,鬼灭之刃模拟器,Carolina Matos,/zh-cn/worlds/demon-slayer-simulator-ccpg,/worlds/demon-slayer-simulator-ccpg,YES,/maps/demon-slayer-japan.webp,YES,YES,YES,NOT_DISPLAYED,,/home/ubuntu/browser_html/worldos_cc_maps_1787653893171.html
全部,981,鬼灭之刃模拟器,Fernanda López Ramírez,/zh-cn/worlds/demon-slayer-simulator-xbeg,/worlds/demon-slayer-simulator-xbeg,YES,https://qunsyxsdbqpinxyjqrqp.supabase.co/storage/v1/object/public/covers/0ff64a0a-1cc5-4508-a94d-d39fce167ca8/map-previews/4184793c-1fcb-430f-945b-0f4b349dd55b.webp?v=8350,YES,YES,YES,NOT_DISPLAYED,,/home/ubuntu/browser_html/worldos_cc_maps_1787653893171.html
全部,982,三国模拟器,蘇鈞Jim,/zh-cn/worlds/san-guo-mo-ni-qi-bncu,/worlds/san-guo-mo-ni-qi-bncu,YES,https://qunsyxsdbqpinxyjqrqp.supabase.co/storage/v1/object/public/covers/6d0cdd49-7cbe-49b0-8d87-c4d248360881/map-previews/f4a7d133-0a17-4000-8b00-000000000004.webp?v=48286,YES,YES,YES,NOT_DISPLAYED,,/home/ubuntu/browser_html/worldos_cc_maps_1787653893171.html
全部,983,⚔️ 中世纪生活 ⚔️,qsd90,/zh-cn/worlds/zhong-shi-ji-sheng-huo-pf6a,/worlds/zhong-shi-ji-sheng-huo-pf6a,YES,https://qunsyxsdbqpinxyjqrqp.supabase.co/storage/v1/object/public/covers/fbb3c935-209f-442b-982c-93e0e82b3fa9/map-previews/c191fa27-b6e3-4eef-9d40-e12a09244c6d.webp?v=70106,YES,YES,YES,NOT_DISPLAYED,,/home/ubuntu/browser_html/worldos_cc_maps_1787653893171.html
全部,984,DC宇宙,Yu Romero Blancas,/zh-cn/worlds/dc-universe-y8yg,/worlds/dc-universe-y8yg,YES,https://qunsyxsdbqpinxyjqrqp.supabase.co/storage/v1/object/public/covers/fb282042-b921-4489-9f13-e699ec7bd34f/map-previews/770c4509-fea2-4df8-8e17-7e7861376bb1.webp?v=27998,YES,YES,YES,NOT_DISPLAYED,,/home/ubuntu/browser_html/worldos_cc_maps_1787653893171.html
全部,985,二战模拟器,Karla 4,/zh-cn/worlds/ww2-kgs6,/worlds/ww2-kgs6,YES,https://qunsyxsdbqpinxyjqrqp.supabase.co/storage/v1/object/public/covers/6d0cdd49-7cbe-49b0-8d87-c4d248360881/map-previews/22222222-2222-2222-2222-222222222222.webp?v=23294,YES,YES,YES,NOT_DISPLAYED,,/home/ubuntu/browser_html/worldos_cc_maps_1787653893171.html
全部,986,Colapso Orbital: Mundo 2135,Luciano Perez,/zh-cn/worlds/colapso-orbital-mundo-2135-6wwn,/worlds/colapso-orbital-mundo-2135-6wwn,YES,https://qunsyxsdbqpinxyjqrqp.supabase.co/storage/v1/object/public/covers/6d0cdd49-7cbe-49b0-8d87-c4d248360881/map-previews/22222222-2222-2222-2222-222222222222.webp?v=23294,YES,YES,YES,NOT_DISPLAYED,,/home/ubuntu/browser_html/worldos_cc_maps_1787653893171.html
全部,987,鬼灭之刃模拟器,Fernanda López Ramírez,/zh-cn/worlds/demon-slayer-simulator-lgcb,/worlds/demon-slayer-simulator-lgcb,YES,https://qunsyxsdbqpinxyjqrqp.supabase.co/storage/v1/object/public/covers/0ff64a0a-1cc5-4508-a94d-d39fce167ca8/map-previews/4184793c-1fcb-430f-945b-0f4b349dd55b.webp?v=8350,YES,YES,YES,NOT_DISPLAYED,,/home/ubuntu/browser_html/worldos_cc_maps_1787653893171.html
全部,988,权力的游戏：血龙狂舞,FirePanda,/zh-cn/worlds/a-game-of-thrones-dance-of-the-dragons-15fa,/worlds/a-game-of-thrones-dance-of-the-dragons-15fa,YES,https://qunsyxsdbqpinxyjqrqp.supabase.co/storage/v1/object/public/covers/6d0cdd49-7cbe-49b0-8d87-c4d248360881/map-previews/a50f1c33-0a17-4000-8b00-000000000003.webp?v=5130,YES,YES,YES,NOT_DISPLAYED,,/home/ubuntu/browser_html/worldos_cc_maps_1787653893171.html
全部,989,三国模拟器,CHOU I,/zh-cn/worlds/sanguo-warlords-m7d0,/worlds/sanguo-warlords-m7d0,YES,https://qunsyxsdbqpinxyjqrqp.supabase.co/storage/v1/object/public/covers/6d0cdd49-7cbe-49b0-8d87-c4d248360881/map-previews/f4a7d133-0a17-4000-8b00-000000000004.webp?v=48286,YES,YES,YES,NOT_DISPLAYED,,/home/ubuntu/browser_html/worldos_cc_maps_1787653893171.html
全部,990,咒术回战世界-更多人物，更高自由！,KarenSG,/zh-cn/worlds/jujutsu-abkr,/worlds/jujutsu-abkr,YES,https://qunsyxsdbqpinxyjqrqp.supabase.co/storage/v1/object/public/covers/e3899c58-3a5e-4a74-a18b-88e3caf9901f/map-previews/4d4d7273-b5cf-4a5f-879f-afd464ddefe5.webp?v=8034,YES,YES,YES,NOT_DISPLAYED,,/home/ubuntu/browser_html/worldos_cc_maps_1787653893171.html
全部,991,鬼灭之刃模拟器,Fabianaandrea Castañeda,/zh-cn/worlds/demon-slayer-simulator-14rm,/worlds/demon-slayer-simulator-14rm,YES,/maps/demon-slayer-japan.webp,YES,YES,YES,NOT_DISPLAYED,,/home/ubuntu/browser_html/worldos_cc_maps_1787653893171.html
全部,992,鬼灭之刃模拟器,Mattjxj,/zh-cn/worlds/demon-slayer-simulator-kcd3,/worlds/demon-slayer-simulator-kcd3,YES,/maps/demon-slayer-japan.webp,YES,YES,YES,NOT_DISPLAYED,,/home/ubuntu/browser_html/worldos_cc_maps_1787653893171.html
全部,993,鬼灭模拟器,bastian,/zh-cn/worlds/demon-slayer-simulator-73ds,/worlds/demon-slayer-simulator-73ds,YES,/maps/demon-slayer-japan.webp,YES,YES,YES,NOT_DISPLAYED,,/home/ubuntu/browser_html/worldos_cc_maps_1787653893171.html
全部,994,鬼灭之刃模拟器,Samantha_2706,/zh-cn/worlds/demon-slayer-simulator-3ns1,/worlds/demon-slayer-simulator-3ns1,YES,/maps/demon-slayer-japan.webp,YES,YES,YES,NOT_DISPLAYED,,/home/ubuntu/browser_html/worldos_cc_maps_1787653893171.html
全部,995,Simulador de Demon Slayer (Versión español y mejorada),Ka roji,/zh-cn/worlds/demon-slayer-simulator-f8pn,/worlds/demon-slayer-simulator-f8pn,YES,https://qunsyxsdbqpinxyjqrqp.supabase.co/storage/v1/object/public/covers/9eb10afd-16b6-4c92-9621-873c90a660f3/map-previews/efb1914a-f410-47bf-a4b1-e50c5ae9fa01.webp?v=8350,YES,YES,YES,NOT_DISPLAYED,,/home/ubuntu/browser_html/worldos_cc_maps_1787653893171.html
全部,996,咒术回战,frwsitafelix,/zh-cn/worlds/jjk-99oq,/worlds/jjk-99oq,YES,https://qunsyxsdbqpinxyjqrqp.supabase.co/storage/v1/object/public/covers/e3899c58-3a5e-4a74-a18b-88e3caf9901f/map-previews/4d4d7273-b5cf-4a5f-879f-afd464ddefe5.webp?v=8034,YES,YES,YES,NOT_DISPLAYED,,/home/ubuntu/browser_html/worldos_cc_maps_1787653893171.html
全部,997,鬼灭之刃模拟器,Nikkiiiii,/zh-cn/worlds/demon-slayer-simulator-kqar,/worlds/demon-slayer-simulator-kqar,YES,/maps/demon-slayer-japan.webp,YES,YES,YES,NOT_DISPLAYED,,/home/ubuntu/browser_html/worldos_cc_maps_1787653893171.html
全部,998,鬼灭之刃模拟器,Samantha Salinas,/zh-cn/worlds/demon-slayer-simulator-sahr,/worlds/demon-slayer-simulator-sahr,YES,/maps/demon-slayer-japan.webp,YES,YES,YES,NOT_DISPLAYED,,/home/ubuntu/browser_html/worldos_cc_maps_1787653893171.html
全部,999,₊˚‧ 索尼克世界 ˚.,MADAME,/zh-cn/worlds/o-i-o-3fzm,/worlds/o-i-o-3fzm,YES,https://qunsyxsdbqpinxyjqrqp.supabase.co/storage/v1/object/public/covers/4fd2a52d-1b40-44d5-b9af-cc5e2c743340/map-previews/83d3ce0f-2d8f-499f-8bc8-c937fffa2c23.webp?v=42184,YES,YES,YES,NOT_DISPLAYED,,/home/ubuntu/browser_html/worldos_cc_maps_1787653893171.html
全部,1000,Demon Slayer Simulator Copia,Yuno nara,/zh-cn/worlds/demon-slayer-simulator-8t7g,/worlds/demon-slayer-simulator-8t7g,YES,/maps/demon-slayer-japan.webp,YES,YES,YES,NOT_DISPLAYED,,/home/ubuntu/browser_html/worldos_cc_maps_1787653893171.html
全部,1001,JOJO校园物语！,Arianna Lopez,/zh-cn/worlds/jojos-escolar-qqtj,/worlds/jojos-escolar-qqtj,YES,https://qunsyxsdbqpinxyjqrqp.supabase.co/storage/v1/object/public/covers/e3ba0d4b-a180-48a9-9864-edf509e7e6ab/map-previews/201357d8-35bc-44aa-ae04-9c501dbf5e41.webp?v=67102,YES,YES,YES,NOT_DISPLAYED,,/home/ubuntu/browser_html/worldos_cc_maps_1787653893171.html
全部,1002,历史模拟器：崇祯,626057893,/zh-cn/worlds/chongzhen-2k7u,/worlds/chongzhen-2k7u,YES,https://qunsyxsdbqpinxyjqrqp.supabase.co/storage/v1/object/public/covers/6d0cdd49-7cbe-49b0-8d87-c4d248360881/map-previews/c4302300-0000-4000-8000-000000000001.webp?v=45420,YES,YES,YES,NOT_DISPLAYED,,/home/ubuntu/browser_html/worldos_cc_maps_1787653893171.html
全部,1003,第二次世界大战：1935世界,ono ono,/zh-cn/worlds/segunda-guerra-mundial-mundo-1935-xamv,/worlds/segunda-guerra-mundial-mundo-1935-xamv,YES,https://qunsyxsdbqpinxyjqrqp.supabase.co/storage/v1/object/public/covers/d4acb18d-8997-41cb-b982-2fb69052f85e/map-previews/fda66b07-404f-44a9-bd7b-897fd4f8e196.webp?v=23238,YES,YES,YES,NOT_DISPLAYED,,/home/ubuntu/browser_html/worldos_cc_maps_1787653893171.html
全部,1004,权力的游戏模拟器(冰与火之歌),qq1971961314,/zh-cn/worlds/quan-li-de-you-xi-mo-ni-qi-bing-yu-huo-z-a4bt,/worlds/quan-li-de-you-xi-mo-ni-qi-bing-yu-huo-z-a4bt,YES,https://qunsyxsdbqpinxyjqrqp.supabase.co/storage/v1/object/public/covers/6d0cdd49-7cbe-49b0-8d87-c4d248360881/map-previews/a50f1c33-0a17-4000-8b00-000000000003.webp?v=5130,YES,YES,YES,NOT_DISPLAYED,,/home/ubuntu/browser_html/worldos_cc_maps_1787653893171.html
全部,1005,法律与秩序,Noelia-e1e0c4,/zh-cn/worlds/la-ley-y-el-orden-0y61,/worlds/la-ley-y-el-orden-0y61,YES,https://qunsyxsdbqpinxyjqrqp.supabase.co/storage/v1/object/public/covers/e1e0c400-24c4-4660-9f2d-b4be39292ffc/map-previews/12567683-ba3d-4ffb-9d89-ca026e36cbf7.webp?v=73648,YES,YES,YES,NOT_DISPLAYED,,/home/ubuntu/browser_html/worldos_cc_maps_1787653893171.html
全部,1006,咒术回战世界-更多人物，更高自由！,Momon-San,/zh-cn/worlds/jujutsu-bh65,/worlds/jujutsu-bh65,YES,https://qunsyxsdbqpinxyjqrqp.supabase.co/storage/v1/object/public/covers/e3899c58-3a5e-4a74-a18b-88e3caf9901f/map-previews/4d4d7273-b5cf-4a5f-879f-afd464ddefe5.webp?v=8034,YES,YES,YES,NOT_DISPLAYED,,/home/ubuntu/browser_html/worldos_cc_maps_1787653893171.html
全部,1007,二战模拟器,3248565115,/zh-cn/worlds/ww2-k2oo,/worlds/ww2-k2oo,YES,https://qunsyxsdbqpinxyjqrqp.supabase.co/storage/v1/object/public/covers/6d0cdd49-7cbe-49b0-8d87-c4d248360881/map-previews/22222222-2222-2222-2222-222222222222.webp?v=23294,YES,YES,YES,NOT_DISPLAYED,,/home/ubuntu/browser_html/worldos_cc_maps_1787653893171.html
全部,1008,十字军之王：法兰西,385373405,/zh-cn/worlds/shi-zi-jun-zhi-wang-fa-lan-xi-p904,/worlds/shi-zi-jun-zhi-wang-fa-lan-xi-p904,YES,https://qunsyxsdbqpinxyjqrqp.supabase.co/storage/v1/object/public/covers/6d0cdd49-7cbe-49b0-8d87-c4d248360881/map-previews/c5300000-0000-4000-8000-000000000001.webp?v=21704,YES,YES,YES,NOT_DISPLAYED,,/home/ubuntu/browser_html/worldos_cc_maps_1787653893171.html
全部,1009,鬼灭之刃模拟器,Whis,/zh-cn/worlds/demon-slayer-simulator-7jpe,/worlds/demon-slayer-simulator-7jpe,YES,/maps/demon-slayer-japan.webp,YES,YES,YES,NOT_DISPLAYED,,/home/ubuntu/browser_html/worldos_cc_maps_1787653893171.html
全部,1010,现代 2026,vohyager,/zh-cn/worlds/modern-day-2026-bjkx,/worlds/modern-day-2026-bjkx,YES,https://qunsyxsdbqpinxyjqrqp.supabase.co/storage/v1/object/public/covers/6d0cdd49-7cbe-49b0-8d87-c4d248360881/map-previews/2026aaaa-0000-4000-8000-000000000001.webp?v=19310,YES,YES,YES,NOT_DISPLAYED,,/home/ubuntu/browser_html/worldos_cc_maps_1787653893171.html
全部,1011,⚔️ 中世纪生活 ⚔️,Manhwa Bls2025,/zh-cn/worlds/vida-medieval-7ygs,/worlds/vida-medieval-7ygs,YES,https://qunsyxsdbqpinxyjqrqp.supabase.co/storage/v1/object/public/covers/fbb3c935-209f-442b-982c-93e0e82b3fa9/map-previews/c191fa27-b6e3-4eef-9d40-e12a09244c6d.webp?v=70106,YES,YES,YES,NOT_DISPLAYED,,/home/ubuntu/browser_html/worldos_cc_maps_1787653893171.html
全部,1012,鬼灭之刃,Abril Colina,/zh-cn/worlds/demon-slayer-fnvv,/worlds/demon-slayer-fnvv,YES,/maps/demon-slayer-japan.webp,YES,YES,YES,NOT_DISPLAYED,,/home/ubuntu/browser_html/worldos_cc_maps_1787653893171.html
全部,1013,权力的游戏模拟器(冰与火之歌),gaoxinran_521,/zh-cn/worlds/westeros-d1x9,/worlds/westeros-d1x9,YES,https://qunsyxsdbqpinxyjqrqp.supabase.co/storage/v1/object/public/covers/6d0cdd49-7cbe-49b0-8d87-c4d248360881/map-previews/a50f1c33-0a17-4000-8b00-000000000003.webp?v=5130,YES,YES,YES,NOT_DISPLAYED,,/home/ubuntu/browser_html/worldos_cc_maps_1787653893171.html
全部,1014,Simulador de Cazador de Demonios: Camino de Acero,Agustina Salomon,/zh-cn/worlds/simulador-de-cazador-de-demonios-camino-gn9p,/worlds/simulador-de-cazador-de-demonios-camino-gn9p,YES,https://qunsyxsdbqpinxyjqrqp.supabase.co/storage/v1/object/public/covers/66094655-413d-4037-8252-12af1c6e44a1/map-previews/005a19a5-2c0a-4824-8960-358874c7e800.webp?v=8350,YES,YES,YES,NOT_DISPLAYED,,/home/ubuntu/browser_html/worldos_cc_maps_1787653893171.html
全部,1015,鬼灭之刃模拟器,Jasmin.,/zh-cn/worlds/demon-slayer-simulator-r4dg,/worlds/demon-slayer-simulator-r4dg,YES,/maps/demon-slayer-japan.webp,YES,YES,YES,NOT_DISPLAYED,,/home/ubuntu/browser_html/worldos_cc_maps_1787653893171.html
全部,1016,鬼灭之刃模拟器,ascaz09.z,/zh-cn/worlds/demon-slayer-simulator-00mc,/worlds/demon-slayer-simulator-00mc,YES,/maps/demon-slayer-japan.webp,YES,YES,YES,NOT_DISPLAYED,,/home/ubuntu/browser_html/worldos_cc_maps_1787653893171.html
全部,1017,鬼灭之刃模拟器,阿薶俐,/zh-cn/worlds/demon-slayer-simulator-wlq7,/worlds/demon-slayer-simulator-wlq7,YES,/maps/demon-slayer-japan.webp,YES,YES,YES,NOT_DISPLAYED,,/home/ubuntu/browser_html/worldos_cc_maps_1787653893171.html
全部,1018,鬼灭之刃模拟器,1801997742,/zh-cn/worlds/demon-slayer-simulator-cglo,/worlds/demon-slayer-simulator-cglo,YES,/maps/demon-slayer-japan.webp,YES,YES,YES,NOT_DISPLAYED,,/home/ubuntu/browser_html/worldos_cc_maps_1787653893171.html
全部,1019,Demon Slayer Simulator Copia,Deo,/zh-cn/worlds/demon-slayer-simulator-9ze1,/worlds/demon-slayer-simulator-9ze1,YES,/maps/demon-slayer-japan.webp,YES,YES,YES,NOT_DISPLAYED,,/home/ubuntu/browser_html/worldos_cc_maps_1787653893171.html
全部,1020,现代 2026,Maria Lazcano Estrada,/zh-cn/worlds/modern-day-2026-2gzo,/worlds/modern-day-2026-2gzo,YES,https://qunsyxsdbqpinxyjqrqp.supabase.co/storage/v1/object/public/covers/6d0cdd49-7cbe-49b0-8d87-c4d248360881/map-previews/2026aaaa-0000-4000-8000-000000000001.webp?v=19310,YES,YES,YES,NOT_DISPLAYED,,/home/ubuntu/browser_html/worldos_cc_maps_1787653893171.html
全部,1021,Sans AUs,Krist,/zh-cn/worlds/sans-au-s-h7fv,/worlds/sans-au-s-h7fv,YES,https://qunsyxsdbqpinxyjqrqp.supabase.co/storage/v1/object/public/covers/d7a1416a-397f-4ad6-b2f2-b153346e047c/map-previews/e0e4232f-4142-4bf5-990e-35ef793559d0.webp?v=33740,YES,YES,YES,NOT_DISPLAYED,,/home/ubuntu/browser_html/worldos_cc_maps_1787653893171.html
全部,1022,权力的游戏模拟器(冰与火之歌),Алекс TV,/zh-cn/worlds/westeros-4mbe,/worlds/westeros-4mbe,YES,https://qunsyxsdbqpinxyjqrqp.supabase.co/storage/v1/object/public/covers/6d0cdd49-7cbe-49b0-8d87-c4d248360881/map-previews/a50f1c33-0a17-4000-8b00-000000000003.webp?v=5130,YES,YES,YES,NOT_DISPLAYED,,/home/ubuntu/browser_html/worldos_cc_maps_1787653893171.html
全部,1023,Simulador de Cazadores de Demonios: El Legado de la Luna,Arantxa Tafur,/zh-cn/worlds/simulador-de-cazadores-de-demonios-el-le-2kwa,/worlds/simulador-de-cazadores-de-demonios-el-le-2kwa,YES,/maps/demon-slayer-japan.webp,YES,YES,YES,NOT_DISPLAYED,,/home/ubuntu/browser_html/worldos_cc_maps_1787653893171.html
全部,1024,鬼灭之刃模拟器,Taekook,/zh-cn/worlds/demon-slayer-simulator-66rw,/worlds/demon-slayer-simulator-66rw,YES,/maps/demon-slayer-japan.webp,YES,YES,YES,NOT_DISPLAYED,,/home/ubuntu/browser_html/worldos_cc_maps_1787653893171.html
全部,1025,第二次世界大战：1935世界,mary-a2754e,/zh-cn/worlds/segunda-guerra-mundial-mundo-1935-hfhz,/worlds/segunda-guerra-mundial-mundo-1935-hfhz,YES,https://qunsyxsdbqpinxyjqrqp.supabase.co/storage/v1/object/public/covers/6d0cdd49-7cbe-49b0-8d87-c4d248360881/map-previews/22222222-2222-2222-2222-222222222222.webp?v=23294,YES,YES,YES,NOT_DISPLAYED,,/home/ubuntu/browser_html/worldos_cc_maps_1787653893171.html
全部,1026,鬼灭模拟器,Snider Tamyo,/zh-cn/worlds/demon-slayer-simulator-kufg,/worlds/demon-slayer-simulator-kufg,YES,/maps/demon-slayer-japan.webp,YES,YES,YES,NOT_DISPLAYED,,/home/ubuntu/browser_html/worldos_cc_maps_1787653893171.html
全部,1027,二战模拟器 副本,KKKKKASD,/zh-cn/worlds/ww2-7237,/worlds/ww2-7237,YES,https://qunsyxsdbqpinxyjqrqp.supabase.co/storage/v1/object/public/covers/6d0cdd49-7cbe-49b0-8d87-c4d248360881/map-previews/22222222-2222-2222-2222-222222222222.webp?v=23294,YES,YES,YES,NOT_DISPLAYED,,/home/ubuntu/browser_html/worldos_cc_maps_1787653893171.html
全部,1028,航海王,Luana Stefany Sanchez,/zh-cn/worlds/one-piece-87k8,/worlds/one-piece-87k8,YES,https://qunsyxsdbqpinxyjqrqp.supabase.co/storage/v1/object/public/covers/98324d5e-67f2-4d7b-85a6-4da74d8597aa/map-previews/fd3dbc9f-b4df-469e-b87f-42062dbad554.webp?v=38068,YES,YES,YES,NOT_DISPLAYED,,/home/ubuntu/browser_html/worldos_cc_maps_1787653893171.html
全部,1029,鬼灭模拟器,Mili Moreno,/zh-cn/worlds/demon-slayer-simulator-cn3k,/worlds/demon-slayer-simulator-cn3k,YES,/maps/demon-slayer-japan.webp,YES,YES,YES,NOT_DISPLAYED,,/home/ubuntu/browser_html/worldos_cc_maps_1787653893171.html
全部,1030,二战模拟器,陈伟明,/zh-cn/worlds/ww2-e4db,/worlds/ww2-e4db,YES,https://qunsyxsdbqpinxyjqrqp.supabase.co/storage/v1/object/public/covers/6d0cdd49-7cbe-49b0-8d87-c4d248360881/map-previews/22222222-2222-2222-2222-222222222222.webp?v=23294,YES,YES,YES,NOT_DISPLAYED,,/home/ubuntu/browser_html/worldos_cc_maps_1787653893171.html
全部,1031,墨西哥总统模拟器,manguji8805927,/zh-cn/worlds/simulador-de-presidente-de-m-xico-ibx0,/worlds/simulador-de-presidente-de-m-xico-ibx0,YES,https://qunsyxsdbqpinxyjqrqp.supabase.co/storage/v1/object/public/covers/27cc37b9-779c-4bd1-b51b-73fd6f8bf34a/map-previews/cf4f30a3-c82e-4de7-9ac3-51c27457c863.webp?v=24906,YES,YES,YES,NOT_DISPLAYED,,/home/ubuntu/browser_html/worldos_cc_maps_1787653893171.html
全部,1032,墨西哥总统模拟器,manguji8805927,/zh-cn/worlds/simulador-de-presidente-de-m-xico-wf8l,/worlds/simulador-de-presidente-de-m-xico-wf8l,YES,https://qunsyxsdbqpinxyjqrqp.supabase.co/storage/v1/object/public/covers/27cc37b9-779c-4bd1-b51b-73fd6f8bf34a/map-previews/cf4f30a3-c82e-4de7-9ac3-51c27457c863.webp?v=24906,YES,YES,YES,NOT_DISPLAYED,,/home/ubuntu/browser_html/worldos_cc_maps_1787653893171.html
全部,1033,现代世界 2026,2849867627,/zh-cn/worlds/xian-dai-shi-jie-2026-3kn1,/worlds/xian-dai-shi-jie-2026-3kn1,YES,https://qunsyxsdbqpinxyjqrqp.supabase.co/storage/v1/object/public/covers/bffb013d-89a5-44eb-880d-aa35fb5ef5c3/map-previews/0026f83e-2a19-43c7-b03f-dcecf2177afc.webp?v=19364,YES,YES,YES,NOT_DISPLAYED,,/home/ubuntu/browser_html/worldos_cc_maps_1787653893171.html
全部,1034,三国浮生录·列女传,1289786877,/zh-cn/worlds/three-kingdoms-sh3f,/worlds/three-kingdoms-sh3f,YES,https://qunsyxsdbqpinxyjqrqp.supabase.co/storage/v1/object/public/covers/6d0cdd49-7cbe-49b0-8d87-c4d248360881/map-previews/b2c3d4e5-0a17-4000-8b00-000000000052.webp?v=48294,YES,YES,YES,NOT_DISPLAYED,,/home/ubuntu/browser_html/worldos_cc_maps_1787653893171.html
全部,1035,十字军之王3,1289786877,/zh-cn/worlds/crusader-kings-3-mv0k,/worlds/crusader-kings-3-mv0k,YES,https://qunsyxsdbqpinxyjqrqp.supabase.co/storage/v1/object/public/covers/6d0cdd49-7cbe-49b0-8d87-c4d248360881/map-previews/c5300000-0000-4000-8000-000000000001.webp?v=21704,YES,YES,YES,NOT_DISPLAYED,,/home/ubuntu/browser_html/worldos_cc_maps_1787653893171.html
全部,1036,DC宇宙,Keshi445,/zh-cn/worlds/dc-universe-6bx1,/worlds/dc-universe-6bx1,YES,https://qunsyxsdbqpinxyjqrqp.supabase.co/storage/v1/object/public/covers/20cbabe7-0616-4820-ac88-434098164dbc/map-previews/1bd03e5a-94c2-4de7-a1b7-7eecb2f6aab4.webp?v=27998,YES,YES,YES,NOT_DISPLAYED,,/home/ubuntu/browser_html/worldos_cc_maps_1787653893171.html
全部,1037,鬼灭之刃模拟器,MariAleJC Jimenez Claros,/zh-cn/worlds/demon-slayer-simulator-tmay,/worlds/demon-slayer-simulator-tmay,YES,/maps/demon-slayer-japan.webp,YES,YES,YES,NOT_DISPLAYED,,/home/ubuntu/browser_html/worldos_cc_maps_1787653893171.html
全部,1038,鬼灭之刃模拟器,Babix_ekaz,/zh-cn/worlds/demon-slayer-simulator-rzkl,/worlds/demon-slayer-simulator-rzkl,YES,/maps/demon-slayer-japan.webp,YES,YES,YES,NOT_DISPLAYED,,/home/ubuntu/browser_html/worldos_cc_maps_1787653893171.html
全部,1039,权力的游戏模拟器(冰与火之歌),Evans Dania Deschamps Marmolejos,/zh-cn/worlds/westeros-lrpd,/worlds/westeros-lrpd,YES,https://qunsyxsdbqpinxyjqrqp.supabase.co/storage/v1/object/public/covers/6d0cdd49-7cbe-49b0-8d87-c4d248360881/map-previews/a50f1c33-0a17-4000-8b00-000000000003.webp?v=5130,YES,YES,YES,NOT_DISPLAYED,,/home/ubuntu/browser_html/worldos_cc_maps_1787653893171.html
全部,1040,Desarrollo,yarelis montesino,/zh-cn/worlds/desarrollo-ch1v,/worlds/desarrollo-ch1v,YES,https://qunsyxsdbqpinxyjqrqp.supabase.co/storage/v1/object/public/covers/e007fee4-bc9a-4758-84fc-e1d3049a3cf6/map-previews/540fe692-1a13-405e-9000-2f1a4fa97e66.webp?v=19364,YES,YES,YES,NOT_DISPLAYED,,/home/ubuntu/browser_html/worldos_cc_maps_1787653893171.html
全部,1041,鬼灭之刃模拟器,Yoli,/zh-cn/worlds/demon-slayer-simulator-9ruu,/worlds/demon-slayer-simulator-9ruu,YES,https://qunsyxsdbqpinxyjqrqp.supabase.co/storage/v1/object/public/covers/dc7dab68-8615-41a5-8f5e-6fb5e6e7dc13/map-previews/fb19626b-d184-4cb4-8872-59644538da63.webp?v=8350,YES,YES,YES,NOT_DISPLAYED,,/home/ubuntu/browser_html/worldos_cc_maps_1787653893171.html
全部,1042,鬼灭之刃模拟器,wasarojas8,/zh-cn/worlds/demon-slayer-simulator-lthz,/worlds/demon-slayer-simulator-lthz,YES,/maps/demon-slayer-japan.webp,YES,YES,YES,NOT_DISPLAYED,,/home/ubuntu/browser_html/worldos_cc_maps_1787653893171.html
全部,1043,鬼灭之刃模拟器,Sam-8f3715,/zh-cn/worlds/demon-slayer-simulator-6ds1,/worlds/demon-slayer-simulator-6ds1,YES,/maps/demon-slayer-japan.webp,YES,YES,YES,NOT_DISPLAYED,,/home/ubuntu/browser_html/worldos_cc_maps_1787653893171.html
全部,1044,鬼灭之刃模拟器,Rosaivelle,/zh-cn/worlds/demon-slayer-simulator-on4c,/worlds/demon-slayer-simulator-on4c,YES,/maps/demon-slayer-japan.webp,YES,YES,YES,NOT_DISPLAYED,,/home/ubuntu/browser_html/worldos_cc_maps_1787653893171.html
全部,1045,鬼灭之刃模拟器,Rosaivelle,/zh-cn/worlds/demon-slayer-simulator-5taf,/worlds/demon-slayer-simulator-5taf,YES,/maps/demon-slayer-japan.webp,YES,YES,YES,NOT_DISPLAYED,,/home/ubuntu/browser_html/worldos_cc_maps_1787653893171.html
全部,1046,瘟疫模拟器,ztlllll,/zh-cn/worlds/pandemic-simulator-ti31,/worlds/pandemic-simulator-ti31,YES,https://qunsyxsdbqpinxyjqrqp.supabase.co/storage/v1/object/public/covers/5d75e72d-8156-460a-9b27-facfac56a813/map-previews/756021e0-a737-4341-9b26-fc23b1ce8c26.webp?v=18842,YES,YES,YES,NOT_DISPLAYED,,/home/ubuntu/browser_html/worldos_cc_maps_1787653893171.html
全部,1047,现代世界 2026,3607326920,/zh-cn/worlds/xian-dai-shi-jie-2026-hxb6,/worlds/xian-dai-shi-jie-2026-hxb6,YES,https://qunsyxsdbqpinxyjqrqp.supabase.co/storage/v1/object/public/covers/e007fee4-bc9a-4758-84fc-e1d3049a3cf6/map-previews/540fe692-1a13-405e-9000-2f1a4fa97e66.webp?v=19364,YES,YES,YES,NOT_DISPLAYED,,/home/ubuntu/browser_html/worldos_cc_maps_1787653893171.html
全部,1048,三国模拟器,Keren Minkel,/zh-cn/worlds/sanguo-warlords-z86v,/worlds/sanguo-warlords-z86v,YES,https://qunsyxsdbqpinxyjqrqp.supabase.co/storage/v1/object/public/covers/6d0cdd49-7cbe-49b0-8d87-c4d248360881/map-previews/f4a7d133-0a17-4000-8b00-000000000004.webp?v=48286,YES,YES,YES,NOT_DISPLAYED,,/home/ubuntu/browser_html/worldos_cc_maps_1787653893171.html
全部,1049,Geopolítica Mundial: 2024,pablitronic,/zh-cn/worlds/geopol-tica-mundial-2024-kij1,/worlds/geopol-tica-mundial-2024-kij1,YES,https://qunsyxsdbqpinxyjqrqp.supabase.co/storage/v1/object/public/covers/6d0cdd49-7cbe-49b0-8d87-c4d248360881/map-previews/22222222-2222-2222-2222-222222222222.webp?v=23294,YES,YES,YES,NOT_DISPLAYED,,/home/ubuntu/browser_html/worldos_cc_maps_1787653893171.html
全部,1050,⚔️ 中世纪生活 ⚔️,3322964978,/zh-cn/worlds/zhong-shi-ji-sheng-huo-ueqa,/worlds/zhong-shi-ji-sheng-huo-ueqa,YES,https://qunsyxsdbqpinxyjqrqp.supabase.co/storage/v1/object/public/covers/fbb3c935-209f-442b-982c-93e0e82b3fa9/map-previews/c191fa27-b6e3-4eef-9d40-e12a09244c6d.webp?v=70106,YES,YES,YES,NOT_DISPLAYED,,/home/ubuntu/browser_html/worldos_cc_maps_1787653893171.html
全部,1051,二战模拟器,GUANTAO SONG,/zh-cn/worlds/er-zhan-mo-ni-qi-yn1p,/worlds/er-zhan-mo-ni-qi-yn1p,YES,https://qunsyxsdbqpinxyjqrqp.supabase.co/storage/v1/object/public/covers/6d0cdd49-7cbe-49b0-8d87-c4d248360881/map-previews/22222222-2222-2222-2222-222222222222.webp?v=23294,YES,YES,YES,NOT_DISPLAYED,,/home/ubuntu/browser_html/worldos_cc_maps_1787653893171.html
全部,1052,Avatar,Levwww,/zh-cn/worlds/avatar-l41x,/worlds/avatar-l41x,YES,https://qunsyxsdbqpinxyjqrqp.supabase.co/storage/v1/object/public/covers/2ae24dc5-6fae-4b80-b733-61228ced3275/map-previews/33ffc0d5-68de-4bbf-93e6-25dfdff90172.webp?v=81004,YES,YES,YES,NOT_DISPLAYED,,/home/ubuntu/browser_html/worldos_cc_maps_1787653893171.html
全部,1053,伦塔拉,Kaoru Orozco,/zh-cn/worlds/lunthara-lo04,/worlds/lunthara-lo04,YES,https://qunsyxsdbqpinxyjqrqp.supabase.co/storage/v1/object/public/covers/fbb3c935-209f-442b-982c-93e0e82b3fa9/map-previews/c191fa27-b6e3-4eef-9d40-e12a09244c6d.webp?v=70106,YES,YES,YES,NOT_DISPLAYED,,/home/ubuntu/browser_html/worldos_cc_maps_1787653893171.html
全部,1054,二战模拟器 副本,200bb495,/zh-cn/worlds/ww2-l4ju,/worlds/ww2-l4ju,YES,https://qunsyxsdbqpinxyjqrqp.supabase.co/storage/v1/object/public/covers/6d0cdd49-7cbe-49b0-8d87-c4d248360881/map-previews/22222222-2222-2222-2222-222222222222.webp?v=23294,YES,YES,YES,NOT_DISPLAYED,,/home/ubuntu/browser_html/worldos_cc_maps_1787653893171.html
全部,1055,鬼灭之刃模拟器,estefany benitez,/zh-cn/worlds/demon-slayer-simulator-apu9,/worlds/demon-slayer-simulator-apu9,YES,/maps/demon-slayer-japan.webp,YES,YES,YES,NOT_DISPLAYED,,/home/ubuntu/browser_html/worldos_cc_maps_1787653893171.html
全部,1056,纳尼亚传奇,Sh,/zh-cn/worlds/las-cr-nicas-de-narnia-ytt3,/worlds/las-cr-nicas-de-narnia-ytt3,YES,https://qunsyxsdbqpinxyjqrqp.supabase.co/storage/v1/object/public/covers/c766bf6a-8e77-46fc-84ba-666989c61e1c/map-previews/514cd3a0-4ea1-4861-8e86-3d2ec31bddb9.webp?v=101454,YES,YES,YES,NOT_DISPLAYED,,/home/ubuntu/browser_html/worldos_cc_maps_1787653893171.html
全部,1057,"Mundo de Jujutsu Kaisen: ¡Más personajes, mayor libertad!",Antonella-66c2dc,/zh-cn/worlds/mundo-de-jujutsu-kaisen-m-s-personajes-m-awu1,/worlds/mundo-de-jujutsu-kaisen-m-s-personajes-m-awu1,YES,https://qunsyxsdbqpinxyjqrqp.supabase.co/storage/v1/object/public/covers/66c2dc9d-c677-4827-9696-6b5f2d89a539/map-previews/1cb9f9ec-5828-4f7f-b491-a53bb1ba6654.webp?v=8034,YES,YES,YES,NOT_DISPLAYED,,/home/ubuntu/browser_html/worldos_cc_maps_1787653893171.html
全部,1058,报纸,gg gg,/zh-cn/worlds/bao-zhi-sf69,/worlds/bao-zhi-sf69,YES,https://qunsyxsdbqpinxyjqrqp.supabase.co/storage/v1/object/public/covers/6d0cdd49-7cbe-49b0-8d87-c4d248360881/map-previews/57a1da00-0000-4000-8b00-000000000001.webp?v=33316,YES,YES,YES,NOT_DISPLAYED,,/home/ubuntu/browser_html/worldos_cc_maps_1787653893171.html
全部,1059,Simulador de Guerra Fría,Fabiana Pérez-ee2fb3,/zh-cn/worlds/simulador-de-guerra-fr-a-kgbe,/worlds/simulador-de-guerra-fr-a-kgbe,YES,https://qunsyxsdbqpinxyjqrqp.supabase.co/storage/v1/object/public/covers/6d0cdd49-7cbe-49b0-8d87-c4d248360881/map-previews/c01d1947-0000-4000-8000-000000000001.webp?v=29408,YES,YES,YES,NOT_DISPLAYED,,/home/ubuntu/browser_html/worldos_cc_maps_1787653893171.html
全部,1060,Juego de Tronos (Canción de Hielo y Fuego) Copia,Amanda Gut,/zh-cn/worlds/westeros-jbh1,/worlds/westeros-jbh1,YES,https://qunsyxsdbqpinxyjqrqp.supabase.co/storage/v1/object/public/covers/6d0cdd49-7cbe-49b0-8d87-c4d248360881/map-previews/a50f1c33-0a17-4000-8b00-000000000003.webp?v=5130,YES,YES,YES,NOT_DISPLAYED,,/home/ubuntu/browser_html/worldos_cc_maps_1787653893171.html
全部,1061,DC宇宙,Alex Constantine,/zh-cn/worlds/dc-universe-bucb,/worlds/dc-universe-bucb,YES,https://qunsyxsdbqpinxyjqrqp.supabase.co/storage/v1/object/public/covers/fb282042-b921-4489-9f13-e699ec7bd34f/map-previews/770c4509-fea2-4df8-8e17-7e7861376bb1.webp?v=27998,YES,YES,YES,NOT_DISPLAYED,,/home/ubuntu/browser_html/worldos_cc_maps_1787653893171.html
全部,1062,Demon Slayer Simulator,Aripqu,/zh-cn/worlds/demon-slayer-simulator-shfm,/worlds/demon-slayer-simulator-shfm,YES,/maps/demon-slayer-japan.webp,YES,YES,YES,NOT_DISPLAYED,,/home/ubuntu/browser_html/worldos_cc_maps_1787653893171.html
全部,1063,吻，吻，留堂,KmdxOxO,/zh-cn/worlds/kiss-kiss-detention-e4du,/worlds/kiss-kiss-detention-e4du,YES,https://qunsyxsdbqpinxyjqrqp.supabase.co/storage/v1/object/public/covers/012ce406-7e6f-48a0-baf4-165ab2f0f1af/map-previews/c8561458-6299-4b37-8bcd-918fa537eb2b.webp?v=75170,YES,YES,YES,NOT_DISPLAYED,,/home/ubuntu/browser_html/worldos_cc_maps_1787653893171.html
全部,1064,测试2,Drey,/zh-cn/worlds/ce-shi-2-x51y,/worlds/ce-shi-2-x51y,YES,https://qunsyxsdbqpinxyjqrqp.supabase.co/storage/v1/object/public/covers/6d0cdd49-7cbe-49b0-8d87-c4d248360881/map-previews/4f657b6d-0bee-4fc1-9170-6d1869a5b36f.webp?v=48286,YES,YES,YES,NOT_DISPLAYED,,/home/ubuntu/browser_html/worldos_cc_maps_1787653893171.html
全部,1065,Demon Slayer Simulator Copia,Yiceth Nicol Gómez Flórez,/zh-cn/worlds/demon-slayer-simulator-fngi,/worlds/demon-slayer-simulator-fngi,YES,/maps/demon-slayer-japan.webp,YES,YES,YES,NOT_DISPLAYED,,/home/ubuntu/browser_html/worldos_cc_maps_1787653893171.html
全部,1066,Demon Slayer Simulator Copia,Aisha Segura,/zh-cn/worlds/demon-slayer-simulator-xrby,/worlds/demon-slayer-simulator-xrby,YES,/maps/demon-slayer-japan.webp,YES,YES,YES,NOT_DISPLAYED,,/home/ubuntu/browser_html/worldos_cc_maps_1787653893171.html
全部,1067,鬼灭之刃模拟器,Stardust-,/zh-cn/worlds/demon-slayer-simulator-7ogp,/worlds/demon-slayer-simulator-7ogp,YES,/maps/demon-slayer-japan.webp,YES,YES,YES,NOT_DISPLAYED,,/home/ubuntu/browser_html/worldos_cc_maps_1787653893171.html
全部,1068,十字军之王3,Era Li,/zh-cn/worlds/shi-zi-jun-zhi-wang-3-tapi,/worlds/shi-zi-jun-zhi-wang-3-tapi,YES,https://qunsyxsdbqpinxyjqrqp.supabase.co/storage/v1/object/public/covers/6d0cdd49-7cbe-49b0-8d87-c4d248360881/map-previews/c5300000-0000-4000-8000-000000000001.webp?v=21704,YES,YES,YES,NOT_DISPLAYED,,/home/ubuntu/browser_html/worldos_cc_maps_1787653893171.html
全部,1069,CCP,。 a,/zh-cn/worlds/ccp-rfiv,/worlds/ccp-rfiv,YES,https://qunsyxsdbqpinxyjqrqp.supabase.co/storage/v1/object/public/covers/6d0cdd49-7cbe-49b0-8d87-c4d248360881/map-previews/22222222-2222-2222-2222-222222222222.webp?v=23294,YES,YES,YES,NOT_DISPLAYED,,/home/ubuntu/browser_html/worldos_cc_maps_1787653893171.html
全部,1070,Simulador de Cazador de Demonios: Destino de Acero,Floral Empresas,/zh-cn/worlds/simulador-de-cazador-de-demonios-destino-8134fc40bdac,/worlds/simulador-de-cazador-de-demonios-destino-8134fc40bdac,YES,/maps/demon-slayer-japan.webp,YES,YES,YES,NOT_DISPLAYED,,/home/ubuntu/browser_html/worldos_cc_maps_1787653893171.html
全部,1071,二战模拟器,3625762226,/zh-cn/worlds/ww2-rj82,/worlds/ww2-rj82,YES,https://qunsyxsdbqpinxyjqrqp.supabase.co/storage/v1/object/public/covers/6d0cdd49-7cbe-49b0-8d87-c4d248360881/map-previews/22222222-2222-2222-2222-222222222222.webp?v=23294,YES,YES,YES,NOT_DISPLAYED,,/home/ubuntu/browser_html/worldos_cc_maps_1787653893171.html
全部,1072,二战模拟器 副本,3625762226,/zh-cn/worlds/ww2-u7ng,/worlds/ww2-u7ng,YES,https://qunsyxsdbqpinxyjqrqp.supabase.co/storage/v1/object/public/covers/6d0cdd49-7cbe-49b0-8d87-c4d248360881/map-previews/22222222-2222-2222-2222-222222222222.webp?v=23294,YES,YES,YES,NOT_DISPLAYED,,/home/ubuntu/browser_html/worldos_cc_maps_1787653893171.html
全部,1073,十字军之王3 副本,3625762226,/zh-cn/worlds/crusader-kings-3-s9k2,/worlds/crusader-kings-3-s9k2,YES,https://qunsyxsdbqpinxyjqrqp.supabase.co/storage/v1/object/public/covers/6d0cdd49-7cbe-49b0-8d87-c4d248360881/map-previews/c5300000-0000-4000-8000-000000000001.webp?v=21704,YES,YES,YES,NOT_DISPLAYED,,/home/ubuntu/browser_html/worldos_cc_maps_1787653893171.html
全部,1074,十字军之王3 副本,3625762226,/zh-cn/worlds/crusader-kings-3-1bkp,/worlds/crusader-kings-3-1bkp,YES,https://qunsyxsdbqpinxyjqrqp.supabase.co/storage/v1/object/public/covers/6d0cdd49-7cbe-49b0-8d87-c4d248360881/map-previews/c5300000-0000-4000-8000-000000000001.webp?v=21704,YES,YES,YES,NOT_DISPLAYED,,/home/ubuntu/browser_html/worldos_cc_maps_1787653893171.html
全部,1075,⚔️ 中世纪生活 ⚔️,•Imagina Moon•,/zh-cn/worlds/vida-medieval-tj52,/worlds/vida-medieval-tj52,YES,https://qunsyxsdbqpinxyjqrqp.supabase.co/storage/v1/object/public/covers/fbb3c935-209f-442b-982c-93e0e82b3fa9/map-previews/c191fa27-b6e3-4eef-9d40-e12a09244c6d.webp?v=70106,YES,YES,YES,NOT_DISPLAYED,,/home/ubuntu/browser_html/worldos_cc_maps_1787653893171.html
全部,1076,⚔️ 中世纪生活 ⚔️,•Imagina Moon•,/zh-cn/worlds/vida-medieval-8ov9,/worlds/vida-medieval-8ov9,YES,https://qunsyxsdbqpinxyjqrqp.supabase.co/storage/v1/object/public/covers/fbb3c935-209f-442b-982c-93e0e82b3fa9/map-previews/c191fa27-b6e3-4eef-9d40-e12a09244c6d.webp?v=70106,YES,YES,YES,NOT_DISPLAYED,,/home/ubuntu/browser_html/worldos_cc_maps_1787653893171.html
全部,1077,⚔️ 中世纪生活 ⚔️,•Imagina Moon•,/zh-cn/worlds/vida-medieval-w5rd,/worlds/vida-medieval-w5rd,YES,https://qunsyxsdbqpinxyjqrqp.supabase.co/storage/v1/object/public/covers/fbb3c935-209f-442b-982c-93e0e82b3fa9/map-previews/c191fa27-b6e3-4eef-9d40-e12a09244c6d.webp?v=70106,YES,YES,YES,NOT_DISPLAYED,,/home/ubuntu/browser_html/worldos_cc_maps_1787653893171.html
全部,1078,Homeworld: Era 1 Simulator,Dayronlolololo,/zh-cn/worlds/homeworld-era-1-simulator-42d72f21597c,/worlds/homeworld-era-1-simulator-42d72f21597c,YES,https://qunsyxsdbqpinxyjqrqp.supabase.co/storage/v1/object/public/covers/9b86caf9-c0dd-455a-9b23-8711c773c7df/map-previews/f40592af-b0cf-448c-9391-2e78ee987087.webp?v=24522,YES,YES,YES,NOT_DISPLAYED,,/home/ubuntu/browser_html/worldos_cc_maps_1787653893171.html
全部,1079,Demon Slayer Simulator Copia,Christ Kae,/zh-cn/worlds/demon-slayer-simulator-iqul,/worlds/demon-slayer-simulator-iqul,YES,/maps/demon-slayer-japan.webp,YES,YES,YES,NOT_DISPLAYED,,/home/ubuntu/browser_html/worldos_cc_maps_1787653893171.html
全部,1080,₊˚‧ 索尼克世界 ˚.,bubble,/zh-cn/worlds/o-i-o-ogwg,/worlds/o-i-o-ogwg,YES,https://qunsyxsdbqpinxyjqrqp.supabase.co/storage/v1/object/public/covers/4fd2a52d-1b40-44d5-b9af-cc5e2c743340/map-previews/83d3ce0f-2d8f-499f-8bc8-c937fffa2c23.webp?v=42184,YES,YES,YES,NOT_DISPLAYED,,/home/ubuntu/browser_html/worldos_cc_maps_1787653893171.html
全部,1081,鬼灭之刃模拟器,Valeria Antonella Ramos Vega,/zh-cn/worlds/demon-slayer-simulator-0y17,/worlds/demon-slayer-simulator-0y17,YES,/maps/demon-slayer-japan.webp,YES,YES,YES,NOT_DISPLAYED,,/home/ubuntu/browser_html/worldos_cc_maps_1787653893171.html
全部,1082,《精灵宝可梦》·万象旅途 副本,lmj080314,/zh-cn/worlds/jing-ling-bao-ke-meng-wan-xiang-l-tu-6ab-o7ub,/worlds/jing-ling-bao-ke-meng-wan-xiang-l-tu-6ab-o7ub,YES,https://qunsyxsdbqpinxyjqrqp.supabase.co/storage/v1/object/public/covers/ec732486-17ec-428a-9d22-0d7da8a01ee6/map-previews/1279b462-3e0c-48c6-9986-e647dbbc40c4.webp?v=36624,YES,YES,YES,NOT_DISPLAYED,,/home/ubuntu/browser_html/worldos_cc_maps_1787653893171.html
全部,1083,Pokemon 🔴 Copy,Coquiyo,/zh-cn/worlds/pokemon-59df,/worlds/pokemon-59df,YES,https://qunsyxsdbqpinxyjqrqp.supabase.co/storage/v1/object/public/covers/ec732486-17ec-428a-9d22-0d7da8a01ee6/map-previews/1279b462-3e0c-48c6-9986-e647dbbc40c4.webp?v=36624,YES,YES,YES,NOT_DISPLAYED,,/home/ubuntu/browser_html/worldos_cc_maps_1787653893171.html
全部,1084,Demon Slayer Simulator Copia,Floral Empresas,/zh-cn/worlds/demon-slayer-simulator-fgf1,/worlds/demon-slayer-simulator-fgf1,YES,/maps/demon-slayer-japan.webp,YES,YES,YES,NOT_DISPLAYED,,/home/ubuntu/browser_html/worldos_cc_maps_1787653893171.html
全部,1085,DC宇宙,Alex Constantine,/zh-cn/worlds/dc-universe-5f34,/worlds/dc-universe-5f34,YES,https://qunsyxsdbqpinxyjqrqp.supabase.co/storage/v1/object/public/covers/fb282042-b921-4489-9f13-e699ec7bd34f/map-previews/770c4509-fea2-4df8-8e17-7e7861376bb1.webp?v=27998,YES,YES,YES,NOT_DISPLAYED,,/home/ubuntu/browser_html/worldos_cc_maps_1787653893171.html
全部,1086,日本高中模拟器2018,World101,/zh-cn/worlds/japanese-high-school,/worlds/japanese-high-school,YES,https://qunsyxsdbqpinxyjqrqp.supabase.co/storage/v1/object/public/covers/6d0cdd49-7cbe-49b0-8d87-c4d248360881/map-previews/7e5c1a90-2b4d-4f68-9c3a-1d8e6f0b2a55.webp?v=1758,YES,YES,YES,NOT_DISPLAYED,,/home/ubuntu/browser_html/worldos_cc_maps_1787653893171.html
全部,1087,维多利亚吸血鬼模拟器,World101,/zh-cn/worlds/crimson-london,/worlds/crimson-london,YES,https://qunsyxsdbqpinxyjqrqp.supabase.co/storage/v1/object/public/covers/6d0cdd49-7cbe-49b0-8d87-c4d248360881/map-previews/99999999-9999-9999-9999-999999999999.webp?v=928,YES,YES,YES,NOT_DISPLAYED,,/home/ubuntu/browser_html/worldos_cc_maps_1787653893171.html
全部,1088,博人传：新时代,Themaris,/zh-cn/worlds/boruto-next-generations-nwg8,/worlds/boruto-next-generations-nwg8,YES,https://qunsyxsdbqpinxyjqrqp.supabase.co/storage/v1/object/public/covers/ec22f623-3a36-4663-8c3e-951efe1341a6/map-previews/f195f229-5ffb-4d61-94d2-c976d1907ed7.webp?v=8218,YES,YES,YES,NOT_DISPLAYED,,/home/ubuntu/browser_html/worldos_cc_maps_1787653893171.html
全部,1089,樱花高中的爱与恨,lix,/zh-cn/worlds/love-and-hate-at-sakura-high-8mmt,/worlds/love-and-hate-at-sakura-high-8mmt,YES,https://qunsyxsdbqpinxyjqrqp.supabase.co/storage/v1/object/public/covers/1287e215-5809-49c0-b389-d444c5079a34/map-previews/6f012df0-ca7d-4172-8e21-1a02a172af17.webp?v=1668,YES,YES,YES,NOT_DISPLAYED,,/home/ubuntu/browser_html/worldos_cc_maps_1787653893171.html
全部,1090,Demon Slaying High School Simulator 2018,Amber AS11952,/zh-cn/worlds/demon-slaying-high-school-simulator-2018-hslt,/worlds/demon-slaying-high-school-simulator-2018-hslt,YES,https://qunsyxsdbqpinxyjqrqp.supabase.co/storage/v1/object/public/covers/1bbc2a53-87d1-4cb0-b600-064a7c8f55e5/map-previews/864924ef-462f-414b-b295-c118866d8907.webp?v=1758,YES,YES,YES,NOT_DISPLAYED,,/home/ubuntu/browser_html/worldos_cc_maps_1787653893171.html
全部,1091,火影忍者模拟器,heyuming612,/zh-cn/worlds/naruto-live-another-life-a-shinobi-story,/worlds/naruto-live-another-life-a-shinobi-story,YES,https://qunsyxsdbqpinxyjqrqp.supabase.co/storage/v1/object/public/covers/c68180a5-cf99-4aad-b7b4-c58bfbeb09af/map-previews/0e6a17a1-a77d-4abd-9c71-e55e2c147c41.webp?v=25164,YES,YES,YES,NOT_DISPLAYED,,/home/ubuntu/browser_html/worldos_cc_maps_1787653893171.html
全部,1092,宝可梦 (帕希欧),Abi Wayne,/zh-cn/worlds/pok-mon-passio-gcrc,/worlds/pok-mon-passio-gcrc,YES,https://qunsyxsdbqpinxyjqrqp.supabase.co/storage/v1/object/public/covers/cb43f624-dd2c-4f67-b1e4-4e34e2e0f31a/map-previews/7e7768f8-aa1b-4cb7-b9e2-be78c833eeb5.webp?v=8216,YES,YES,YES,NOT_DISPLAYED,,/home/ubuntu/browser_html/worldos_cc_maps_1787653893171.html
全部,1093,石纪元宇宙,offfline,/zh-cn/worlds/dr-stone-universe-ozh5,/worlds/dr-stone-universe-ozh5,YES,https://qunsyxsdbqpinxyjqrqp.supabase.co/storage/v1/object/public/covers/b664f0a5-7b1c-4372-a2ab-789a96835754/map-previews/9e982248-e631-4334-821e-af3d96c59d4c.webp?v=2404,YES,YES,YES,NOT_DISPLAYED,,/home/ubuntu/browser_html/worldos_cc_maps_1787653893171.html
全部,1094,美国高中,HolyShit,/zh-cn/worlds/american-high-school-gt7o,/worlds/american-high-school-gt7o,YES,https://qunsyxsdbqpinxyjqrqp.supabase.co/storage/v1/object/public/covers/9ac54c12-dc0e-47f7-a9a5-613237f4ccb0/map-previews/0eecad57-9d8c-42b1-b489-49b4f497b387.webp?v=1084,YES,YES,YES,NOT_DISPLAYED,,/home/ubuntu/browser_html/worldos_cc_maps_1787653893171.html
全部,1095,以色列总理模拟器,buranenergiya,/zh-cn/worlds/yi-se-lie-zong-li-mo-ni-qi-wnck,/worlds/yi-se-lie-zong-li-mo-ni-qi-wnck,YES,https://qunsyxsdbqpinxyjqrqp.supabase.co/storage/v1/object/public/covers/e007fee4-bc9a-4758-84fc-e1d3049a3cf6/map-previews/307ba7d5-1c86-4136-b00b-2b3caefe5ee9.webp?v=17510,YES,YES,YES,NOT_DISPLAYED,,/home/ubuntu/browser_html/worldos_cc_maps_1787653893171.html
全部,1096,末日生存庇护所,World101,/zh-cn/worlds/wasteland-shelter,/worlds/wasteland-shelter,YES,https://qunsyxsdbqpinxyjqrqp.supabase.co/storage/v1/object/public/covers/6d0cdd49-7cbe-49b0-8d87-c4d248360881/map-previews/88888888-8888-8888-8888-888888888888.webp?v=1462,YES,YES,YES,NOT_DISPLAYED,,/home/ubuntu/browser_html/worldos_cc_maps_1787653893171.html
全部,1097,DC 宇宙,Yania marcela,/zh-cn/worlds/dc-universo-w64s,/worlds/dc-universo-w64s,YES,https://qunsyxsdbqpinxyjqrqp.supabase.co/storage/v1/object/public/covers/c40a7acc-c730-456b-89ea-7d3d91853516/map-previews/73b5fad9-7e6b-41ea-a40c-9889654346c9.webp?v=4316,YES,YES,YES,NOT_DISPLAYED,,/home/ubuntu/browser_html/worldos_cc_maps_1787653893171.html
全部,1098,2030：第三次世界大战,Kate Lee,/zh-cn/worlds/2030-po-sui-zhi-xu-2fb77c,/worlds/2030-po-sui-zhi-xu-2fb77c,YES,https://qunsyxsdbqpinxyjqrqp.supabase.co/storage/v1/object/public/covers/6d6ac739-b0e5-4a7b-ac15-b07c0b149a9d/map-previews/d69dd759-af00-4ef9-9cda-0143e6502497.webp?v=16914,YES,YES,YES,NOT_DISPLAYED,,/home/ubuntu/browser_html/worldos_cc_maps_1787653893171.html
全部,1099,雅典娜学院模拟器,Mepacho,/zh-cn/worlds/athens-school-simulator-wu1s,/worlds/athens-school-simulator-wu1s,YES,https://qunsyxsdbqpinxyjqrqp.supabase.co/storage/v1/object/public/covers/6629c77a-ef6a-42e0-8fda-9393069bdad8/map-previews/747f6a9e-0476-4fb3-8292-7a250406130b.webp?v=2234,YES,YES,YES,NOT_DISPLAYED,,/home/ubuntu/browser_html/worldos_cc_maps_1787653893171.html
全部,1100,Tokyo Revengers,Pusheeny,/zh-cn/worlds/sanji-jpda,/worlds/sanji-jpda,YES,https://qunsyxsdbqpinxyjqrqp.supabase.co/storage/v1/object/public/covers/35587db4-5a8f-4cdd-9df7-5506397ee9d1/map-previews/96058496-caf8-40b2-9a2f-16779f9d5628.webp?v=3774,YES,YES,YES,NOT_DISPLAYED,,/home/ubuntu/browser_html/worldos_cc_maps_1787653893171.html
全部,1101,冰与火之歌：长冬纪元（DND）,KKKKKASD,/zh-cn/worlds/bing-yu-huo-zhi-ge-chang-dong-ji-yuan-ne-2a0594,/worlds/bing-yu-huo-zhi-ge-chang-dong-ji-yuan-ne-2a0594,YES,https://qunsyxsdbqpinxyjqrqp.supabase.co/storage/v1/object/public/covers/9d999996-f578-4276-922d-d1128b971ed4/map-previews/20391327-f7b2-4039-be41-87e9dc1dbfd7.webp?v=20590,YES,YES,YES,NOT_DISPLAYED,,/home/ubuntu/browser_html/worldos_cc_maps_1787653893171.html
全部,1102,侦探模拟器:沉默的布谷鸟,World101,/zh-cn/worlds/silent-cuckoo,/worlds/silent-cuckoo,YES,https://qunsyxsdbqpinxyjqrqp.supabase.co/storage/v1/object/public/covers/6d0cdd49-7cbe-49b0-8d87-c4d248360881/map-previews/66666666-6666-6666-6666-666666666666.webp?v=2234,YES,YES,YES,NOT_DISPLAYED,,/home/ubuntu/browser_html/worldos_cc_maps_1787653893171.html
全部,1103,空白纪元：文明初曙,Sakura,/zh-cn/worlds/kong-bai-ji-yuan-wen-ming-chu-huo-45ccff,/worlds/kong-bai-ji-yuan-wen-ming-chu-huo-45ccff,YES,https://qunsyxsdbqpinxyjqrqp.supabase.co/storage/v1/object/public/covers/b299952d-32af-48e8-8eaa-850e3640308d/map-previews/bb00a297-7c13-44f1-8c40-163e85d0fe99.webp?v=27136,YES,YES,YES,NOT_DISPLAYED,,/home/ubuntu/browser_html/worldos_cc_maps_1787653893171.html
全部,1104,勇敢新世界：2020,星河鹭起,/zh-cn/worlds/yong-gan-xin-shi-jie-2020-37cj,/worlds/yong-gan-xin-shi-jie-2020-37cj,YES,https://qunsyxsdbqpinxyjqrqp.supabase.co/storage/v1/object/public/covers/6d6ac739-b0e5-4a7b-ac15-b07c0b149a9d/map-previews/f729a58f-a7c1-4042-bca9-5e8f6c4749c8.webp?v=20364,YES,YES,YES,NOT_DISPLAYED,,/home/ubuntu/browser_html/worldos_cc_maps_1787653893171.html
全部,1105,侦探模拟器:玫瑰的故事,World101,/zh-cn/worlds/roses-story,/worlds/roses-story,YES,https://qunsyxsdbqpinxyjqrqp.supabase.co/storage/v1/object/public/covers/6d0cdd49-7cbe-49b0-8d87-c4d248360881/map-previews/70000000-0000-4000-8000-000000000001.webp?v=2234,YES,YES,YES,NOT_DISPLAYED,,/home/ubuntu/browser_html/worldos_cc_maps_1787653893171.html
全部,1106,博人传：新时代,Luu,/zh-cn/worlds/boruto-next-generations-krvw,/worlds/boruto-next-generations-krvw,YES,https://qunsyxsdbqpinxyjqrqp.supabase.co/storage/v1/object/public/covers/2f178d35-daa1-4153-a0b0-eca703d8fa4c/map-previews/c139918e-e18a-4ce3-bbdd-2acfef294451.webp?v=8218,YES,YES,YES,NOT_DISPLAYED,,/home/ubuntu/browser_html/worldos_cc_maps_1787653893171.html
全部,1107,侦探模拟器:铁鹰之死,World101,/zh-cn/worlds/iron-eagle,/worlds/iron-eagle,YES,https://qunsyxsdbqpinxyjqrqp.supabase.co/storage/v1/object/public/covers/6d0cdd49-7cbe-49b0-8d87-c4d248360881/map-previews/70000000-0000-4000-8000-000000000003.webp?v=2234,YES,YES,YES,NOT_DISPLAYED,,/home/ubuntu/browser_html/worldos_cc_maps_1787653893171.html
全部,1108,Miitopia (文字版),Jundex,/zh-cn/worlds/miitopia-text-versi-n-u5k0,/worlds/miitopia-text-versi-n-u5k0,YES,https://qunsyxsdbqpinxyjqrqp.supabase.co/storage/v1/object/public/covers/89a607a6-6b0f-4bad-8320-de53bf39e3d5/map-previews/ddeaa4ce-63cf-4219-9ba0-1727d395c540.webp?v=5124,YES,YES,YES,NOT_DISPLAYED,,/home/ubuntu/browser_html/worldos_cc_maps_1787653893171.html
全部,1109,我穿越到大明当县令,Kate Lee,/zh-cn/worlds/zhu-yuan-zhang-zhen-de-xin-cheng-wei-wei-d39a5c,/worlds/zhu-yuan-zhang-zhen-de-xin-cheng-wei-wei-d39a5c,YES,https://qunsyxsdbqpinxyjqrqp.supabase.co/storage/v1/object/public/covers/6d6ac739-b0e5-4a7b-ac15-b07c0b149a9d/map-previews/46504159-ee87-44a3-af54-d7d57c6f8697.webp?v=15876,YES,YES,YES,NOT_DISPLAYED,,/home/ubuntu/browser_html/worldos_cc_maps_1787653893171.html
全部,1110,Assasin's Creed Odyssey,Angel Genovés,/zh-cn/worlds/assasin-s-creed-odyssey-mjdt,/worlds/assasin-s-creed-odyssey-mjdt,YES,https://qunsyxsdbqpinxyjqrqp.supabase.co/storage/v1/object/public/covers/712940fc-5469-4010-931d-96d09dc06acf/map-previews/35f15be6-e483-44c9-804d-f37a35f571fc.webp?v=12534,YES,YES,YES,NOT_DISPLAYED,,/home/ubuntu/browser_html/worldos_cc_maps_1787653893171.html
全部,1111,恋与深空：丧尸末日,Sakura,/zh-cn/worlds/lin-kong-yu-jin-liu-ren-an-quan-wu-8fc576,/worlds/lin-kong-yu-jin-liu-ren-an-quan-wu-8fc576,YES,https://qunsyxsdbqpinxyjqrqp.supabase.co/storage/v1/object/public/covers/b299952d-32af-48e8-8eaa-850e3640308d/map-previews/a403459d-4672-426b-b9d1-4fd2b3b99411.webp?v=1282,YES,YES,YES,NOT_DISPLAYED,,/home/ubuntu/browser_html/worldos_cc_maps_1787653893171.html
全部,1112,博人传：新时代,Jincox03,/zh-cn/worlds/boruto-next-generations-epk1,/worlds/boruto-next-generations-epk1,YES,https://qunsyxsdbqpinxyjqrqp.supabase.co/storage/v1/object/public/covers/2f178d35-daa1-4153-a0b0-eca703d8fa4c/map-previews/c139918e-e18a-4ce3-bbdd-2acfef294451.webp?v=8218,YES,YES,YES,NOT_DISPLAYED,,/home/ubuntu/browser_html/worldos_cc_maps_1787653893171.html
全部,1113,博人传：新时代,Daniel-ff0688,/zh-cn/worlds/boruto-next-generations-efvz,/worlds/boruto-next-generations-efvz,YES,https://qunsyxsdbqpinxyjqrqp.supabase.co/storage/v1/object/public/covers/ec22f623-3a36-4663-8c3e-951efe1341a6/map-previews/f195f229-5ffb-4d61-94d2-c976d1907ed7.webp?v=8218,YES,YES,YES,NOT_DISPLAYED,,/home/ubuntu/browser_html/worldos_cc_maps_1787653893171.html
全部,1114,博人传：新时代,Themaris,/zh-cn/worlds/boruto-next-generations-nomx,/worlds/boruto-next-generations-nomx,YES,https://qunsyxsdbqpinxyjqrqp.supabase.co/storage/v1/object/public/covers/ec22f623-3a36-4663-8c3e-951efe1341a6/map-previews/f195f229-5ffb-4d61-94d2-c976d1907ed7.webp?v=8218,YES,YES,YES,NOT_DISPLAYED,,/home/ubuntu/browser_html/worldos_cc_maps_1787653893171.html
全部,1115,维多利亚吸血鬼模拟器,flor,/zh-cn/worlds/crimson-op82,/worlds/crimson-op82,YES,https://qunsyxsdbqpinxyjqrqp.supabase.co/storage/v1/object/public/covers/6d0cdd49-7cbe-49b0-8d87-c4d248360881/map-previews/99999999-9999-9999-9999-999999999999.webp?v=928,YES,YES,YES,NOT_DISPLAYED,,/home/ubuntu/browser_html/worldos_cc_maps_1787653893171.html
全部,1116,日本高中模拟器2018,2125471151,/zh-cn/worlds/japanese-high-b2e2,/worlds/japanese-high-b2e2,YES,https://qunsyxsdbqpinxyjqrqp.supabase.co/storage/v1/object/public/covers/6d0cdd49-7cbe-49b0-8d87-c4d248360881/map-previews/7e5c1a90-2b4d-4f68-9c3a-1d8e6f0b2a55.webp?v=1758,YES,YES,YES,NOT_DISPLAYED,,/home/ubuntu/browser_html/worldos_cc_maps_1787653893171.html
全部,1117,侦探模拟器:夜莺之歌,World101,/zh-cn/worlds/nightingale-song,/worlds/nightingale-song,YES,https://qunsyxsdbqpinxyjqrqp.supabase.co/storage/v1/object/public/covers/6d0cdd49-7cbe-49b0-8d87-c4d248360881/map-previews/70000000-0000-4000-8000-000000000002.webp?v=2234,YES,YES,YES,NOT_DISPLAYED,,/home/ubuntu/browser_html/worldos_cc_maps_1787653893171.html
全部,1118,纯真青年模拟器 (高中 2018),mob,/zh-cn/worlds/pure-youth-simulator-high-school-2018-lder,/worlds/pure-youth-simulator-high-school-2018-lder,YES,https://qunsyxsdbqpinxyjqrqp.supabase.co/storage/v1/object/public/covers/6d0cdd49-7cbe-49b0-8d87-c4d248360881/map-previews/7e5c1a90-2b4d-4f68-9c3a-1d8e6f0b2a55.webp?v=1758,YES,YES,YES,NOT_DISPLAYED,,/home/ubuntu/browser_html/worldos_cc_maps_1787653893171.html
全部,1119,维多利亚吸血鬼模拟器 副本,shiratori90414,/zh-cn/worlds/crimson-of9t,/worlds/crimson-of9t,YES,https://qunsyxsdbqpinxyjqrqp.supabase.co/storage/v1/object/public/covers/6d0cdd49-7cbe-49b0-8d87-c4d248360881/map-previews/9f086d5c-a78a-4dd9-a98f-ef1507b3c354.webp?v=928,YES,YES,YES,NOT_DISPLAYED,,/home/ubuntu/browser_html/worldos_cc_maps_1787653893171.html
全部,1120,星空高中仓鼠交换,mery angela,/zh-cn/worlds/japanese-high-cuo0,/worlds/japanese-high-cuo0,YES,https://qunsyxsdbqpinxyjqrqp.supabase.co/storage/v1/object/public/covers/5068c90e-e8fc-4462-a5f3-30ac073d4bc7/map-previews/c203cbc4-e1f8-4284-a78b-bbe26698bbb9.webp?v=1758,YES,YES,YES,NOT_DISPLAYED,,/home/ubuntu/browser_html/worldos_cc_maps_1787653893171.html
全部,1121,Los 100 novios que te aman mucho,Sofiam Millao,/zh-cn/worlds/los-100-novios-que-te-aman-mucho-dv0o,/worlds/los-100-novios-que-te-aman-mucho-dv0o,YES,https://qunsyxsdbqpinxyjqrqp.supabase.co/storage/v1/object/public/covers/357a0f82-ce02-4488-8d92-f898bfae9a90/map-previews/df225863-aace-4220-a900-b317b1982a43.webp?v=992,YES,YES,YES,NOT_DISPLAYED,,/home/ubuntu/browser_html/worldos_cc_maps_1787653893171.html
全部,1122,樱花高中的爱与恨,Temu Citas,/zh-cn/worlds/love-and-hate-at-sakura-high-7r62,/worlds/love-and-hate-at-sakura-high-7r62,YES,https://qunsyxsdbqpinxyjqrqp.supabase.co/storage/v1/object/public/covers/1287e215-5809-49c0-b389-d444c5079a34/map-previews/6f012df0-ca7d-4172-8e21-1a02a172af17.webp?v=1668,YES,YES,YES,NOT_DISPLAYED,,/home/ubuntu/browser_html/worldos_cc_maps_1787653893171.html
全部,1123,樱花高校：支配与服从,2736534500,/zh-cn/worlds/ying-hua-gao-xiao-zhi-pei-yu-fu-cong-e4nt,/worlds/ying-hua-gao-xiao-zhi-pei-yu-fu-cong-e4nt,YES,https://qunsyxsdbqpinxyjqrqp.supabase.co/storage/v1/object/public/covers/391eaaff-fdb0-461b-87f4-46a3af4b2b14/map-previews/74c19592-4105-4c87-a703-38ea126abc6e.webp?v=1758,YES,YES,YES,NOT_DISPLAYED,,/home/ubuntu/browser_html/worldos_cc_maps_1787653893171.html
全部,1124,宝可梦 (帕希欧),rin phonny (Ririn),/zh-cn/worlds/pok-mon-passio-xlq0,/worlds/pok-mon-passio-xlq0,YES,https://qunsyxsdbqpinxyjqrqp.supabase.co/storage/v1/object/public/covers/cb43f624-dd2c-4f67-b1e4-4e34e2e0f31a/map-previews/7e7768f8-aa1b-4cb7-b9e2-be78c833eeb5.webp?v=8216,YES,YES,YES,NOT_DISPLAYED,,/home/ubuntu/browser_html/worldos_cc_maps_1787653893171.html
全部,1125,日本高中模拟器2018,Caterin,/zh-cn/worlds/japanese-high-6qzc,/worlds/japanese-high-6qzc,YES,https://qunsyxsdbqpinxyjqrqp.supabase.co/storage/v1/object/public/covers/6d0cdd49-7cbe-49b0-8d87-c4d248360881/map-previews/7e5c1a90-2b4d-4f68-9c3a-1d8e6f0b2a55.webp?v=1758,YES,YES,YES,NOT_DISPLAYED,,/home/ubuntu/browser_html/worldos_cc_maps_1787653893171.html
全部,1126,末日生存庇护所,林五杀,/zh-cn/worlds/wasteland-shelter-6rnp,/worlds/wasteland-shelter-6rnp,YES,https://qunsyxsdbqpinxyjqrqp.supabase.co/storage/v1/object/public/covers/6d0cdd49-7cbe-49b0-8d87-c4d248360881/map-previews/88888888-8888-8888-8888-888888888888.webp?v=1462,YES,YES,YES,NOT_DISPLAYED,,/home/ubuntu/browser_html/worldos_cc_maps_1787653893171.html
全部,1127,风之破风者模拟器：风铃叛逆者,Mel-20235e,/zh-cn/worlds/wind-breaker-simulator-delincuentes-de-f-32e9,/worlds/wind-breaker-simulator-delincuentes-de-f-32e9,YES,https://qunsyxsdbqpinxyjqrqp.supabase.co/storage/v1/object/public/covers/20235e14-2415-4485-bcc2-54a5b2f03d40/map-previews/89347990-c357-4d6a-89c2-ab989a144800.webp?v=1758,YES,YES,YES,NOT_DISPLAYED,,/home/ubuntu/browser_html/worldos_cc_maps_1787653893171.html
全部,1128,石纪元宇宙,Saray Gomez,/zh-cn/worlds/dr-stone-universe-xxvu,/worlds/dr-stone-universe-xxvu,YES,https://qunsyxsdbqpinxyjqrqp.supabase.co/storage/v1/object/public/covers/b664f0a5-7b1c-4372-a2ab-789a96835754/map-previews/9e982248-e631-4334-821e-af3d96c59d4c.webp?v=2404,YES,YES,YES,NOT_DISPLAYED,,/home/ubuntu/browser_html/worldos_cc_maps_1787653893171.html
全部,1129,日本高中模拟器2018,John-71a660,/zh-cn/worlds/japanese-high-u3bw,/worlds/japanese-high-u3bw,YES,https://qunsyxsdbqpinxyjqrqp.supabase.co/storage/v1/object/public/covers/6d0cdd49-7cbe-49b0-8d87-c4d248360881/map-previews/7e5c1a90-2b4d-4f68-9c3a-1d8e6f0b2a55.webp?v=1758,YES,YES,YES,NOT_DISPLAYED,,/home/ubuntu/browser_html/worldos_cc_maps_1787653893171.html
全部,1130,Los 100 novios que te aman mucho,Sofiam Millao,/zh-cn/worlds/los-100-novios-que-te-aman-mucho-k9gs,/worlds/los-100-novios-que-te-aman-mucho-k9gs,YES,https://qunsyxsdbqpinxyjqrqp.supabase.co/storage/v1/object/public/covers/357a0f82-ce02-4488-8d92-f898bfae9a90/map-previews/df225863-aace-4220-a900-b317b1982a43.webp?v=992,YES,YES,YES,NOT_DISPLAYED,,/home/ubuntu/browser_html/worldos_cc_maps_1787653893171.html
全部,1131,日本高中模拟器2018,Fisiajgdjqosiwiand,/zh-cn/worlds/japanese-high-gvfw,/worlds/japanese-high-gvfw,YES,https://qunsyxsdbqpinxyjqrqp.supabase.co/storage/v1/object/public/covers/6d0cdd49-7cbe-49b0-8d87-c4d248360881/map-previews/7e5c1a90-2b4d-4f68-9c3a-1d8e6f0b2a55.webp?v=1758,YES,YES,YES,NOT_DISPLAYED,,/home/ubuntu/browser_html/worldos_cc_maps_1787653893171.html
全部,1132,日本高中模拟器2018,Fisiajgdjqosiwiand,/zh-cn/worlds/japanese-high-uhya,/worlds/japanese-high-uhya,YES,https://qunsyxsdbqpinxyjqrqp.supabase.co/storage/v1/object/public/covers/6d0cdd49-7cbe-49b0-8d87-c4d248360881/map-previews/7e5c1a90-2b4d-4f68-9c3a-1d8e6f0b2a55.webp?v=1758,YES,YES,YES,NOT_DISPLAYED,,/home/ubuntu/browser_html/worldos_cc_maps_1787653893171.html
全部,1133,日本高中模拟器2018,Mega Ex,/zh-cn/worlds/japanese-high-5hmx,/worlds/japanese-high-5hmx,YES,https://qunsyxsdbqpinxyjqrqp.supabase.co/storage/v1/object/public/covers/6d0cdd49-7cbe-49b0-8d87-c4d248360881/map-previews/7e5c1a90-2b4d-4f68-9c3a-1d8e6f0b2a55.webp?v=1758,YES,YES,YES,NOT_DISPLAYED,,/home/ubuntu/browser_html/worldos_cc_maps_1787653893171.html
全部,1134,High School Simulator 2018: Edición Sakura,viruezfranco1,/zh-cn/worlds/high-school-simulator-2018-edici-n-sakur-a591f47649e0,/worlds/high-school-simulator-2018-edici-n-sakur-a591f47649e0,YES,https://qunsyxsdbqpinxyjqrqp.supabase.co/storage/v1/object/public/covers/6d0cdd49-7cbe-49b0-8d87-c4d248360881/map-previews/7e5c1a90-2b4d-4f68-9c3a-1d8e6f0b2a55.webp?v=1758,YES,YES,YES,NOT_DISPLAYED,,/home/ubuntu/browser_html/worldos_cc_maps_1787653893171.html
全部,1135,日本高中模拟器2018,Fisiajgdjqosiwiand,/zh-cn/worlds/japanese-high-2l6e,/worlds/japanese-high-2l6e,YES,https://qunsyxsdbqpinxyjqrqp.supabase.co/storage/v1/object/public/covers/6d0cdd49-7cbe-49b0-8d87-c4d248360881/map-previews/7e5c1a90-2b4d-4f68-9c3a-1d8e6f0b2a55.webp?v=1758,YES,YES,YES,NOT_DISPLAYED,,/home/ubuntu/browser_html/worldos_cc_maps_1787653893171.html
全部,1136,High School Simulator 2018: El Culto del Engendro,Starflarex,/zh-cn/worlds/high-school-simulator-2018-el-culto-del-77de226f1c92,/worlds/high-school-simulator-2018-el-culto-del-77de226f1c92,YES,https://qunsyxsdbqpinxyjqrqp.supabase.co/storage/v1/object/public/covers/6d0cdd49-7cbe-49b0-8d87-c4d248360881/map-previews/7e5c1a90-2b4d-4f68-9c3a-1d8e6f0b2a55.webp?v=1758,YES,YES,YES,NOT_DISPLAYED,,/home/ubuntu/browser_html/worldos_cc_maps_1787653893171.html
全部,1137,High School Simulator 2018: El Culto del Engendro,Starflarex,/zh-cn/worlds/high-school-simulator-2018-el-culto-del-f1a8875673fc,/worlds/high-school-simulator-2018-el-culto-del-f1a8875673fc,YES,https://qunsyxsdbqpinxyjqrqp.supabase.co/storage/v1/object/public/covers/6d0cdd49-7cbe-49b0-8d87-c4d248360881/map-previews/7e5c1a90-2b4d-4f68-9c3a-1d8e6f0b2a55.webp?v=1758,YES,YES,YES,NOT_DISPLAYED,,/home/ubuntu/browser_html/worldos_cc_maps_1787653893171.html
全部,1138,博人传：新时代,Jincox03,/zh-cn/worlds/boruto-next-generations-o2lc,/worlds/boruto-next-generations-o2lc,YES,https://qunsyxsdbqpinxyjqrqp.supabase.co/storage/v1/object/public/covers/ec22f623-3a36-4663-8c3e-951efe1341a6/map-previews/f195f229-5ffb-4d61-94d2-c976d1907ed7.webp?v=8218,YES,YES,YES,NOT_DISPLAYED,,/home/ubuntu/browser_html/worldos_cc_maps_1787653893171.html
全部,1139,博人传：新时代,Jincox03,/zh-cn/worlds/boruto-next-generations-bisa,/worlds/boruto-next-generations-bisa,YES,https://qunsyxsdbqpinxyjqrqp.supabase.co/storage/v1/object/public/covers/2f178d35-daa1-4153-a0b0-eca703d8fa4c/map-previews/c139918e-e18a-4ce3-bbdd-2acfef294451.webp?v=8218,YES,YES,YES,NOT_DISPLAYED,,/home/ubuntu/browser_html/worldos_cc_maps_1787653893171.html
全部,1140,日本高中模拟器2018,John-71a660,/zh-cn/worlds/japanese-high-r43i,/worlds/japanese-high-r43i,YES,https://qunsyxsdbqpinxyjqrqp.supabase.co/storage/v1/object/public/covers/6d0cdd49-7cbe-49b0-8d87-c4d248360881/map-previews/7e5c1a90-2b4d-4f68-9c3a-1d8e6f0b2a55.webp?v=1758,YES,YES,YES,NOT_DISPLAYED,,/home/ubuntu/browser_html/worldos_cc_maps_1787653893171.html
全部,1141,日本高中模拟器2018,martina belen lai,/zh-cn/worlds/japanese-high-k7cb,/worlds/japanese-high-k7cb,YES,https://qunsyxsdbqpinxyjqrqp.supabase.co/storage/v1/object/public/covers/6d0cdd49-7cbe-49b0-8d87-c4d248360881/map-previews/7e5c1a90-2b4d-4f68-9c3a-1d8e6f0b2a55.webp?v=1758,YES,YES,YES,NOT_DISPLAYED,,/home/ubuntu/browser_html/worldos_cc_maps_1787653893171.html
全部,1142,冰与火之歌：长冬纪元,ztlllll,/zh-cn/worlds/bing-yu-huo-zhi-ge-chang-dong-ji-yuan-ne-g31i,/worlds/bing-yu-huo-zhi-ge-chang-dong-ji-yuan-ne-g31i,YES,https://qunsyxsdbqpinxyjqrqp.supabase.co/storage/v1/object/public/covers/9d999996-f578-4276-922d-d1128b971ed4/map-previews/20391327-f7b2-4039-be41-87e9dc1dbfd7.webp?v=20590,YES,YES,YES,NOT_DISPLAYED,,/home/ubuntu/browser_html/worldos_cc_maps_1787653893171.html
全部,1143,博人传：新时代,Chismiexe,/zh-cn/worlds/boruto-next-generations-b2i1,/worlds/boruto-next-generations-b2i1,YES,https://qunsyxsdbqpinxyjqrqp.supabase.co/storage/v1/object/public/covers/ec22f623-3a36-4663-8c3e-951efe1341a6/map-previews/f195f229-5ffb-4d61-94d2-c976d1907ed7.webp?v=8218,YES,YES,YES,NOT_DISPLAYED,,/home/ubuntu/browser_html/worldos_cc_maps_1787653893171.html
全部,1144,日本高中模拟器2018,Joicho,/zh-cn/worlds/japanese-high-23t4,/worlds/japanese-high-23t4,YES,https://qunsyxsdbqpinxyjqrqp.supabase.co/storage/v1/object/public/covers/6d0cdd49-7cbe-49b0-8d87-c4d248360881/map-previews/7e5c1a90-2b4d-4f68-9c3a-1d8e6f0b2a55.webp?v=1758,YES,YES,YES,NOT_DISPLAYED,,/home/ubuntu/browser_html/worldos_cc_maps_1787653893171.html
全部,1145,日本高中模拟器2018,Noober666,/zh-cn/worlds/japanese-high-io0k,/worlds/japanese-high-io0k,YES,https://qunsyxsdbqpinxyjqrqp.supabase.co/storage/v1/object/public/covers/6d0cdd49-7cbe-49b0-8d87-c4d248360881/map-previews/7e5c1a90-2b4d-4f68-9c3a-1d8e6f0b2a55.webp?v=1758,YES,YES,YES,NOT_DISPLAYED,,/home/ubuntu/browser_html/worldos_cc_maps_1787653893171.html
全部,1146,日本高中模拟器2018,Go kitty go!,/zh-cn/worlds/japanese-high-5214,/worlds/japanese-high-5214,YES,https://qunsyxsdbqpinxyjqrqp.supabase.co/storage/v1/object/public/covers/6d0cdd49-7cbe-49b0-8d87-c4d248360881/map-previews/7e5c1a90-2b4d-4f68-9c3a-1d8e6f0b2a55.webp?v=1758,YES,YES,YES,NOT_DISPLAYED,,/home/ubuntu/browser_html/worldos_cc_maps_1787653893171.html
全部,1147,樱花高中的爱与恨,lix,/zh-cn/worlds/love-and-hate-at-sakura-high-2liw,/worlds/love-and-hate-at-sakura-high-2liw,YES,https://qunsyxsdbqpinxyjqrqp.supabase.co/storage/v1/object/public/covers/1287e215-5809-49c0-b389-d444c5079a34/map-previews/6f012df0-ca7d-4172-8e21-1a02a172af17.webp?v=1668,YES,YES,YES,NOT_DISPLAYED,,/home/ubuntu/browser_html/worldos_cc_maps_1787653893171.html
全部,1148,樱花高中的爱与恨,lix,/zh-cn/worlds/love-and-hate-at-sakura-high-er2k,/worlds/love-and-hate-at-sakura-high-er2k,YES,https://qunsyxsdbqpinxyjqrqp.supabase.co/storage/v1/object/public/covers/1287e215-5809-49c0-b389-d444c5079a34/map-previews/6f012df0-ca7d-4172-8e21-1a02a172af17.webp?v=1668,YES,YES,YES,NOT_DISPLAYED,,/home/ubuntu/browser_html/worldos_cc_maps_1787653893171.html
全部,1149,日本高中模拟器2018,Go kitty go!,/zh-cn/worlds/japanese-high-mdzm,/worlds/japanese-high-mdzm,YES,https://qunsyxsdbqpinxyjqrqp.supabase.co/storage/v1/object/public/covers/6d0cdd49-7cbe-49b0-8d87-c4d248360881/map-previews/7e5c1a90-2b4d-4f68-9c3a-1d8e6f0b2a55.webp?v=1758,YES,YES,YES,NOT_DISPLAYED,,/home/ubuntu/browser_html/worldos_cc_maps_1787653893171.html
全部,1150,樱花高中的爱与恨,Min Yoongi,/zh-cn/worlds/love-and-hate-at-sakura-high-xnwu,/worlds/love-and-hate-at-sakura-high-xnwu,YES,https://qunsyxsdbqpinxyjqrqp.supabase.co/storage/v1/object/public/covers/1287e215-5809-49c0-b389-d444c5079a34/map-previews/6f012df0-ca7d-4172-8e21-1a02a172af17.webp?v=1668,YES,YES,YES,NOT_DISPLAYED,,/home/ubuntu/browser_html/worldos_cc_maps_1787653893171.html
全部,1151,日本高中模拟器2018,Aillyn Gomez,/zh-cn/worlds/japanese-high-75p9,/worlds/japanese-high-75p9,YES,https://qunsyxsdbqpinxyjqrqp.supabase.co/storage/v1/object/public/covers/6d0cdd49-7cbe-49b0-8d87-c4d248360881/map-previews/7e5c1a90-2b4d-4f68-9c3a-1d8e6f0b2a55.webp?v=1758,YES,YES,YES,NOT_DISPLAYED,,/home/ubuntu/browser_html/worldos_cc_maps_1787653893171.html
全部,1152,日本高中模拟器2018,SunRexYT777,/zh-cn/worlds/japanese-high-w0ss,/worlds/japanese-high-w0ss,YES,https://qunsyxsdbqpinxyjqrqp.supabase.co/storage/v1/object/public/covers/6d0cdd49-7cbe-49b0-8d87-c4d248360881/map-previews/7e5c1a90-2b4d-4f68-9c3a-1d8e6f0b2a55.webp?v=1758,YES,YES,YES,NOT_DISPLAYED,,/home/ubuntu/browser_html/worldos_cc_maps_1787653893171.html
全部,1153,日本高中模拟器2018,Angel Brooks,/zh-cn/worlds/japanese-high-gt54,/worlds/japanese-high-gt54,YES,https://qunsyxsdbqpinxyjqrqp.supabase.co/storage/v1/object/public/covers/6d0cdd49-7cbe-49b0-8d87-c4d248360881/map-previews/7e5c1a90-2b4d-4f68-9c3a-1d8e6f0b2a55.webp?v=1758,YES,YES,YES,NOT_DISPLAYED,,/home/ubuntu/browser_html/worldos_cc_maps_1787653893171.html
全部,1154,日本高中模拟器2018,MonikaLover,/zh-cn/worlds/japanese-high-dms2,/worlds/japanese-high-dms2,YES,https://qunsyxsdbqpinxyjqrqp.supabase.co/storage/v1/object/public/covers/6d0cdd49-7cbe-49b0-8d87-c4d248360881/map-previews/7e5c1a90-2b4d-4f68-9c3a-1d8e6f0b2a55.webp?v=1758,YES,YES,YES,NOT_DISPLAYED,,/home/ubuntu/browser_html/worldos_cc_maps_1787653893171.html
全部,1155,日本高中模拟器2018,Agustine,/zh-cn/worlds/japanese-high-seph,/worlds/japanese-high-seph,YES,https://qunsyxsdbqpinxyjqrqp.supabase.co/storage/v1/object/public/covers/6d0cdd49-7cbe-49b0-8d87-c4d248360881/map-previews/7e5c1a90-2b4d-4f68-9c3a-1d8e6f0b2a55.webp?v=1758,YES,YES,YES,NOT_DISPLAYED,,/home/ubuntu/browser_html/worldos_cc_maps_1787653893171.html
全部,1156,日本高中模拟器2018,Neycer Vera,/zh-cn/worlds/japanese-high-eweq,/worlds/japanese-high-eweq,YES,https://qunsyxsdbqpinxyjqrqp.supabase.co/storage/v1/object/public/covers/6d0cdd49-7cbe-49b0-8d87-c4d248360881/map-previews/7e5c1a90-2b4d-4f68-9c3a-1d8e6f0b2a55.webp?v=1758,YES,YES,YES,NOT_DISPLAYED,,/home/ubuntu/browser_html/worldos_cc_maps_1787653893171.html
全部,1157,日本高中模拟器2018,Mel-20235e,/zh-cn/worlds/japanese-high-gt5j,/worlds/japanese-high-gt5j,YES,https://qunsyxsdbqpinxyjqrqp.supabase.co/storage/v1/object/public/covers/6d0cdd49-7cbe-49b0-8d87-c4d248360881/map-previews/7e5c1a90-2b4d-4f68-9c3a-1d8e6f0b2a55.webp?v=1758,YES,YES,YES,NOT_DISPLAYED,,/home/ubuntu/browser_html/worldos_cc_maps_1787653893171.html
全部,1158,Wind Breaker: El Simulador de Delincuentes de Furin,Mel-20235e,/zh-cn/worlds/wind-breaker-el-simulador-de-delincuente-gz0k,/worlds/wind-breaker-el-simulador-de-delincuente-gz0k,YES,https://qunsyxsdbqpinxyjqrqp.supabase.co/storage/v1/object/public/covers/6d0cdd49-7cbe-49b0-8d87-c4d248360881/map-previews/7e5c1a90-2b4d-4f68-9c3a-1d8e6f0b2a55.webp?v=1758,YES,YES,YES,NOT_DISPLAYED,,/home/ubuntu/browser_html/worldos_cc_maps_1787653893171.html
全部,1159,日本高中模拟器2018,mery angela,/zh-cn/worlds/japanese-high-w9wx,/worlds/japanese-high-w9wx,YES,https://qunsyxsdbqpinxyjqrqp.supabase.co/storage/v1/object/public/covers/6d0cdd49-7cbe-49b0-8d87-c4d248360881/map-previews/7e5c1a90-2b4d-4f68-9c3a-1d8e6f0b2a55.webp?v=1758,YES,YES,YES,NOT_DISPLAYED,,/home/ubuntu/browser_html/worldos_cc_maps_1787653893171.html
全部,1160,High School Simulator 2018: El Simulador de la Secundaria,Chuo iib,/zh-cn/worlds/high-school-simulator-2018-el-simulador-73k8,/worlds/high-school-simulator-2018-el-simulador-73k8,YES,https://qunsyxsdbqpinxyjqrqp.supabase.co/storage/v1/object/public/covers/6da5aa12-bf6e-4e78-95c5-25e839a9fe63/map-previews/ecc8be3f-c27e-4946-a99d-b76f9030061d.webp?v=1758,YES,YES,YES,NOT_DISPLAYED,,/home/ubuntu/browser_html/worldos_cc_maps_1787653893171.html
全部,1161,日本高中模拟器2018,Mariana Jimenez,/zh-cn/worlds/japanese-high-7e1z,/worlds/japanese-high-7e1z,YES,https://qunsyxsdbqpinxyjqrqp.supabase.co/storage/v1/object/public/covers/6d0cdd49-7cbe-49b0-8d87-c4d248360881/map-previews/7e5c1a90-2b4d-4f68-9c3a-1d8e6f0b2a55.webp?v=1758,YES,YES,YES,NOT_DISPLAYED,,/home/ubuntu/browser_html/worldos_cc_maps_1787653893171.html
全部,1162,日本高中模拟器2018,Yukio _Meowgore,/zh-cn/worlds/japanese-high-pt99,/worlds/japanese-high-pt99,YES,https://qunsyxsdbqpinxyjqrqp.supabase.co/storage/v1/object/public/covers/6d0cdd49-7cbe-49b0-8d87-c4d248360881/map-previews/7e5c1a90-2b4d-4f68-9c3a-1d8e6f0b2a55.webp?v=1758,YES,YES,YES,NOT_DISPLAYED,,/home/ubuntu/browser_html/worldos_cc_maps_1787653893171.html
全部,1163,以色列总理模拟器,buranenergiya,/zh-cn/worlds/yi-se-lie-zong-li-mo-ni-qi-1cax,/worlds/yi-se-lie-zong-li-mo-ni-qi-1cax,YES,https://qunsyxsdbqpinxyjqrqp.supabase.co/storage/v1/object/public/covers/e007fee4-bc9a-4758-84fc-e1d3049a3cf6/map-previews/307ba7d5-1c86-4136-b00b-2b3caefe5ee9.webp?v=17510,YES,YES,YES,NOT_DISPLAYED,,/home/ubuntu/browser_html/worldos_cc_maps_1787653893171.html
全部,1164,日本高中模拟器2018,Renato-f6fb96,/zh-cn/worlds/japanese-high-jh38,/worlds/japanese-high-jh38,YES,https://qunsyxsdbqpinxyjqrqp.supabase.co/storage/v1/object/public/covers/6d0cdd49-7cbe-49b0-8d87-c4d248360881/map-previews/7e5c1a90-2b4d-4f68-9c3a-1d8e6f0b2a55.webp?v=1758,YES,YES,YES,NOT_DISPLAYED,,/home/ubuntu/browser_html/worldos_cc_maps_1787653893171.html
全部,1165,日本高中模拟器2018,Tryrud,/zh-cn/worlds/japanese-high-xa25,/worlds/japanese-high-xa25,YES,https://qunsyxsdbqpinxyjqrqp.supabase.co/storage/v1/object/public/covers/6d0cdd49-7cbe-49b0-8d87-c4d248360881/map-previews/7e5c1a90-2b4d-4f68-9c3a-1d8e6f0b2a55.webp?v=1758,YES,YES,YES,NOT_DISPLAYED,,/home/ubuntu/browser_html/worldos_cc_maps_1787653893171.html
全部,1166,日本高中模拟器2018,Hayastx,/zh-cn/worlds/japanese-high-ijze,/worlds/japanese-high-ijze,YES,https://qunsyxsdbqpinxyjqrqp.supabase.co/storage/v1/object/public/covers/6d0cdd49-7cbe-49b0-8d87-c4d248360881/map-previews/7e5c1a90-2b4d-4f68-9c3a-1d8e6f0b2a55.webp?v=1758,YES,YES,YES,NOT_DISPLAYED,,/home/ubuntu/browser_html/worldos_cc_maps_1787653893171.html
全部,1167,日本高中模拟器2018,2736534500,/zh-cn/worlds/japanese-high-u5gi,/worlds/japanese-high-u5gi,YES,https://qunsyxsdbqpinxyjqrqp.supabase.co/storage/v1/object/public/covers/6d0cdd49-7cbe-49b0-8d87-c4d248360881/map-previews/7e5c1a90-2b4d-4f68-9c3a-1d8e6f0b2a55.webp?v=1758,YES,YES,YES,NOT_DISPLAYED,,/home/ubuntu/browser_html/worldos_cc_maps_1787653893171.html
全部,1168,日本高中模拟器2018,niiyun28,/zh-cn/worlds/japanese-high-mxah,/worlds/japanese-high-mxah,YES,https://qunsyxsdbqpinxyjqrqp.supabase.co/storage/v1/object/public/covers/6d0cdd49-7cbe-49b0-8d87-c4d248360881/map-previews/7e5c1a90-2b4d-4f68-9c3a-1d8e6f0b2a55.webp?v=1758,YES,YES,YES,NOT_DISPLAYED,,/home/ubuntu/browser_html/worldos_cc_maps_1787653893171.html
全部,1169,维多利亚吸血鬼模拟器,Iara Cabrera,/zh-cn/worlds/crimson-4m2s,/worlds/crimson-4m2s,YES,https://qunsyxsdbqpinxyjqrqp.supabase.co/storage/v1/object/public/covers/6d0cdd49-7cbe-49b0-8d87-c4d248360881/map-previews/99999999-9999-9999-9999-999999999999.webp?v=928,YES,YES,YES,NOT_DISPLAYED,,/home/ubuntu/browser_html/worldos_cc_maps_1787653893171.html
全部,1170,博人传：新时代,Themaris,/zh-cn/worlds/boruto-next-generations-khx7,/worlds/boruto-next-generations-khx7,YES,https://qunsyxsdbqpinxyjqrqp.supabase.co/storage/v1/object/public/covers/ec22f623-3a36-4663-8c3e-951efe1341a6/map-previews/f195f229-5ffb-4d61-94d2-c976d1907ed7.webp?v=8218,YES,YES,YES,NOT_DISPLAYED,,/home/ubuntu/browser_html/worldos_cc_maps_1787653893171.html
全部,1171,博人传：新时代,Themaris,/zh-cn/worlds/boruto-next-generations-myxe,/worlds/boruto-next-generations-myxe,YES,https://qunsyxsdbqpinxyjqrqp.supabase.co/storage/v1/object/public/covers/ec22f623-3a36-4663-8c3e-951efe1341a6/map-previews/f195f229-5ffb-4d61-94d2-c976d1907ed7.webp?v=8218,YES,YES,YES,NOT_DISPLAYED,,/home/ubuntu/browser_html/worldos_cc_maps_1787653893171.html
全部,1172,美国高中,263008947,/zh-cn/worlds/mei-guo-gao-zhong-14pt,/worlds/mei-guo-gao-zhong-14pt,YES,https://qunsyxsdbqpinxyjqrqp.supabase.co/storage/v1/object/public/covers/0cb7b424-3f7a-4971-ab08-d7d28aeb7f1b/map-previews/fd78517b-132c-409d-84c0-7003712070f5.webp?v=1084,YES,YES,YES,NOT_DISPLAYED,,/home/ubuntu/browser_html/worldos_cc_maps_1787653893171.html
全部,1173,日本高中模拟器2018,_B1LLESH_,/zh-cn/worlds/japanese-high-xnjw,/worlds/japanese-high-xnjw,YES,https://qunsyxsdbqpinxyjqrqp.supabase.co/storage/v1/object/public/covers/6d0cdd49-7cbe-49b0-8d87-c4d248360881/map-previews/7e5c1a90-2b4d-4f68-9c3a-1d8e6f0b2a55.webp?v=1758,YES,YES,YES,NOT_DISPLAYED,,/home/ubuntu/browser_html/worldos_cc_maps_1787653893171.html
全部,1174,博人传：新时代,Chismiexe,/zh-cn/worlds/boruto-next-generations-vc40,/worlds/boruto-next-generations-vc40,YES,https://qunsyxsdbqpinxyjqrqp.supabase.co/storage/v1/object/public/covers/ec22f623-3a36-4663-8c3e-951efe1341a6/map-previews/f195f229-5ffb-4d61-94d2-c976d1907ed7.webp?v=8218,YES,YES,YES,NOT_DISPLAYED,,/home/ubuntu/browser_html/worldos_cc_maps_1787653893171.html
全部,1175,日本高中模拟器2018,Quackity,/zh-cn/worlds/japanese-high-aco4,/worlds/japanese-high-aco4,YES,https://qunsyxsdbqpinxyjqrqp.supabase.co/storage/v1/object/public/covers/9cc7bead-d1db-4632-8c74-35ff4efa51eb/map-previews/09b54aeb-0cdd-4b29-82c5-edef122629cf.webp?v=1860,YES,YES,YES,NOT_DISPLAYED,,/home/ubuntu/browser_html/worldos_cc_maps_1787653893171.html
全部,1176,日本高中模拟器2018,_B1LLESH_,/zh-cn/worlds/japanese-high-783e,/worlds/japanese-high-783e,YES,https://qunsyxsdbqpinxyjqrqp.supabase.co/storage/v1/object/public/covers/6d0cdd49-7cbe-49b0-8d87-c4d248360881/map-previews/7e5c1a90-2b4d-4f68-9c3a-1d8e6f0b2a55.webp?v=1758,YES,YES,YES,NOT_DISPLAYED,,/home/ubuntu/browser_html/worldos_cc_maps_1787653893171.html
全部,1177,日本高中模拟器2018,Celeste-13709d,/zh-cn/worlds/japanese-high-jmbg,/worlds/japanese-high-jmbg,YES,https://qunsyxsdbqpinxyjqrqp.supabase.co/storage/v1/object/public/covers/13709d93-3037-4716-8ab1-8af943fa1ddc/map-previews/6d985626-e183-43ee-8fc7-0cf1fa123fe6.webp?v=1758,YES,YES,YES,NOT_DISPLAYED,,/home/ubuntu/browser_html/worldos_cc_maps_1787653893171.html
全部,1178,博人传：新时代,Chismiexe,/zh-cn/worlds/boruto-next-generations-38ef,/worlds/boruto-next-generations-38ef,YES,https://qunsyxsdbqpinxyjqrqp.supabase.co/storage/v1/object/public/covers/ec22f623-3a36-4663-8c3e-951efe1341a6/map-previews/f195f229-5ffb-4d61-94d2-c976d1907ed7.webp?v=8218,YES,YES,YES,NOT_DISPLAYED,,/home/ubuntu/browser_html/worldos_cc_maps_1787653893171.html
全部,1179,末日生存庇护所,Fuego Sangre,/zh-cn/worlds/wasteland-shelter-s278,/worlds/wasteland-shelter-s278,YES,https://qunsyxsdbqpinxyjqrqp.supabase.co/storage/v1/object/public/covers/85f8e63b-feb2-4529-82a2-7ed3ca47795c/map-previews/bae14e66-5551-4f42-9fac-184d1df31b97.webp?v=1476,YES,YES,YES,NOT_DISPLAYED,,/home/ubuntu/browser_html/worldos_cc_maps_1787653893171.html
全部,1180,博人传：新时代,Chismiexe,/zh-cn/worlds/boruto-next-generations-x4qz,/worlds/boruto-next-generations-x4qz,YES,https://qunsyxsdbqpinxyjqrqp.supabase.co/storage/v1/object/public/covers/ec22f623-3a36-4663-8c3e-951efe1341a6/map-previews/f195f229-5ffb-4d61-94d2-c976d1907ed7.webp?v=8218,YES,YES,YES,NOT_DISPLAYED,,/home/ubuntu/browser_html/worldos_cc_maps_1787653893171.html
全部,1181,博人传：新时代,Chismiexe,/zh-cn/worlds/boruto-next-generations-wg2o,/worlds/boruto-next-generations-wg2o,YES,https://qunsyxsdbqpinxyjqrqp.supabase.co/storage/v1/object/public/covers/ec22f623-3a36-4663-8c3e-951efe1341a6/map-previews/f195f229-5ffb-4d61-94d2-c976d1907ed7.webp?v=8218,YES,YES,YES,NOT_DISPLAYED,,/home/ubuntu/browser_html/worldos_cc_maps_1787653893171.html
